customer_id,customer_name,gender,age,city,province,signup_date,acquisition_channel
CUST-0001,Cahya Wijaya,Female,30,Jakarta,DKI Jakarta,2022-12-16,Referral
CUST-0002,Omar Marliana,Female,28,Semarang,Jawa Tengah,2024-07-15,Organic Social
CUST-0003,Fajar Handoko,Female,26,Medan,Sumatera Utara,2022-10-21,Instagram Ads
CUST-0004,Zaki Gunawan,Female,45,jakarta,DKI Jakarta,2023-12-22,Instagram Ads
CUST-0005,Putri Kusuma,Male,24,Bandung,Jawa Barat,2022-10-25,TikTok Ads
CUST-0006,Anwar Wijaya,Female,29,Bandung,Jawa Barat,2025-07-15,Instagram Ads
CUST-0007,Laras Marliana,Female,21,Jakarta,DKI Jakarta,2024-03-08,Referral
CUST-0008,Rangga Halim,Female,39,Jakarta,DKI Jakarta,2025-03-19,Instagram Ads
CUST-0009,Ayu Gunawan,Male,32,Medan,Sumatera Utara,2023-11-21,Instagram Ads
CUST-0010,Hana Halim,Female,43,Solo,Jawa Tengah,2025-04-09,Google Search
CUST-0011,Endah Rahayu,Male,31,Depok,Jawa Barat,2024-10-12,Instagram Ads
CUST-0012,Jihan Darmawan,Male,22,Semarang,Jawa Tengah,2022-06-24,Instagram Ads
CUST-0013,Wulan Marliana,Female,24,Makassar,Sulawesi Selatan,2023-01-15,Referral
CUST-0014,Umar Prakoso,Female,22,Balikpapan,Kalimantan Timur,2023-06-01,Google Search
CUST-0015,Anwar Kurniawan,Female,24,Makassar,Sulawesi Selatan,2023-04-10,TikTok Ads
CUST-0016,Hilda Prakoso,Female,22,Jakarta,DKI Jakarta,2024-03-25,Organic Social
CUST-0017,Galih Prakoso,Male,21,Jakarta,DKI Jakarta,2023-10-07,Instagram Ads
CUST-0018,Kartika Hidayat,Female,34,Bekasi,Jawa Barat,2023-02-13,TikTok Ads
CUST-0019,Maya Cahyani,Male,43,Medan,Sumatera Utara,2023-08-08,TikTok Ads
CUST-0020,Putri Utami,Female,35,Solo,Jawa Tengah,2024-07-04,Instagram Ads
CUST-0021,Vero Firmansyah,Female,26,Jakarta,DKI Jakarta,2025-07-09,Instagram Ads
CUST-0022,Sari Ramadhan,Male,21,Jakarta,DKI Jakarta,2022-08-04,TikTok Ads
CUST-0023,Cahya Maulana,Female,26,Semarang,Jawa Tengah,2025-08-13,Instagram Ads
CUST-0024,Wulan Wijaya,Female,32,Jakarta,DKI Jakarta,2024-10-30,Referral
CUST-0025,Guntur Nugroho,Female,42,Solo,Jawa Tengah,2022-12-19,Instagram Ads
CUST-0026,Putri Handoko,Female,24,Jakarta,DKI Jakarta,2024-12-05,Marketplace
CUST-0027,Erik Pratama,Female,39,Surabaya,Jawa Timur,2025-07-02,Marketplace
CUST-0028,Guntur Wibowo,Female,34,Bandar Lampung,Lampung,2023-09-28,Marketplace
CUST-0029,Beni Anggraini,Male,27,Jakarta,DKI Jakarta,2022-06-05,Instagram Ads
CUST-0030,Tono Saputra,Male,34,Tangerang,Banten,2025-07-13,Marketplace
CUST-0031,Mega Suryadi,Female,29,Medan,Sumatera Utara,2025-06-15,TikTok Ads
CUST-0032,Lukman Santoso,Female,35,Bogor,Jawa Barat,2023-04-19,Google Search
CUST-0033,Nadia Wijaya,Female,37,Denpasar,Bali,2023-09-25,Google Search
CUST-0034,Nanda Ramadhan,Female,29,Surabaya,Jawa Timur,2025-09-08,Referral
CUST-0035,Vina Kurniawan,Female,39,jakarta,DKI Jakarta,2024-08-19,Referral
CUST-0036,Eka Setiawan,Male,37,Jakarta,DKI Jakarta,2024-12-25,Instagram Ads
CUST-0037,Kartika Anggraini,Male,26,Bandung,Jawa Barat,2024-05-15,Organic Social
CUST-0038,Kevin Ramadhan,Female,45,Tangerang,Banten,2025-05-19,Instagram Ads
CUST-0039,Joko Hidayat,Female,22,Malang,Jawa Timur,2023-11-24,Instagram Ads
CUST-0040,Hesti Suryadi,Female,39,Jakarta,DKI Jakarta,2024-05-03,Instagram Ads
CUST-0041,Cindy Pratama,Female,32,Palembang,Sumatera Selatan,2022-09-13,TikTok Ads
CUST-0042,Citra Setiawan,Female,33,Jakarta,DKI Jakarta,2023-11-19,Instagram Ads
CUST-0043,Krisna Halim,Female,45,Unknown,DKI Jakarta,2023-04-02,TikTok Ads
CUST-0044,Cindy Marliana,Male,44,Jakarta,DKI Jakarta,2024-06-16,TikTok Ads
CUST-0045,Bayu Hartono,Female,36,Denpasar,Bali,2022-12-28,Referral
CUST-0046,Hilda Maulana,Male,44,Bandar Lampung,Lampung,2023-09-28,Instagram Ads
CUST-0047,Guntur Sukmawati,Male,32,Tangerang,Banten,2024-04-11,Organic Social
CUST-0048,Oki Saputra,Female,20,Bandung,Jawa Barat,2023-01-08,Organic Social
CUST-0049,Sinta Saputra,Male,26,Yogyakarta,DI Yogyakarta,2024-02-16,TikTok Ads
CUST-0050,Hesti Wibowo,Male,27,Bandung,Jawa Barat,2022-10-21,Referral
CUST-0051,Rangga Kusuma,Male,22,Bogor,Jawa Barat,2024-04-09,Google Search
CUST-0052,Beni Lestari,Female,32,Solo,Jawa Tengah,2022-08-18,TikTok Ads
CUST-0053,Cindy Cahyani,Female,37,Solo,Jawa Tengah,2023-01-23,TikTok Ads
CUST-0054,Maya Gunawan,Male,42,Semarang,Jawa Tengah,2025-06-07,TikTok Ads
CUST-0055,Wulan Marliana,Male,40,Pekanbaru,Riau,2024-04-07,TikTok Ads
CUST-0056,Indra Saputra,Female,41,Bandung,Jawa Barat,2024-09-14,TikTok Ads
CUST-0057,Erik Pratama,Male,28,Pekanbaru,Riau,2023-05-23,TikTok Ads
CUST-0058,Doni Ramadhan,Male,29,Jakarta,DKI Jakarta,2025-08-31,Instagram Ads
CUST-0059,Prita Hartono,Male,28,Yogyakarta,DI Yogyakarta,2023-05-14,TikTok Ads
CUST-0060,Joko Pratama,Male,26,Depok,Jawa Barat,2023-09-25,Instagram Ads
CUST-0061,Vero Cahyani,Female,39,Solo,Jawa Tengah,2022-10-28,TikTok Ads
CUST-0062,Guntur Darmawan,Male,19,Surabaya,Jawa Timur,2023-03-30,Organic Social
CUST-0063,Dewi Setiawan,Female,41,Bekasi,Jawa Barat,2023-08-23,Instagram Ads
CUST-0064,Krisna Hartono,Female,33,Bogor,Jawa Barat,2024-12-21,TikTok Ads
CUST-0065,Citra Prakoso,Male,42,Bekasi,Jawa Barat,2024-11-23,Marketplace
CUST-0066,Zahra Utami,Male,34,Surabaya,Jawa Timur,2023-04-22,Organic Social
CUST-0067,Eka Cahyani,Female,26,Unknown,Jawa Barat,2025-05-03,Instagram Ads
CUST-0068,Oki Wibowo,Male,21,Bandung,Jawa Barat,2024-03-16,Referral
CUST-0069,Bayu Wijaya,Female,29,Tangerang,Banten,2022-10-10,Instagram Ads
CUST-0070,Zahra Purnama,Male,19,Surabaya,Jawa Timur,2025-09-09,TikTok Ads
CUST-0071,Erik Maulana,Female,31,Jakarta,DKI Jakarta,2024-05-21,TikTok Ads
CUST-0072,Bagus Wibowo,Female,27,Tangerang,Banten,2023-08-26,TikTok Ads
CUST-0073,Indra Hartono,Male,45,Denpasar,Bali,2024-09-06,TikTok Ads
CUST-0074,Indra Handoko,Male,21,Palembang,Sumatera Selatan,2025-07-30,TikTok Ads
CUST-0075,Zahra Marliana,Female,33,Jakarta,DKI Jakarta,2024-07-16,TikTok Ads
CUST-0076,Yoga Setiawan,Female,21,Bekasi,Jawa Barat,2024-10-11,Instagram Ads
CUST-0077,Cindy Darmawan,Male,43,Pekanbaru,Riau,2023-09-03,Instagram Ads
CUST-0078,Sinta Nugroho,Male,26,Bandung,Jawa Barat,2022-07-12,Google Search
CUST-0079,Yoga Cahyani,Male,24,Unknown,DKI Jakarta,2023-11-07,Instagram Ads
CUST-0080,Laras Ramadhan,Female,19,Depok,Jawa Barat,2024-02-28,Marketplace
CUST-0081,Putri Nugroho,Female,41,Surabaya,Jawa Timur,2023-07-12,Referral
CUST-0082,Yuni Setiawan,Male,37,bandung,Jawa Barat,2023-02-03,TikTok Ads
CUST-0083,Dinda Suryadi,Male,19,Surabaya,Jawa Timur,2025-04-02,Instagram Ads
CUST-0084,Ivan Firmansyah,Male,32,Balikpapan,Kalimantan Timur,2024-12-28,Instagram Ads
CUST-0085,Wulan Purnama,Male,33,Depok,Jawa Barat,2025-06-07,Instagram Ads
CUST-0086,Endah Purnama,Female,33,Bogor,Jawa Barat,2022-11-25,Google Search
CUST-0087,Nanda Gunawan,Female,29,Surabaya,Jawa Timur,2022-07-29,Organic Social
CUST-0088,Fajar Utami,Female,35,Bandung,Jawa Barat,2023-12-18,Referral
CUST-0089,Doni Yulianti,Male,39,Yogyakarta,DI Yogyakarta,2023-10-06,Instagram Ads
CUST-0090,Zaki Suryadi,Male,28,Bandung,Jawa Barat,2024-09-06,Google Search
CUST-0091,Umar Hidayat,Female,41,Bandung,Jawa Barat,2025-07-02,Instagram Ads
CUST-0092,Ulfa Kusuma,Female,36,Tangerang,Banten,2024-03-08,Instagram Ads
CUST-0093,Tono Nugroho,Male,43,bekasi,Jawa Barat,2023-12-19,Organic Social
CUST-0094,Indra Hidayat,Female,19,Bandung,Jawa Barat,2024-06-09,Instagram Ads
CUST-0095,Zahra Suryadi,Male,23,Jakarta,DKI Jakarta,2024-01-20,Instagram Ads
CUST-0096,Dewi Hidayat,Female,33,Jakarta,DKI Jakarta,2024-01-04,Marketplace
CUST-0097,Taufik Wijaya,Female,21,Yogyakarta,DI Yogyakarta,2022-10-12,Instagram Ads
CUST-0098,Zahra Maulana,Female,26,Depok,Jawa Barat,2024-02-13,Google Search
CUST-0099,Doni Permana,Male,31,Depok,Jawa Barat,2023-09-06,Organic Social
CUST-0100,Yoga Nugroho,Female,20,Solo,Jawa Tengah,2024-02-16,Marketplace
CUST-0101,Lukman Setiawan,Female,21,Jakarta,DKI Jakarta,2023-08-07,Instagram Ads
CUST-0102,Oki Permana,Male,34,Jakarta,DKI Jakarta,2024-12-09,Referral
CUST-0103,Beni Yulianti,Female,26,Tangerang,Banten,2024-12-16,Google Search
CUST-0104,Joko Kurniawan,Female,36,Denpasar,Bali,2023-07-11,Instagram Ads
CUST-0105,Dinda Purnama,Female,28,Jakarta,DKI Jakarta,2022-10-01,Marketplace
CUST-0106,Sari Rahayu,Male,41,surabaya,Jawa Timur,2025-01-15,TikTok Ads
CUST-0107,Rangga Pratama,Male,42,Surabaya,Jawa Timur,2022-08-21,Instagram Ads
CUST-0108,Taufik Prakoso,Male,19,Balikpapan,Kalimantan Timur,2025-08-22,Instagram Ads
CUST-0109,Sari Kusuma,Female,39,Jakarta,DKI Jakarta,2023-05-25,Marketplace
CUST-0110,Wawan Lestari,Male,34,Surabaya,Jawa Timur,2025-03-04,Referral
CUST-0111,Ayu Prakoso,Female,34,Bogor,Jawa Barat,2024-04-06,Referral
CUST-0112,Anwar Wibowo,Female,29,Jakarta,DKI Jakarta,2022-11-28,Organic Social
CUST-0113,Dewi Saputra,Male,36,Bogor,Jawa Barat,2022-06-03,TikTok Ads
CUST-0114,Sari Setiawan,Male,43,Makassar,Sulawesi Selatan,2025-03-17,Instagram Ads
CUST-0115,Putri Cahyani,Female,39,Bandung,Jawa Barat,2025-02-17,Instagram Ads
CUST-0116,Jasmine Nugroho,Female,26,Semarang,Jawa Tengah,2025-07-06,TikTok Ads
CUST-0117,Vero Hidayat,Female,41,Jakarta,DKI Jakarta,2023-04-12,TikTok Ads
CUST-0118,Maya Kurniawan,Female,36,Yogyakarta,DI Yogyakarta,2025-01-23,Google Search
CUST-0119,Farah Maulana,Male,27,Bekasi,Jawa Barat,2023-03-07,TikTok Ads
CUST-0120,Erik Purnama,Male,28,Depok,Jawa Barat,2023-11-30,Google Search
CUST-0121,Krisna Darmawan,Female,34,Denpasar,Bali,2023-04-01,TikTok Ads
CUST-0122,Rizky Utami,Male,41,Yogyakarta,DI Yogyakarta,2024-03-21,Organic Social
CUST-0123,Rizky Wibowo,Male,41,Surabaya,Jawa Timur,2024-03-13,Marketplace
CUST-0124,Mega Lestari,Female,20,Depok,Jawa Barat,2023-04-08,Organic Social
CUST-0125,Joko Maulana,Female,33,Malang,Jawa Timur,2024-11-18,Organic Social
CUST-0126,Ulfa Wibowo,Female,27,Balikpapan,Kalimantan Timur,2022-11-01,Google Search
CUST-0127,Hilda Darmawan,Female,29,Bogor,Jawa Barat,2025-05-28,TikTok Ads
CUST-0128,Oki Sukmawati,Female,40,Semarang,Jawa Tengah,2022-10-19,Instagram Ads
CUST-0129,Bagus Wijaya,Female,41,Solo,Jawa Tengah,2022-12-23,TikTok Ads
CUST-0130,Bayu Purnama,Female,23,Jakarta,DKI Jakarta,2024-06-04,Referral
CUST-0131,Putri Suryadi,Female,31,Jakarta,DKI Jakarta,2023-05-25,Marketplace
CUST-0132,Adit Marliana,Male,33,Jakarta,DKI Jakarta,2024-12-31,Organic Social
CUST-0133,Mega Permana,Female,33,Palembang,Sumatera Selatan,2025-06-24,Google Search
CUST-0134,Rizky Handoko,Female,28,Surabaya,Jawa Timur,2023-10-26,TikTok Ads
CUST-0135,Tono Pratama,Female,28,Jakarta,DKI Jakarta,2025-08-15,Marketplace
CUST-0136,Dewi Kurniawan,Female,40,denpasar,Bali,2023-12-15,Google Search
CUST-0137,Yuni Utami,Male,26,Yogyakarta,DI Yogyakarta,2024-01-08,Google Search
CUST-0138,Umar Yulianti,Male,39,Makassar,Sulawesi Selatan,2023-03-08,TikTok Ads
CUST-0139,Bayu Kusuma,Female,28,Medan,Sumatera Utara,2023-02-25,Instagram Ads
CUST-0140,Rangga Kurniawan,Female,27,Depok,Jawa Barat,2024-06-19,Organic Social
CUST-0141,Endah Santoso,Male,29,Yogyakarta,DI Yogyakarta,2024-01-26,Instagram Ads
CUST-0142,Fajar Yulianti,Male,44,Balikpapan,Kalimantan Timur,2024-08-22,TikTok Ads
CUST-0143,Rangga Purnama,Female,40,Bandung,Jawa Barat,2023-02-09,TikTok Ads
CUST-0144,Omar Marliana,Female,26,Makassar,Sulawesi Selatan,2024-06-30,Marketplace
CUST-0145,Jasmine Cahyani,Male,39,Bandung,Jawa Barat,2023-08-28,TikTok Ads
CUST-0146,Galih Nugroho,Female,20,Surabaya,Jawa Timur,2023-03-14,Instagram Ads
CUST-0147,Yoga Cahyani,Female,30,Malang,Jawa Timur,2023-03-05,Marketplace
CUST-0148,Galih Hartono,Male,39,Surabaya,Jawa Timur,2023-04-13,TikTok Ads
CUST-0149,Putri Handoko,Male,25,Pekanbaru,Riau,2022-08-07,TikTok Ads
CUST-0150,Ayu Hidayat,Female,39,Solo,Jawa Tengah,2024-06-22,Instagram Ads
CUST-0151,Nadia Pratama,Female,25,Jakarta,DKI Jakarta,2024-12-18,Instagram Ads
CUST-0152,Zahra Setiawan,Male,25,Bandung,Jawa Barat,2023-02-13,Instagram Ads
CUST-0153,Nadia Pratama,Female,23,Jakarta,DKI Jakarta,2023-09-21,Instagram Ads
CUST-0154,Sinta Handoko,Female,44,Solo,Jawa Tengah,2023-02-22,Instagram Ads
CUST-0155,Dewi Halim,Male,19,Jakarta,DKI Jakarta,2023-10-01,Referral
CUST-0156,Mega Nugroho,Female,43,Semarang,Jawa Tengah,2022-10-09,TikTok Ads
CUST-0157,Endah Firmansyah,Male,40,Jakarta,DKI Jakarta,2022-08-28,Marketplace
CUST-0158,Galih Cahyani,Male,32,Jakarta,DKI Jakarta,2025-02-05,Marketplace
CUST-0159,Sari Hartono,Female,23,Jakarta,DKI Jakarta,2022-11-13,Google Search
CUST-0160,Endah Rahayu,Female,38,Semarang,Jawa Tengah,2024-03-27,Google Search
CUST-0161,Krisna Sukmawati,Male,39,Jakarta,DKI Jakarta,2023-01-21,Organic Social
CUST-0162,Bayu Sukmawati,Female,45,surabaya,Jawa Timur,2023-09-11,Instagram Ads
CUST-0163,Faisal Santoso,Female,23,Surabaya,Jawa Timur,2023-11-05,Instagram Ads
CUST-0164,Indra Setiawan,Female,42,Jakarta,DKI Jakarta,2024-11-01,Instagram Ads
CUST-0165,Guntur Ramadhan,Female,22,Balikpapan,Kalimantan Timur,2025-07-25,Marketplace
CUST-0166,Gita Purnama,Male,38,Surabaya,Jawa Timur,2022-09-14,TikTok Ads
CUST-0167,Krisna Gunawan,Female,22,Jakarta,DKI Jakarta,2025-02-12,Instagram Ads
CUST-0168,Dinda Hartono,Male,36,Bandung,Jawa Barat,2023-09-07,Google Search
CUST-0169,Sari Pratama,Male,40,Makassar,Sulawesi Selatan,2022-07-24,Instagram Ads
CUST-0170,Guntur Halim,Male,30,tangerang,Banten,2024-02-23,Google Search
CUST-0171,Ivan Saputra,Male,19,Surabaya,Jawa Timur,2023-03-18,TikTok Ads
CUST-0172,Laras Hartono,Female,42,Yogyakarta,DI Yogyakarta,2023-04-19,Instagram Ads
CUST-0173,Sari Anggraini,Male,20,Jakarta,DKI Jakarta,2023-04-19,Google Search
CUST-0174,Hana Gunawan,Female,25,Yogyakarta,DI Yogyakarta,2024-11-22,TikTok Ads
CUST-0175,Ayu Hartono,Female,28,Bandung,Jawa Barat,2025-02-21,Instagram Ads
CUST-0176,Vina Nugroho,Male,43,Jakarta,DKI Jakarta,2023-08-07,Instagram Ads
CUST-0177,Hesti Setiawan,Female,36,Bekasi,Jawa Barat,2023-05-26,Organic Social
CUST-0178,Bagus Anggraini,Female,42,Depok,Jawa Barat,2022-10-26,Marketplace
CUST-0179,Bayu Permana,Female,31,Malang,Jawa Timur,2025-08-23,Instagram Ads
CUST-0180,Ulfa Kurniawan,Female,38,jakarta,DKI Jakarta,2024-03-27,TikTok Ads
CUST-0181,Fajar Wibowo,Female,37,Surabaya,Jawa Timur,2023-01-03,Organic Social
CUST-0182,Prita Nugroho,Female,24,Bekasi,Jawa Barat,2023-08-28,TikTok Ads
CUST-0183,Joko Utami,Female,45,Jakarta,DKI Jakarta,2024-05-16,Instagram Ads
CUST-0184,Eka Kusuma,Male,43,Bandung,Jawa Barat,2023-05-22,Marketplace
CUST-0185,Taufik Kurniawan,Male,43,Makassar,Sulawesi Selatan,2025-01-06,Organic Social
CUST-0186,Doni Santoso,Male,39,Makassar,Sulawesi Selatan,2024-03-23,TikTok Ads
CUST-0187,Umar Anggraini,Male,30,Makassar,Sulawesi Selatan,2023-12-15,TikTok Ads
CUST-0188,Hesti Wibowo,Female,21,Jakarta,DKI Jakarta,2024-01-09,TikTok Ads
CUST-0189,Maya Lestari,Female,44,Semarang,Jawa Tengah,2022-08-24,Google Search
CUST-0190,Wawan Cahyani,Female,44,Yogyakarta,DI Yogyakarta,2022-10-05,Instagram Ads
CUST-0191,Ivan Rahayu,Female,33,Denpasar,Bali,2022-08-20,Google Search
CUST-0192,Nadia Wijaya,Female,43,Surabaya,Jawa Timur,2024-01-01,Organic Social
CUST-0193,Tono Hidayat,Female,36,Denpasar,Bali,2022-10-13,Referral
CUST-0194,Jasmine Gunawan,Female,37,Denpasar,Bali,2023-04-04,TikTok Ads
CUST-0195,Umar Setiawan,Female,41,Denpasar,Bali,2024-08-11,TikTok Ads
CUST-0196,Taufik Kurniawan,Male,45,Depok,Jawa Barat,2023-02-17,TikTok Ads
CUST-0197,Lukman Saputra,Female,19,Denpasar,Bali,2024-10-15,TikTok Ads
CUST-0198,Tono Handoko,Female,23,Bekasi,Jawa Barat,2023-06-29,Organic Social
CUST-0199,Wawan Marliana,Male,35,Semarang,Jawa Tengah,2025-06-10,Referral
CUST-0200,Anwar Hartono,Female,24,Jakarta,DKI Jakarta,2024-07-11,Organic Social
CUST-0201,Putri Anggraini,Female,30,Jakarta,DKI Jakarta,2024-11-13,Google Search
CUST-0202,Cahya Yulianti,Female,26,Bekasi,Jawa Barat,2024-12-06,TikTok Ads
CUST-0203,Endah Darmawan,Male,37,Bogor,Jawa Barat,2024-06-23,Instagram Ads
CUST-0204,Cahya Hartono,Female,24,Surabaya,Jawa Timur,2025-05-16,Instagram Ads
CUST-0205,Vero Handoko,Male,36,Bandung,Jawa Barat,2025-02-09,TikTok Ads
CUST-0206,Hesti Halim,Male,27,Jakarta,DKI Jakarta,2022-11-19,Organic Social
CUST-0207,Bayu Wijaya,Male,30,Jakarta,DKI Jakarta,2023-08-29,TikTok Ads
CUST-0208,Vina Kurniawan,Male,30,Surabaya,Jawa Timur,2024-07-30,Instagram Ads
CUST-0209,Jasmine Prakoso,Male,23,Tangerang,Banten,2024-04-17,TikTok Ads
CUST-0210,Bagus Hidayat,Female,19,bogor,Jawa Barat,2025-01-16,Instagram Ads
CUST-0211,Umar Nugroho,Female,43,Jakarta,DKI Jakarta,2025-05-16,Instagram Ads
CUST-0212,Nadia Setiawan,Female,45,surabaya,Jawa Timur,2024-12-23,Instagram Ads
CUST-0213,Omar Gunawan,Male,28,Semarang,Jawa Tengah,2023-10-09,Instagram Ads
CUST-0214,Ivan Setiawan,Female,30,Surabaya,Jawa Timur,2022-11-23,TikTok Ads
CUST-0215,Rizky Gunawan,Female,34,Solo,Jawa Tengah,2025-07-09,Instagram Ads
CUST-0216,Gita Darmawan,Female,42,Jakarta,DKI Jakarta,2022-10-17,Google Search
CUST-0217,Reza Kusuma,Female,36,Bekasi,Jawa Barat,2023-03-01,Organic Social
CUST-0218,Vero Darmawan,Male,44,Unknown,Bali,2025-02-05,Marketplace
CUST-0219,Vina Kurniawan,Female,25,Jakarta,DKI Jakarta,2023-07-18,TikTok Ads
CUST-0220,Maya Permana,Female,20,Surabaya,Jawa Timur,2025-06-17,TikTok Ads
CUST-0221,Hilda Wibowo,Female,44,Bekasi,Jawa Barat,2024-04-10,Referral
CUST-0222,Galih Gunawan,Female,24,Palembang,Sumatera Selatan,2024-07-31,Marketplace
CUST-0223,Dinda Kusuma,Male,21,Semarang,Jawa Tengah,2022-11-17,TikTok Ads
CUST-0224,Nadia Cahyani,Female,28,Bandung,Jawa Barat,2022-11-11,TikTok Ads
CUST-0225,Yuni Hartono,Female,42,Denpasar,Bali,2024-05-20,Marketplace
CUST-0226,Hesti Yulianti,Female,39,Bandung,Jawa Barat,2022-09-26,Referral
CUST-0227,Doni Wijaya,Female,38,Jakarta,DKI Jakarta,2022-08-03,Instagram Ads
CUST-0228,Joko Ramadhan,Female,37,Jakarta,DKI Jakarta,2024-06-20,TikTok Ads
CUST-0229,Zaki Wibowo,Male,37,Surabaya,Jawa Timur,2024-11-26,TikTok Ads
CUST-0230,Rizky Kurniawan,Female,24,Bandung,Jawa Barat,2023-01-19,Google Search
CUST-0231,Tono Cahyani,Male,25,Bandung,Jawa Barat,2023-11-16,Marketplace
CUST-0232,Irfan Cahyani,Female,21,Yogyakarta,DI Yogyakarta,2023-02-07,TikTok Ads
CUST-0233,Jihan Permana,Male,41,Jakarta,DKI Jakarta,2024-03-16,Organic Social
CUST-0234,Maya Yulianti,Male,35,Bogor,Jawa Barat,2023-05-23,Instagram Ads
CUST-0235,Cahya Setiawan,Female,37,Depok,Jawa Barat,2022-07-24,Instagram Ads
CUST-0236,Ivan Maulana,Female,41,Malang,Jawa Timur,2022-10-13,Referral
CUST-0237,Doni Anggraini,Female,29,Bogor,Jawa Barat,2022-10-30,Referral
CUST-0238,Indra Maulana,Male,24,Bandung,Jawa Barat,2025-07-04,TikTok Ads
CUST-0239,Vina Kurniawan,Female,28,Malang,Jawa Timur,2023-02-10,Referral
CUST-0240,Prita Setiawan,Male,21,Bandung,Jawa Barat,2025-04-28,Instagram Ads
CUST-0241,Mega Halim,Female,39,Makassar,Sulawesi Selatan,2025-05-28,Instagram Ads
CUST-0242,Guntur Pratama,Male,37,Makassar,Sulawesi Selatan,2024-04-22,Instagram Ads
CUST-0243,Bayu Hartono,Female,25,Pekanbaru,Riau,2025-08-25,Google Search
CUST-0244,Cahya Yulianti,Female,28,Yogyakarta,DI Yogyakarta,2025-06-22,Referral
CUST-0245,Faisal Anggraini,Male,24,Bandung,Jawa Barat,2022-10-28,Instagram Ads
CUST-0246,Guntur Gunawan,Male,29,Medan,Sumatera Utara,2024-03-02,Marketplace
CUST-0247,Endah Nugroho,Female,22,Jakarta,DKI Jakarta,2024-06-28,Instagram Ads
CUST-0248,Bayu Utami,Female,31,Bandung,Jawa Barat,2022-12-16,Marketplace
CUST-0249,Zahra Kusuma,Male,42,Palembang,Sumatera Selatan,2024-04-01,TikTok Ads
CUST-0250,Ayu Rahayu,Male,34,Semarang,Jawa Tengah,2025-03-18,TikTok Ads
CUST-0251,Nadia Marliana,Female,20,Jakarta,DKI Jakarta,2025-09-07,Organic Social
CUST-0252,Hilda Hidayat,Female,22,Denpasar,Bali,2024-01-07,Referral
CUST-0253,Maya Gunawan,Female,20,Bekasi,Jawa Barat,2024-06-19,Google Search
CUST-0254,Omar Ramadhan,Female,36,Jakarta,DKI Jakarta,2025-03-29,Google Search
CUST-0255,Krisna Gunawan,Female,44,Jakarta,DKI Jakarta,2022-12-16,Referral
CUST-0256,Indra Cahyani,Female,20,Jakarta,DKI Jakarta,2025-04-08,TikTok Ads
CUST-0257,Kevin Hartono,Female,35,Yogyakarta,DI Yogyakarta,2024-12-22,TikTok Ads
CUST-0258,Jihan Suryadi,Male,35,Surabaya,Jawa Timur,2024-02-03,Referral
CUST-0259,Bayu Purnama,Female,40,Bandung,Jawa Barat,2022-07-05,TikTok Ads
CUST-0260,Beni Darmawan,Male,27,Palembang,Sumatera Selatan,2022-07-25,Google Search
CUST-0261,Wulan Hartono,Male,24,Jakarta,DKI Jakarta,2022-09-14,Organic Social
CUST-0262,Bagus Anggraini,Female,41,Surabaya,Jawa Timur,2023-10-10,TikTok Ads
CUST-0263,Faisal Handoko,Female,43,Jakarta,DKI Jakarta,2023-07-23,Organic Social
CUST-0264,Sinta Suryadi,Female,36,Tangerang,Banten,2023-03-10,TikTok Ads
CUST-0265,Yuni Ramadhan,Female,36,Bandung,Jawa Barat,2023-05-21,Organic Social
CUST-0266,Sari Setiawan,Male,25,tangerang,Banten,2023-11-24,Instagram Ads
CUST-0267,Vero Suryadi,Male,41,Pekanbaru,Riau,2024-01-31,TikTok Ads
CUST-0268,Rizky Marliana,Female,37,Bandung,Jawa Barat,2023-12-13,Marketplace
CUST-0269,Fajar Gunawan,Female,28,Depok,Jawa Barat,2023-03-27,Marketplace
CUST-0270,Kevin Setiawan,Female,45,Denpasar,Bali,2025-02-06,Referral
CUST-0271,Oki Firmansyah,Female,40,Jakarta,DKI Jakarta,2023-10-04,Instagram Ads
CUST-0272,Indra Pratama,Male,22,Jakarta,DKI Jakarta,2024-04-07,Marketplace
CUST-0273,Maya Darmawan,Female,34,Solo,Jawa Tengah,2023-04-20,Marketplace
CUST-0274,Oki Setiawan,Male,21,Bandung,Jawa Barat,2022-09-30,Referral
CUST-0275,Erik Kusuma,Male,24,Unknown,Jawa Barat,2022-08-16,Marketplace
CUST-0276,Guntur Kurniawan,Male,24,Jakarta,DKI Jakarta,2024-08-22,Instagram Ads
CUST-0277,Wawan Permana,Female,22,Jakarta,DKI Jakarta,2024-02-02,TikTok Ads
CUST-0278,Endah Hidayat,Female,23,Makassar,Sulawesi Selatan,2025-05-09,Instagram Ads
CUST-0279,Lukman Pratama,Male,39,Jakarta,DKI Jakarta,2023-04-29,Referral
CUST-0280,Farah Firmansyah,Male,25,Depok,Jawa Barat,2025-08-06,Organic Social
CUST-0281,Lukman Halim,Female,31,Bogor,Jawa Barat,2025-04-21,TikTok Ads
CUST-0282,Sari Lestari,Female,26,Pekanbaru,Riau,2022-06-14,TikTok Ads
CUST-0283,Dewi Ramadhan,Female,30,Unknown,Banten,2022-06-24,Instagram Ads
CUST-0284,Ulfa Nugroho,Male,41,Bandung,Jawa Barat,2024-09-08,Google Search
CUST-0285,Faisal Halim,Male,26,Pekanbaru,Riau,2024-06-22,TikTok Ads
CUST-0286,Zahra Setiawan,Female,36,Solo,Jawa Tengah,2024-07-05,Organic Social
CUST-0287,Fajar Rahayu,Male,38,Bogor,Jawa Barat,2023-10-20,TikTok Ads
CUST-0288,Krisna Marliana,Male,22,Tangerang,Banten,2022-11-07,TikTok Ads
CUST-0289,Taufik Saputra,Female,35,Medan,Sumatera Utara,2023-04-03,Referral
CUST-0290,Hesti Maulana,Female,20,Yogyakarta,DI Yogyakarta,2025-04-11,TikTok Ads
CUST-0291,Ayu Hidayat,Male,28,Jakarta,DKI Jakarta,2025-01-02,Organic Social
CUST-0292,Eka Setiawan,Female,32,Bekasi,Jawa Barat,2025-08-28,Marketplace
CUST-0293,Bayu Kusuma,Male,34,Pekanbaru,Riau,2022-10-20,Referral
CUST-0294,Jasmine Kurniawan,Female,31,Bekasi,Jawa Barat,2024-10-08,TikTok Ads
CUST-0295,Jihan Wibowo,Female,30,Jakarta,DKI Jakarta,2025-06-09,TikTok Ads
CUST-0296,Umar Anggraini,Male,43,Tangerang,Banten,2023-08-31,Referral
CUST-0297,Yuni Halim,Female,26,Semarang,Jawa Tengah,2025-05-25,Instagram Ads
CUST-0298,Anwar Kurniawan,Female,40,Pekanbaru,Riau,2023-01-18,Organic Social
CUST-0299,Nadia Ramadhan,Female,38,Jakarta,DKI Jakarta,2023-07-28,Referral
CUST-0300,Zahra Handoko,Female,26,Jakarta,DKI Jakarta,2022-08-30,Organic Social
CUST-0301,Laras Hartono,Female,42,Jakarta,DKI Jakarta,2024-01-14,Organic Social
CUST-0302,Ivan Utami,Female,23,Depok,Jawa Barat,2023-09-29,TikTok Ads
CUST-0303,Prita Ramadhan,Male,42,Bandung,Jawa Barat,2025-07-15,TikTok Ads
CUST-0304,Ivan Lestari,Male,40,Yogyakarta,DI Yogyakarta,2024-05-06,Referral
CUST-0305,Putri Handoko,Female,43,Surabaya,Jawa Timur,2024-02-05,Instagram Ads
CUST-0306,Bayu Setiawan,Male,20,Bogor,Jawa Barat,2023-03-23,TikTok Ads
CUST-0307,Doni Handoko,Female,39,Surabaya,Jawa Timur,2023-11-05,TikTok Ads
CUST-0308,Nadia Wijaya,Female,31,Semarang,Jawa Tengah,2023-06-26,Organic Social
CUST-0309,Wawan Permana,Female,25,Jakarta,DKI Jakarta,2025-07-19,Marketplace
CUST-0310,Zahra Suryadi,Male,22,Jakarta,DKI Jakarta,2023-06-25,Marketplace
CUST-0311,Anwar Permana,Female,26,Tangerang,Banten,2023-07-24,TikTok Ads
CUST-0312,Galih Anggraini,Female,30,Semarang,Jawa Tengah,2024-06-05,Instagram Ads
CUST-0313,Zaki Lestari,Male,29,Solo,Jawa Tengah,2025-01-17,TikTok Ads
CUST-0314,Kevin Purnama,Male,19,Medan,Sumatera Utara,2023-08-28,Google Search
CUST-0315,Erik Utami,Female,26,Surabaya,Jawa Timur,2023-04-09,TikTok Ads
CUST-0316,Wulan Firmansyah,Female,45,Denpasar,Bali,2024-04-22,Referral
CUST-0317,Lukman Kurniawan,Female,42,Yogyakarta,DI Yogyakarta,2024-05-22,Organic Social
CUST-0318,Dinda Ramadhan,Female,45,Solo,Jawa Tengah,2022-09-29,Instagram Ads
CUST-0319,Joko Pratama,Male,26,Jakarta,DKI Jakarta,2023-03-09,Instagram Ads
CUST-0320,Jasmine Suryadi,Male,40,Yogyakarta,DI Yogyakarta,2022-10-02,Google Search
CUST-0321,Wulan Hidayat,Female,19,Jakarta,DKI Jakarta,2025-05-25,TikTok Ads
CUST-0322,Jasmine Kusuma,Male,40,Bandung,Jawa Barat,2025-03-25,Instagram Ads
CUST-0323,Dinda Gunawan,Female,38,Jakarta,DKI Jakarta,2023-04-01,Instagram Ads
CUST-0324,Ulfa Utami,Male,33,Surabaya,Jawa Timur,2024-07-04,Instagram Ads
CUST-0325,Fajar Wibowo,Male,39,Bogor,Jawa Barat,2022-11-13,TikTok Ads
CUST-0326,Galih Handoko,Male,41,Semarang,Jawa Tengah,2022-09-23,TikTok Ads
CUST-0327,Jasmine Wijaya,Male,22,Bekasi,Jawa Barat,2025-08-02,Instagram Ads
CUST-0328,Taufik Kurniawan,Female,20,Palembang,Sumatera Selatan,2025-08-04,Instagram Ads
CUST-0329,Nanda Purnama,Female,29,semarang,Jawa Tengah,2022-08-07,Instagram Ads
CUST-0330,Putri Purnama,Male,28,Depok,Jawa Barat,2024-08-24,Organic Social
CUST-0331,Beni Cahyani,Female,43,Surabaya,Jawa Timur,2025-06-12,Referral
CUST-0332,Eka Lestari,Female,32,Yogyakarta,DI Yogyakarta,2024-05-09,Google Search
CUST-0333,Sari Yulianti,Male,29,Makassar,Sulawesi Selatan,2024-08-21,Marketplace
CUST-0334,Taufik Purnama,Female,31,Yogyakarta,DI Yogyakarta,2024-05-29,Google Search
CUST-0335,Sari Halim,Male,41,Jakarta,DKI Jakarta,2024-01-26,TikTok Ads
CUST-0336,Fajar Pratama,Male,29,Bekasi,Jawa Barat,2023-04-12,Marketplace
CUST-0337,Doni Setiawan,Female,21,Surabaya,Jawa Timur,2023-12-05,Google Search
CUST-0338,Nadia Yulianti,Female,36,Surabaya,Jawa Timur,2022-07-24,TikTok Ads
CUST-0339,Irfan Setiawan,Female,43,Surabaya,Jawa Timur,2024-01-19,Marketplace
CUST-0340,Indra Hidayat,Female,40,Solo,Jawa Tengah,2025-08-15,TikTok Ads
CUST-0341,Faisal Yulianti,Female,27,Yogyakarta,DI Yogyakarta,2022-10-08,Instagram Ads
CUST-0342,Maya Anggraini,Male,34,Bandung,Jawa Barat,2023-10-19,Instagram Ads
CUST-0343,Guntur Lestari,Female,38,Bandung,Jawa Barat,2024-08-19,TikTok Ads
CUST-0344,Maya Suryadi,Female,38,Surabaya,Jawa Timur,2023-03-06,TikTok Ads
CUST-0345,Laras Yulianti,Female,41,Balikpapan,Kalimantan Timur,2024-03-15,Instagram Ads
CUST-0346,Jihan Kusuma,Female,37,Surabaya,Jawa Timur,2024-08-13,Referral
CUST-0347,Tono Prakoso,Male,25,Semarang,Jawa Tengah,2025-01-01,Referral
CUST-0348,Putri Hidayat,Male,23,Depok,Jawa Barat,2024-09-15,Google Search
CUST-0349,Ayu Setiawan,Female,38,Tangerang,Banten,2024-07-12,TikTok Ads
CUST-0350,Ulfa Marliana,Female,44,Bandar Lampung,Lampung,2024-10-04,Organic Social
CUST-0351,Yuni Kusuma,Female,26,medan,Sumatera Utara,2022-11-22,Google Search
CUST-0352,Citra Nugroho,Male,29,Jakarta,DKI Jakarta,2024-08-27,Instagram Ads
CUST-0353,Laras Utami,Male,36,Bandung,Jawa Barat,2025-04-11,TikTok Ads
CUST-0354,Tono Maulana,Female,19,Surabaya,Jawa Timur,2025-03-21,Marketplace
CUST-0355,Nanda Rahayu,Female,29,Jakarta,DKI Jakarta,2023-03-18,TikTok Ads
CUST-0356,Umar Wijaya,Male,33,Yogyakarta,DI Yogyakarta,2024-11-14,Organic Social
CUST-0357,Kevin Sukmawati,Male,40,Jakarta,DKI Jakarta,2024-05-03,Instagram Ads
CUST-0358,Oki Yulianti,Female,32,Jakarta,DKI Jakarta,2023-04-24,TikTok Ads
CUST-0359,Maya Anggraini,Female,42,Jakarta,DKI Jakarta,2024-11-02,Google Search
CUST-0360,Beni Santoso,Female,43,Surabaya,Jawa Timur,2023-08-14,Google Search
CUST-0361,Hana Hidayat,Female,29,Depok,Jawa Barat,2025-06-04,Referral
CUST-0362,Hana Gunawan,Male,38,Yogyakarta,DI Yogyakarta,2024-03-03,TikTok Ads
CUST-0363,Jasmine Hartono,Male,41,Yogyakarta,DI Yogyakarta,2023-05-20,Google Search
CUST-0364,Zaki Cahyani,Female,28,Denpasar,Bali,2024-03-03,Instagram Ads
CUST-0365,Prita Setiawan,Female,32,Surabaya,Jawa Timur,2023-03-10,Referral
CUST-0366,Lukman Lestari,Female,34,denpasar,Bali,2023-05-21,Organic Social
CUST-0367,Dinda Wibowo,Male,34,Makassar,Sulawesi Selatan,2024-06-05,Marketplace
CUST-0368,Erik Anggraini,Female,34,Semarang,Jawa Tengah,2025-03-10,TikTok Ads
CUST-0369,Sari Utami,Male,26,Jakarta,DKI Jakarta,2022-08-03,TikTok Ads
CUST-0370,Krisna Rahayu,Female,43,Jakarta,DKI Jakarta,2024-12-23,Instagram Ads
CUST-0371,Zahra Wijaya,Male,30,Jakarta,DKI Jakarta,2025-06-17,Referral
CUST-0372,Reza Darmawan,Male,22,Surabaya,Jawa Timur,2023-08-22,Instagram Ads
CUST-0373,Fajar Anggraini,Female,30,Malang,Jawa Timur,2022-08-06,Organic Social
CUST-0374,Yuni Handoko,Female,42,Jakarta,DKI Jakarta,2023-09-29,Referral
CUST-0375,Nanda Yulianti,Male,44,Makassar,Sulawesi Selatan,2023-05-06,Instagram Ads
CUST-0376,Vero Permana,Male,24,Bandung,Jawa Barat,2023-12-28,Instagram Ads
CUST-0377,Indra Darmawan,Male,40,Unknown,Jawa Barat,2025-04-19,Organic Social
CUST-0378,Indra Utami,Male,23,Bandar Lampung,Lampung,2023-12-20,Instagram Ads
CUST-0379,Joko Purnama,Male,40,Unknown,Jawa Barat,2023-10-20,Google Search
CUST-0380,Anwar Santoso,Female,39,Makassar,Sulawesi Selatan,2024-07-08,TikTok Ads
CUST-0381,Adit Handoko,Female,34,Bekasi,Jawa Barat,2024-06-25,Organic Social
CUST-0382,Eka Yulianti,Male,41,Tangerang,Banten,2024-12-25,TikTok Ads
CUST-0383,Erik Permana,Male,34,Jakarta,DKI Jakarta,2024-10-27,TikTok Ads
CUST-0384,Taufik Darmawan,Male,44,Medan,Sumatera Utara,2025-08-03,Instagram Ads
CUST-0385,Adit Maulana,Female,24,Jakarta,DKI Jakarta,2024-12-28,Instagram Ads
CUST-0386,Kevin Marliana,Male,28,Denpasar,Bali,2023-02-26,Instagram Ads
CUST-0387,Kartika Wijaya,Female,40,Denpasar,Bali,2023-10-26,TikTok Ads
CUST-0388,Adit Saputra,Female,21,Bandung,Jawa Barat,2023-09-23,TikTok Ads
CUST-0389,Ulfa Lestari,Female,33,Jakarta,DKI Jakarta,2023-09-07,Organic Social
CUST-0390,Rizky Santoso,Male,34,Solo,Jawa Tengah,2024-10-12,Referral
CUST-0391,Anwar Prakoso,Female,28,Jakarta,DKI Jakarta,2024-03-03,Referral
CUST-0392,Reza Kusuma,Female,37,Jakarta,DKI Jakarta,2023-03-20,TikTok Ads
CUST-0393,Guntur Saputra,Male,38,Tangerang,Banten,2023-04-07,Instagram Ads
CUST-0394,Citra Lestari,Male,31,Jakarta,DKI Jakarta,2023-02-08,Organic Social
CUST-0395,Nadia Permana,Female,38,Bandung,Jawa Barat,2022-11-20,Organic Social
CUST-0396,Yoga Wibowo,Female,38,Unknown,Bali,2024-02-08,Instagram Ads
CUST-0397,Prita Hartono,Female,22,Jakarta,DKI Jakarta,2023-10-04,Instagram Ads
CUST-0398,Guntur Prakoso,Male,29,Palembang,Sumatera Selatan,2022-06-25,Google Search
CUST-0399,Mega Santoso,Male,43,Surabaya,Jawa Timur,2023-05-20,Instagram Ads
CUST-0400,Prita Cahyani,Male,31,Jakarta,DKI Jakarta,2022-10-02,TikTok Ads
CUST-0401,Joko Hidayat,Female,36,Surabaya,Jawa Timur,2024-09-01,Instagram Ads
CUST-0402,Ayu Purnama,Male,23,Jakarta,DKI Jakarta,2023-07-22,Google Search
CUST-0403,Farah Utami,Female,32,Bogor,Jawa Barat,2022-10-14,Instagram Ads
CUST-0404,Umar Ramadhan,Female,38,Jakarta,DKI Jakarta,2024-11-06,Referral
CUST-0405,Kartika Suryadi,Female,23,Bekasi,Jawa Barat,2023-01-31,Marketplace
CUST-0406,Guntur Hidayat,Female,23,Semarang,Jawa Tengah,2023-11-13,Referral
CUST-0407,Eka Hidayat,Female,32,Jakarta,DKI Jakarta,2022-07-31,Referral
CUST-0408,Galih Handoko,Female,35,Medan,Sumatera Utara,2022-11-05,Google Search
CUST-0409,Hana Utami,Male,37,Surabaya,Jawa Timur,2023-11-05,Referral
CUST-0410,Jasmine Halim,Female,34,Jakarta,DKI Jakarta,2022-06-26,Instagram Ads
CUST-0411,Bayu Utami,Female,41,Balikpapan,Kalimantan Timur,2022-08-12,TikTok Ads
CUST-0412,Hana Rahayu,Female,21,Surabaya,Jawa Timur,2024-03-17,Referral
CUST-0413,Eka Marliana,Male,20,Jakarta,DKI Jakarta,2023-09-01,TikTok Ads
CUST-0414,Zaki Saputra,Female,36,Bandung,Jawa Barat,2024-02-27,Instagram Ads
CUST-0415,Anwar Darmawan,Female,37,Bekasi,Jawa Barat,2023-10-10,Instagram Ads
CUST-0416,Jihan Gunawan,Female,32,Palembang,Sumatera Selatan,2023-10-16,Google Search
CUST-0417,Rizky Handoko,Male,19,Tangerang,Banten,2022-06-20,Referral
CUST-0418,Dewi Halim,Female,26,Bandung,Jawa Barat,2023-07-26,Referral
CUST-0419,Irfan Gunawan,Male,35,Jakarta,DKI Jakarta,2023-09-18,TikTok Ads
CUST-0420,Ayu Santoso,Female,23,Bekasi,Jawa Barat,2025-09-02,Google Search
CUST-0421,Kevin Yulianti,Female,27,Jakarta,DKI Jakarta,2023-02-23,TikTok Ads
CUST-0422,Maya Halim,Female,27,Bogor,Jawa Barat,2024-03-30,Organic Social
CUST-0423,Bayu Nugroho,Female,33,Medan,Sumatera Utara,2023-04-15,TikTok Ads
CUST-0424,Hana Santoso,Female,33,Balikpapan,Kalimantan Timur,2023-07-31,Instagram Ads
CUST-0425,Vero Utami,Female,29,Denpasar,Bali,2022-08-22,Marketplace
CUST-0426,Lukman Pratama,Male,27,Surabaya,Jawa Timur,2022-09-09,Marketplace
CUST-0427,Gita Yulianti,Male,26,Bogor,Jawa Barat,2025-07-13,Organic Social
CUST-0428,Dinda Wibowo,Male,26,Unknown,DKI Jakarta,2022-10-05,TikTok Ads
CUST-0429,Eka Pratama,Male,27,Makassar,Sulawesi Selatan,2022-11-20,Marketplace
CUST-0430,Erik Yulianti,Male,21,Jakarta,DKI Jakarta,2024-11-25,TikTok Ads
CUST-0431,Wulan Wibowo,Female,37,jakarta,DKI Jakarta,2024-12-31,TikTok Ads
CUST-0432,Sari Hidayat,Female,25,Surabaya,Jawa Timur,2024-10-21,TikTok Ads
CUST-0433,Krisna Suryadi,Male,34,Jakarta,DKI Jakarta,2023-10-17,Instagram Ads
CUST-0434,Ivan Utami,Female,39,Bandung,Jawa Barat,2023-03-09,Google Search
CUST-0435,Faisal Setiawan,Male,44,Depok,Jawa Barat,2022-07-10,Organic Social
CUST-0436,Bagus Lestari,Female,31,Bandung,Jawa Barat,2025-08-02,Google Search
CUST-0437,Anwar Purnama,Female,34,Jakarta,DKI Jakarta,2023-12-28,Marketplace
CUST-0438,Dinda Yulianti,Female,26,Solo,Jawa Tengah,2022-12-23,Marketplace
CUST-0439,Kevin Prakoso,Female,44,Jakarta,DKI Jakarta,2023-08-24,Marketplace
CUST-0440,Yuni Kurniawan,Male,44,Jakarta,DKI Jakarta,2023-09-28,Google Search
CUST-0441,Maya Prakoso,Male,37,Tangerang,Banten,2024-05-21,Marketplace
CUST-0442,Fajar Wijaya,Female,24,Malang,Jawa Timur,2025-03-05,Instagram Ads
CUST-0443,Maya Yulianti,Female,29,Jakarta,DKI Jakarta,2025-05-14,Instagram Ads
CUST-0444,Jasmine Halim,Female,23,Tangerang,Banten,2024-03-24,Organic Social
CUST-0445,Sinta Wibowo,Male,30,Bogor,Jawa Barat,2024-06-17,Google Search
CUST-0446,Citra Yulianti,Female,24,Bandung,Jawa Barat,2024-03-22,Google Search
CUST-0447,Kevin Hartono,Female,36,Yogyakarta,DI Yogyakarta,2024-03-11,Organic Social
CUST-0448,Indra Kusuma,Female,42,Jakarta,DKI Jakarta,2023-05-26,Referral
CUST-0449,Cindy Kusuma,Female,43,Pekanbaru,Riau,2025-08-17,Google Search
CUST-0450,Joko Lestari,Male,22,Bandar Lampung,Lampung,2023-08-27,Referral
CUST-0451,Sinta Firmansyah,Female,21,Jakarta,DKI Jakarta,2024-03-16,Referral
CUST-0452,Yuni Hidayat,Female,26,Bandung,Jawa Barat,2022-06-24,Organic Social
CUST-0453,Kartika Marliana,Female,42,Tangerang,Banten,2022-09-07,TikTok Ads
CUST-0454,Beni Handoko,Female,22,Malang,Jawa Timur,2024-05-20,Google Search
CUST-0455,Cindy Permana,Female,21,Bekasi,Jawa Barat,2023-09-05,Instagram Ads
CUST-0456,Kartika Sukmawati,Female,24,Bandung,Jawa Barat,2023-01-01,Instagram Ads
CUST-0457,Vero Pratama,Female,38,pekanbaru,Riau,2022-12-08,TikTok Ads
CUST-0458,Maya Maulana,Female,22,Denpasar,Bali,2024-11-06,Referral
CUST-0459,Gita Wijaya,Female,28,Tangerang,Banten,2025-06-11,TikTok Ads
CUST-0460,Fajar Permana,Female,30,Semarang,Jawa Tengah,2025-03-02,Organic Social
CUST-0461,Prita Permana,Female,19,Makassar,Sulawesi Selatan,2025-02-08,Marketplace
CUST-0462,Irfan Ramadhan,Female,31,Yogyakarta,DI Yogyakarta,2023-01-23,Instagram Ads
CUST-0463,Doni Wijaya,Female,31,Makassar,Sulawesi Selatan,2024-08-02,Instagram Ads
CUST-0464,Zahra Cahyani,Male,37,Yogyakarta,DI Yogyakarta,2023-09-07,Google Search
CUST-0465,Mega Utami,Male,32,Jakarta,DKI Jakarta,2024-05-05,Google Search
CUST-0466,Kevin Suryadi,Female,36,Bogor,Jawa Barat,2025-05-06,Google Search
CUST-0467,Laras Marliana,Female,41,Jakarta,DKI Jakarta,2024-02-03,TikTok Ads
CUST-0468,Kartika Saputra,Female,43,Medan,Sumatera Utara,2023-03-29,Organic Social
CUST-0469,Dinda Firmansyah,Female,40,Jakarta,DKI Jakarta,2024-10-15,Instagram Ads
CUST-0470,Rizky Setiawan,Male,44,Medan,Sumatera Utara,2024-03-16,TikTok Ads
CUST-0471,Omar Purnama,Female,19,Bandung,Jawa Barat,2023-12-18,TikTok Ads
CUST-0472,Zahra Nugroho,Female,37,Surabaya,Jawa Timur,2024-09-26,Marketplace
CUST-0473,Hilda Maulana,Male,36,Medan,Sumatera Utara,2022-12-24,Instagram Ads
CUST-0474,Ayu Halim,Male,20,Denpasar,Bali,2025-08-15,Google Search
CUST-0475,Dewi Sukmawati,Female,29,Denpasar,Bali,2024-08-31,TikTok Ads
CUST-0476,Umar Hidayat,Female,45,Bandung,Jawa Barat,2024-07-02,Organic Social
CUST-0477,Yoga Anggraini,Male,26,Bogor,Jawa Barat,2022-12-19,Organic Social
CUST-0478,Nanda Kurniawan,Male,21,Unknown,Jawa Barat,2024-10-01,Organic Social
CUST-0479,Beni Kusuma,Male,45,Bekasi,Jawa Barat,2025-04-23,Instagram Ads
CUST-0480,Bagus Kusuma,Female,35,Tangerang,Banten,2024-09-04,Instagram Ads
CUST-0481,Zaki Cahyani,Female,33,Bogor,Jawa Barat,2022-09-27,Instagram Ads
CUST-0482,Taufik Pratama,Female,39,Surabaya,Jawa Timur,2025-01-06,Instagram Ads
CUST-0483,Yuni Gunawan,Female,34,Yogyakarta,DI Yogyakarta,2024-11-30,Instagram Ads
CUST-0484,Farah Purnama,Female,31,Palembang,Sumatera Selatan,2022-12-03,Organic Social
CUST-0485,Reza Maulana,Male,40,Jakarta,DKI Jakarta,2023-08-28,TikTok Ads
CUST-0486,Nadia Yulianti,Female,23,Malang,Jawa Timur,2022-06-19,Instagram Ads
CUST-0487,Citra Marliana,Male,41,Bandung,Jawa Barat,2024-02-16,TikTok Ads
CUST-0488,Dinda Hartono,Female,28,Bandung,Jawa Barat,2023-10-30,TikTok Ads
CUST-0489,Krisna Firmansyah,Male,45,Jakarta,DKI Jakarta,2025-04-13,Google Search
CUST-0490,Prita Lestari,Female,29,Bandung,Jawa Barat,2023-01-08,Organic Social
CUST-0491,Irfan Wijaya,Female,35,Bandung,Jawa Barat,2024-02-02,Organic Social
CUST-0492,Bagus Firmansyah,Male,40,Depok,Jawa Barat,2024-09-05,TikTok Ads
CUST-0493,Vero Purnama,Female,42,Bandung,Jawa Barat,2024-10-05,Organic Social
CUST-0494,Jasmine Ramadhan,Male,39,Bandung,Jawa Barat,2023-08-30,TikTok Ads
CUST-0495,Gita Suryadi,Male,36,Bandung,Jawa Barat,2023-05-15,Instagram Ads
CUST-0496,Irfan Lestari,Male,24,Bandung,Jawa Barat,2025-07-19,Google Search
CUST-0497,Hilda Lestari,Male,28,Jakarta,DKI Jakarta,2023-09-01,TikTok Ads
CUST-0498,Prita Purnama,Male,34,Medan,Sumatera Utara,2025-01-05,Google Search
CUST-0499,Taufik Wibowo,Male,35,Makassar,Sulawesi Selatan,2025-01-23,TikTok Ads
CUST-0500,Laras Marliana,Female,25,Surabaya,Jawa Timur,2023-04-05,Marketplace
CUST-0501,Galih Lestari,Male,24,Yogyakarta,DI Yogyakarta,2024-03-09,Google Search
CUST-0502,Anwar Kusuma,Female,27,Jakarta,DKI Jakarta,2022-09-27,Google Search
CUST-0503,Ayu Maulana,Female,32,Jakarta,DKI Jakarta,2022-11-28,Marketplace
CUST-0504,Adit Marliana,Female,42,Surabaya,Jawa Timur,2022-08-17,TikTok Ads
CUST-0505,Putri Utami,Female,19,Bogor,Jawa Barat,2023-06-26,Referral
CUST-0506,Kartika Santoso,Female,35,Bandung,Jawa Barat,2023-02-20,Organic Social
CUST-0507,Wawan Maulana,Female,35,Bandung,Jawa Barat,2024-01-17,Organic Social
CUST-0508,Maya Kusuma,Male,34,Solo,Jawa Tengah,2024-05-02,Marketplace
CUST-0509,Indra Saputra,Female,26,Bandar Lampung,Lampung,2024-09-04,Referral
CUST-0510,Cindy Wibowo,Female,41,Medan,Sumatera Utara,2023-05-13,Organic Social
CUST-0511,Sinta Nugroho,Male,38,Bandung,Jawa Barat,2025-05-31,Google Search
CUST-0512,Rangga Suryadi,Female,31,Jakarta,DKI Jakarta,2023-01-24,Referral
CUST-0513,Ivan Hidayat,Female,40,Jakarta,DKI Jakarta,2022-06-20,Google Search
CUST-0514,Omar Nugroho,Male,22,Tangerang,Banten,2024-10-05,Instagram Ads
CUST-0515,Erik Rahayu,Female,25,Bekasi,Jawa Barat,2025-03-16,Marketplace
CUST-0516,Jasmine Saputra,Female,20,Surabaya,Jawa Timur,2024-09-17,Referral
CUST-0517,Hana Prakoso,Female,40,Yogyakarta,DI Yogyakarta,2023-09-24,Google Search
CUST-0518,Gita Marliana,Male,21,Yogyakarta,DI Yogyakarta,2022-12-02,Instagram Ads
CUST-0519,Lukman Handoko,Female,20,Jakarta,DKI Jakarta,2024-01-28,Instagram Ads
CUST-0520,Zahra Marliana,Female,22,Bandung,Jawa Barat,2024-03-02,Instagram Ads
CUST-0521,Sari Marliana,Female,33,Bogor,Jawa Barat,2023-05-16,Referral
CUST-0522,Endah Hidayat,Female,31,Surabaya,Jawa Timur,2024-05-02,Organic Social
CUST-0523,Kartika Nugroho,Male,39,Denpasar,Bali,2025-02-04,Instagram Ads
CUST-0524,Laras Ramadhan,Female,37,Tangerang,Banten,2023-04-23,TikTok Ads
CUST-0525,Wulan Marliana,Male,40,Makassar,Sulawesi Selatan,2024-06-04,Instagram Ads
CUST-0526,Rangga Firmansyah,Male,33,Bandar Lampung,Lampung,2023-01-18,TikTok Ads
CUST-0527,Oki Ramadhan,Male,37,Tangerang,Banten,2025-05-10,Organic Social
CUST-0528,Yuni Ramadhan,Female,42,Semarang,Jawa Tengah,2022-12-13,Referral
CUST-0529,Reza Kurniawan,Male,38,Surabaya,Jawa Timur,2025-07-18,Instagram Ads
CUST-0530,Vina Utami,Male,21,Bogor,Jawa Barat,2025-03-12,TikTok Ads
CUST-0531,Dinda Utami,Female,39,Bandung,Jawa Barat,2025-04-04,Instagram Ads
CUST-0532,Hana Suryadi,Female,34,Surabaya,Jawa Timur,2025-08-17,Referral
CUST-0533,Dinda Santoso,Female,36,Jakarta,DKI Jakarta,2024-09-04,Organic Social
CUST-0534,Sinta Anggraini,Male,36,Balikpapan,Kalimantan Timur,2024-02-14,Marketplace
CUST-0535,Anwar Hartono,Male,33,Surabaya,Jawa Timur,2022-09-20,Google Search
CUST-0536,Sinta Utami,Male,22,Tangerang,Banten,2024-06-14,Instagram Ads
CUST-0537,Cindy Marliana,Female,30,Bandung,Jawa Barat,2024-01-19,Instagram Ads
CUST-0538,Hana Kurniawan,Female,38,Jakarta,DKI Jakarta,2024-09-16,Organic Social
CUST-0539,Cindy Kurniawan,Male,22,Jakarta,DKI Jakarta,2023-06-26,Google Search
CUST-0540,Mega Rahayu,Male,33,Denpasar,Bali,2023-02-08,Instagram Ads
CUST-0541,Erik Purnama,Male,36,Yogyakarta,DI Yogyakarta,2025-05-22,TikTok Ads
CUST-0542,Indra Nugroho,Male,24,Semarang,Jawa Tengah,2023-05-29,TikTok Ads
CUST-0543,Nadia Kurniawan,Female,31,Medan,Sumatera Utara,2024-03-21,Referral
CUST-0544,Indra Halim,Male,28,Bandung,Jawa Barat,2024-08-23,TikTok Ads
CUST-0545,Vina Cahyani,Female,41,Tangerang,Banten,2025-04-15,Referral
CUST-0546,Taufik Gunawan,Female,38,Semarang,Jawa Tengah,2023-08-20,Marketplace
CUST-0547,Vero Nugroho,Female,41,jakarta,DKI Jakarta,2023-05-31,Referral
CUST-0548,Taufik Sukmawati,Female,40,Medan,Sumatera Utara,2025-09-06,Organic Social
CUST-0549,Rizky Halim,Male,35,semarang,Jawa Tengah,2024-10-13,Instagram Ads
CUST-0550,Taufik Hidayat,Male,24,Jakarta,DKI Jakarta,2023-11-29,Instagram Ads
CUST-0551,Dinda Anggraini,Female,36,Jakarta,DKI Jakarta,2024-01-26,Instagram Ads
CUST-0552,Rizky Utami,Male,42,Malang,Jawa Timur,2025-07-25,TikTok Ads
CUST-0553,Rizky Maulana,Male,20,Depok,Jawa Barat,2024-01-11,Marketplace
CUST-0554,Rangga Saputra,Male,20,Solo,Jawa Tengah,2024-03-02,Google Search
CUST-0555,Reza Gunawan,Male,39,Bekasi,Jawa Barat,2024-11-24,Referral
CUST-0556,Lukman Ramadhan,Male,25,Semarang,Jawa Tengah,2023-07-08,Instagram Ads
CUST-0557,Krisna Hidayat,Female,20,Balikpapan,Kalimantan Timur,2025-04-18,Instagram Ads
CUST-0558,Joko Wijaya,Female,33,Medan,Sumatera Utara,2023-11-05,Instagram Ads
CUST-0559,Sinta Permana,Male,39,Bandung,Jawa Barat,2022-09-13,TikTok Ads
CUST-0560,Oki Kusuma,Female,41,Medan,Sumatera Utara,2024-06-03,TikTok Ads
CUST-0561,Yuni Utami,Female,36,Depok,Jawa Barat,2023-04-23,Organic Social
CUST-0562,Omar Rahayu,Female,25,Denpasar,Bali,2024-04-09,TikTok Ads
CUST-0563,Irfan Firmansyah,Female,30,Medan,Sumatera Utara,2022-06-19,Google Search
CUST-0564,Beni Nugroho,Male,29,Makassar,Sulawesi Selatan,2022-08-21,TikTok Ads
CUST-0565,Zaki Rahayu,Female,35,Semarang,Jawa Tengah,2024-01-01,Organic Social
CUST-0566,Hesti Santoso,Female,39,Surabaya,Jawa Timur,2022-08-29,Marketplace
CUST-0567,Sinta Firmansyah,Female,39,Unknown,DKI Jakarta,2025-06-06,Organic Social
CUST-0568,Ulfa Marliana,Male,25,Malang,Jawa Timur,2024-10-16,Marketplace
CUST-0569,Vero Lestari,Male,23,Bekasi,Jawa Barat,2022-10-26,Instagram Ads
CUST-0570,Dinda Utami,Male,36,Jakarta,DKI Jakarta,2023-05-31,Marketplace
CUST-0571,Rizky Ramadhan,Male,32,Surabaya,Jawa Timur,2024-12-10,Instagram Ads
CUST-0572,Farah Santoso,Male,37,jakarta,DKI Jakarta,2022-10-08,TikTok Ads
CUST-0573,Tono Darmawan,Male,28,Yogyakarta,DI Yogyakarta,2024-01-15,Marketplace
CUST-0574,Yoga Wibowo,Female,36,Surabaya,Jawa Timur,2022-08-03,Organic Social
CUST-0575,Hilda Kurniawan,Male,23,Bogor,Jawa Barat,2024-01-26,Marketplace
CUST-0576,Krisna Halim,Male,19,Malang,Jawa Timur,2024-07-04,Instagram Ads
CUST-0577,Yoga Sukmawati,Female,21,Jakarta,DKI Jakarta,2024-08-16,Marketplace
CUST-0578,Lukman Utami,Male,35,Bandung,Jawa Barat,2024-09-23,Google Search
CUST-0579,Dewi Handoko,Female,44,Bandung,Jawa Barat,2023-01-21,Referral
CUST-0580,Sinta Santoso,Female,36,Solo,Jawa Tengah,2025-06-29,Instagram Ads
CUST-0581,Sinta Firmansyah,Female,29,Jakarta,DKI Jakarta,2025-09-02,Instagram Ads
CUST-0582,Wawan Hartono,Male,29,Bandung,Jawa Barat,2022-10-21,Google Search
CUST-0583,Citra Kusuma,Female,30,Tangerang,Banten,2023-04-09,Instagram Ads
CUST-0584,Erik Gunawan,Male,39,Bandung,Jawa Barat,2023-08-28,Instagram Ads
CUST-0585,Galih Setiawan,Female,30,Tangerang,Banten,2025-02-07,Instagram Ads
CUST-0586,Jihan Saputra,Male,45,Denpasar,Bali,2022-11-15,Instagram Ads
CUST-0587,Prita Pratama,Male,19,Malang,Jawa Timur,2022-11-04,Organic Social
CUST-0588,Irfan Setiawan,Male,36,medan,Sumatera Utara,2023-08-10,TikTok Ads
CUST-0589,Farah Permana,Female,43,Bekasi,Jawa Barat,2024-06-19,Instagram Ads
CUST-0590,Putri Handoko,Female,35,Yogyakarta,DI Yogyakarta,2022-12-03,Marketplace
CUST-0591,Lukman Purnama,Male,23,Solo,Jawa Tengah,2023-05-06,Marketplace
CUST-0592,Cindy Utami,Male,34,Denpasar,Bali,2023-03-27,Referral
CUST-0593,Ivan Kurniawan,Female,20,Jakarta,DKI Jakarta,2023-11-24,Organic Social
CUST-0594,Vina Nugroho,Male,20,surabaya,Jawa Timur,2024-12-18,Referral
CUST-0595,Laras Kusuma,Male,27,Semarang,Jawa Tengah,2023-12-13,TikTok Ads
CUST-0596,Oki Rahayu,Female,31,Surabaya,Jawa Timur,2022-11-07,TikTok Ads
CUST-0597,Adit Rahayu,Female,34,depok,Jawa Barat,2024-05-07,Organic Social
CUST-0598,Joko Kusuma,Female,39,Surabaya,Jawa Timur,2023-09-15,Instagram Ads
CUST-0599,Wulan Nugroho,Male,32,Medan,Sumatera Utara,2023-01-29,TikTok Ads
CUST-0600,Bagus Utami,Male,39,Yogyakarta,DI Yogyakarta,2023-08-06,Instagram Ads
CUST-0601,Laras Halim,Female,35,Medan,Sumatera Utara,2023-04-26,Instagram Ads
CUST-0602,Laras Firmansyah,Female,31,Bandung,Jawa Barat,2023-06-04,Instagram Ads
CUST-0603,Faisal Handoko,Male,25,Tangerang,Banten,2024-01-02,TikTok Ads
CUST-0604,Anwar Kusuma,Male,44,Jakarta,DKI Jakarta,2024-09-19,Google Search
CUST-0605,Nadia Purnama,Male,29,Semarang,Jawa Tengah,2023-05-10,Instagram Ads
CUST-0606,Jasmine Rahayu,Female,25,Surabaya,Jawa Timur,2023-02-26,Referral
CUST-0607,Hilda Yulianti,Female,38,Bogor,Jawa Barat,2022-12-15,TikTok Ads
CUST-0608,Jihan Prakoso,Female,23,Bekasi,Jawa Barat,2022-12-08,Instagram Ads
CUST-0609,Ulfa Rahayu,Female,30,Pekanbaru,Riau,2024-10-31,TikTok Ads
CUST-0610,Cahya Sukmawati,Male,31,Pekanbaru,Riau,2025-02-12,Marketplace
CUST-0611,Anwar Utami,Female,23,Bogor,Jawa Barat,2025-08-23,Marketplace
CUST-0612,Yoga Yulianti,Female,25,Jakarta,DKI Jakarta,2025-06-18,Instagram Ads
CUST-0613,Cahya Lestari,Female,39,Semarang,Jawa Tengah,2025-04-30,TikTok Ads
CUST-0614,Jihan Maulana,Male,27,Jakarta,DKI Jakarta,2024-10-20,Google Search
CUST-0615,Krisna Suryadi,Male,32,Makassar,Sulawesi Selatan,2024-08-22,Instagram Ads
CUST-0616,Anwar Cahyani,Female,28,Semarang,Jawa Tengah,2025-02-15,TikTok Ads
CUST-0617,Kartika Nugroho,Male,33,Jakarta,DKI Jakarta,2023-01-30,Instagram Ads
CUST-0618,Vero Wijaya,Male,38,Surabaya,Jawa Timur,2024-04-24,Instagram Ads
CUST-0619,Kevin Hartono,Male,45,Balikpapan,Kalimantan Timur,2022-06-11,TikTok Ads
CUST-0620,Rizky Kurniawan,Female,38,Jakarta,DKI Jakarta,2023-08-29,Marketplace
CUST-0621,Anwar Prakoso,Female,38,Makassar,Sulawesi Selatan,2025-05-03,Instagram Ads
CUST-0622,Ivan Permana,Female,40,Yogyakarta,DI Yogyakarta,2022-06-22,Instagram Ads
CUST-0623,Taufik Wijaya,Female,26,bekasi,Jawa Barat,2025-04-11,TikTok Ads
CUST-0624,Yuni Ramadhan,Female,27,Denpasar,Bali,2023-04-19,TikTok Ads
CUST-0625,Fajar Setiawan,Female,41,Medan,Sumatera Utara,2025-04-26,Instagram Ads
CUST-0626,Nadia Saputra,Female,45,Bogor,Jawa Barat,2025-09-06,TikTok Ads
CUST-0627,Krisna Santoso,Female,32,Surabaya,Jawa Timur,2022-06-10,TikTok Ads
CUST-0628,Dinda Yulianti,Male,27,Bandung,Jawa Barat,2023-01-26,Google Search
CUST-0629,Wawan Darmawan,Female,43,Tangerang,Banten,2024-07-12,TikTok Ads
CUST-0630,Prita Yulianti,Female,27,Yogyakarta,DI Yogyakarta,2022-07-27,Marketplace
CUST-0631,Ivan Setiawan,Male,32,Denpasar,Bali,2023-09-14,Instagram Ads
CUST-0632,Dinda Lestari,Female,31,Bogor,Jawa Barat,2023-10-22,Instagram Ads
CUST-0633,Sari Kusuma,Female,25,Bandar Lampung,Lampung,2025-01-31,Marketplace
CUST-0634,Putri Handoko,Female,25,Denpasar,Bali,2023-06-25,Instagram Ads
CUST-0635,Gita Nugroho,Male,30,Jakarta,DKI Jakarta,2023-10-25,Marketplace
CUST-0636,Cindy Handoko,Male,43,Denpasar,Bali,2025-03-05,TikTok Ads
CUST-0637,Galih Kusuma,Male,37,Makassar,Sulawesi Selatan,2025-03-05,Marketplace
CUST-0638,Dewi Rahayu,Female,43,bandar lampung,Lampung,2023-12-26,Organic Social
CUST-0639,Taufik Darmawan,Female,30,Yogyakarta,DI Yogyakarta,2025-06-12,Instagram Ads
CUST-0640,Taufik Saputra,Female,41,Unknown,Jawa Tengah,2025-04-27,TikTok Ads
CUST-0641,Rangga Utami,Male,27,Jakarta,DKI Jakarta,2024-06-10,Instagram Ads
CUST-0642,Bayu Cahyani,Female,34,Balikpapan,Kalimantan Timur,2024-05-03,Referral
CUST-0643,Laras Ramadhan,Female,24,Surabaya,Jawa Timur,2024-08-29,Instagram Ads
CUST-0644,Rizky Saputra,Male,36,Jakarta,DKI Jakarta,2023-12-05,Instagram Ads
CUST-0645,Galih Halim,Female,19,Balikpapan,Kalimantan Timur,2023-04-03,Marketplace
CUST-0646,Umar Hidayat,Female,29,Bogor,Jawa Barat,2025-04-24,Google Search
CUST-0647,Dinda Hidayat,Female,24,Medan,Sumatera Utara,2024-08-24,TikTok Ads
CUST-0648,Krisna Setiawan,Male,27,Makassar,Sulawesi Selatan,2024-12-08,Marketplace
CUST-0649,Nadia Saputra,Female,30,Bandung,Jawa Barat,2022-07-11,Google Search
CUST-0650,Vina Ramadhan,Female,43,Denpasar,Bali,2025-06-07,TikTok Ads
CUST-0651,Endah Firmansyah,Male,31,bekasi,Jawa Barat,2024-12-02,Marketplace
CUST-0652,Farah Kurniawan,Female,38,Malang,Jawa Timur,2024-04-21,Instagram Ads
CUST-0653,Sari Hartono,Female,39,Jakarta,DKI Jakarta,2023-09-11,Google Search
CUST-0654,Ivan Anggraini,Male,30,Bandung,Jawa Barat,2024-11-28,TikTok Ads
CUST-0655,Yoga Cahyani,Female,26,Jakarta,DKI Jakarta,2022-07-18,Referral
CUST-0656,Faisal Setiawan,Female,21,Jakarta,DKI Jakarta,2024-08-22,Instagram Ads
CUST-0657,Omar Halim,Male,21,Bekasi,Jawa Barat,2025-05-09,Instagram Ads
CUST-0658,Doni Firmansyah,Female,26,Bandar Lampung,Lampung,2024-08-07,Instagram Ads
CUST-0659,Jasmine Lestari,Female,40,Semarang,Jawa Tengah,2023-05-16,Organic Social
CUST-0660,Ulfa Setiawan,Male,36,Yogyakarta,DI Yogyakarta,2025-06-12,Instagram Ads
CUST-0661,Umar Kurniawan,Female,39,Medan,Sumatera Utara,2025-07-30,TikTok Ads
CUST-0662,Joko Permana,Female,30,Semarang,Jawa Tengah,2022-12-01,Instagram Ads
CUST-0663,Ulfa Kurniawan,Female,34,Semarang,Jawa Tengah,2023-03-07,TikTok Ads
CUST-0664,Nadia Utami,Female,32,Unknown,Jawa Barat,2024-02-04,Organic Social
CUST-0665,Putri Kusuma,Female,36,Semarang,Jawa Tengah,2023-06-22,Referral
CUST-0666,Putri Rahayu,Female,21,Denpasar,Bali,2024-07-14,Referral
CUST-0667,Sari Maulana,Female,42,Palembang,Sumatera Selatan,2023-12-09,Instagram Ads
CUST-0668,Doni Hidayat,Female,39,Jakarta,DKI Jakarta,2023-03-07,Referral
CUST-0669,Bagus Kusuma,Female,20,Yogyakarta,DI Yogyakarta,2024-03-18,Marketplace
CUST-0670,Fajar Halim,Male,42,Bandung,Jawa Barat,2023-02-12,Instagram Ads
CUST-0671,Zaki Anggraini,Female,44,Jakarta,DKI Jakarta,2024-10-08,Referral
CUST-0672,Anwar Wibowo,Male,23,Jakarta,DKI Jakarta,2022-11-12,Instagram Ads
CUST-0673,Erik Pratama,Male,27,Yogyakarta,DI Yogyakarta,2023-06-29,Instagram Ads
CUST-0674,Cindy Saputra,Female,33,Bekasi,Jawa Barat,2023-10-23,TikTok Ads
CUST-0675,Taufik Permana,Male,25,Bekasi,Jawa Barat,2025-05-03,Marketplace
CUST-0676,Rangga Suryadi,Male,36,Jakarta,DKI Jakarta,2022-08-26,Google Search
CUST-0677,Putri Firmansyah,Male,25,Jakarta,DKI Jakarta,2022-09-15,TikTok Ads
CUST-0678,Adit Wijaya,Male,31,Jakarta,DKI Jakarta,2023-12-18,Google Search
CUST-0679,Galih Santoso,Female,21,Denpasar,Bali,2023-04-14,Referral
CUST-0680,Jihan Yulianti,Female,39,Bandung,Jawa Barat,2022-10-01,Instagram Ads
CUST-0681,Yuni Yulianti,Male,44,Yogyakarta,DI Yogyakarta,2024-03-10,Organic Social
CUST-0682,Rangga Marliana,Male,30,Tangerang,Banten,2022-07-14,Instagram Ads
CUST-0683,Laras Kusuma,Female,41,Tangerang,Banten,2025-07-19,TikTok Ads
CUST-0684,Guntur Setiawan,Female,45,Unknown,Jawa Barat,2025-01-15,Instagram Ads
CUST-0685,Endah Pratama,Female,27,Semarang,Jawa Tengah,2024-12-07,Organic Social
CUST-0686,Anwar Hartono,Male,38,Semarang,Jawa Tengah,2023-06-15,Instagram Ads
CUST-0687,Galih Darmawan,Male,25,Tangerang,Banten,2025-06-08,Google Search
CUST-0688,Ivan Ramadhan,Female,29,Makassar,Sulawesi Selatan,2024-03-22,Instagram Ads
CUST-0689,Galih Saputra,Female,20,Bogor,Jawa Barat,2023-02-21,Instagram Ads
CUST-0690,Mega Hidayat,Male,35,Medan,Sumatera Utara,2024-08-04,Instagram Ads
CUST-0691,Kevin Marliana,Female,25,Jakarta,DKI Jakarta,2022-10-24,Organic Social
CUST-0692,Bayu Prakoso,Female,42,Yogyakarta,DI Yogyakarta,2022-10-03,TikTok Ads
CUST-0693,Umar Santoso,Female,42,Unknown,Banten,2023-11-27,Marketplace
CUST-0694,Maya Saputra,Female,26,Balikpapan,Kalimantan Timur,2022-12-16,TikTok Ads
CUST-0695,Gita Darmawan,Female,36,Bandung,Jawa Barat,2023-06-02,Google Search
CUST-0696,Kartika Yulianti,Male,32,Surabaya,Jawa Timur,2024-12-26,Instagram Ads
CUST-0697,Doni Kurniawan,Male,36,Surabaya,Jawa Timur,2024-04-22,TikTok Ads
CUST-0698,Citra Prakoso,Male,32,Bandung,Jawa Barat,2024-03-26,Referral
CUST-0699,Kevin Sukmawati,Female,31,Makassar,Sulawesi Selatan,2025-07-28,Instagram Ads
CUST-0700,Tono Hartono,Male,19,Balikpapan,Kalimantan Timur,2024-12-03,Instagram Ads
CUST-0701,Vina Pratama,Female,26,Jakarta,DKI Jakarta,2024-02-09,Organic Social
CUST-0702,Kevin Purnama,Male,35,Pekanbaru,Riau,2023-12-18,Instagram Ads
CUST-0703,Mega Utami,Female,27,Jakarta,DKI Jakarta,2024-05-29,Instagram Ads
CUST-0704,Wulan Santoso,Female,37,Depok,Jawa Barat,2022-12-06,Referral
CUST-0705,Dinda Kurniawan,Female,41,Depok,Jawa Barat,2023-05-21,Instagram Ads
CUST-0706,Anwar Wijaya,Male,37,Unknown,Sulawesi Selatan,2022-08-16,Marketplace
CUST-0707,Oki Sukmawati,Female,22,bandung,Jawa Barat,2024-11-06,Google Search
CUST-0708,Umar Rahayu,Male,39,Medan,Sumatera Utara,2022-06-24,Instagram Ads
CUST-0709,Dewi Ramadhan,Female,41,Semarang,Jawa Tengah,2023-04-03,Referral
CUST-0710,Oki Maulana,Male,37,Surabaya,Jawa Timur,2024-11-29,Instagram Ads
CUST-0711,Dewi Setiawan,Female,34,Surabaya,Jawa Timur,2023-02-26,TikTok Ads
CUST-0712,Indra Suryadi,Female,41,Jakarta,DKI Jakarta,2025-03-24,Google Search
CUST-0713,Ivan Utami,Female,38,Yogyakarta,DI Yogyakarta,2025-08-14,Instagram Ads
CUST-0714,Sinta Maulana,Female,37,Bandung,Jawa Barat,2024-10-28,TikTok Ads
CUST-0715,Umar Kusuma,Female,39,Bandung,Jawa Barat,2024-03-18,Marketplace
CUST-0716,Dinda Utami,Male,33,makassar,Sulawesi Selatan,2024-11-22,Instagram Ads
CUST-0717,Omar Kurniawan,Female,20,Surabaya,Jawa Timur,2022-11-23,Instagram Ads
CUST-0718,Umar Anggraini,Female,41,Bogor,Jawa Barat,2024-01-11,TikTok Ads
CUST-0719,Rangga Setiawan,Female,36,Bandung,Jawa Barat,2025-06-06,TikTok Ads
CUST-0720,Mega Marliana,Male,40,Tangerang,Banten,2023-03-17,Google Search
CUST-0721,Omar Hidayat,Female,25,Jakarta,DKI Jakarta,2023-05-15,Instagram Ads
CUST-0722,Farah Kurniawan,Female,40,Denpasar,Bali,2022-06-18,Google Search
CUST-0723,Rizky Rahayu,Female,39,Malang,Jawa Timur,2022-07-10,Marketplace
CUST-0724,Lukman Saputra,Female,38,Jakarta,DKI Jakarta,2024-03-08,TikTok Ads
CUST-0725,Galih Wibowo,Female,35,Yogyakarta,DI Yogyakarta,2022-07-15,Referral
CUST-0726,Hesti Hidayat,Female,28,Jakarta,DKI Jakarta,2024-05-21,Organic Social
CUST-0727,Krisna Hidayat,Male,45,Makassar,Sulawesi Selatan,2024-08-01,Instagram Ads
CUST-0728,Ivan Ramadhan,Male,21,Bandung,Jawa Barat,2024-08-13,Google Search
CUST-0729,Umar Kurniawan,Female,37,Makassar,Sulawesi Selatan,2023-09-09,Google Search
CUST-0730,Taufik Yulianti,Female,23,Yogyakarta,DI Yogyakarta,2023-02-25,Instagram Ads
CUST-0731,Anwar Halim,Male,32,Jakarta,DKI Jakarta,2025-05-08,Google Search
CUST-0732,Wulan Nugroho,Female,36,Medan,Sumatera Utara,2023-04-20,Instagram Ads
CUST-0733,Bayu Maulana,Male,43,Bogor,Jawa Barat,2023-03-26,TikTok Ads
CUST-0734,Lukman Pratama,Female,25,Bekasi,Jawa Barat,2023-12-13,Referral
CUST-0735,Oki Utami,Male,38,Makassar,Sulawesi Selatan,2023-11-29,Referral
CUST-0736,Reza Gunawan,Female,38,Surabaya,Jawa Timur,2025-02-01,Instagram Ads
CUST-0737,Bayu Darmawan,Female,25,Surabaya,Jawa Timur,2025-01-26,Marketplace
CUST-0738,Zahra Saputra,Female,40,Bandar Lampung,Lampung,2024-09-23,Instagram Ads
CUST-0739,Guntur Anggraini,Male,34,Bandar Lampung,Lampung,2024-11-16,Organic Social
CUST-0740,Vina Wibowo,Male,45,Surabaya,Jawa Timur,2022-08-25,Google Search
CUST-0741,Ivan Nugroho,Female,41,Bekasi,Jawa Barat,2025-06-03,TikTok Ads
CUST-0742,Ayu Sukmawati,Male,26,Bogor,Jawa Barat,2022-08-26,Instagram Ads
CUST-0743,Umar Darmawan,Female,33,Surabaya,Jawa Timur,2022-09-09,Organic Social
CUST-0744,Irfan Halim,Female,20,Yogyakarta,DI Yogyakarta,2024-10-13,TikTok Ads
CUST-0745,Mega Marliana,Male,22,Denpasar,Bali,2022-12-03,Referral
CUST-0746,Mega Marliana,Female,19,Jakarta,DKI Jakarta,2024-09-24,Referral
CUST-0747,Jasmine Cahyani,Female,29,Jakarta,DKI Jakarta,2024-12-18,Organic Social
CUST-0748,Zaki Santoso,Female,41,Tangerang,Banten,2023-02-09,TikTok Ads
CUST-0749,Rizky Wijaya,Male,24,Surabaya,Jawa Timur,2025-04-13,Referral
CUST-0750,Joko Kusuma,Male,23,Palembang,Sumatera Selatan,2025-08-02,Referral
CUST-0751,Tono Firmansyah,Female,43,Jakarta,DKI Jakarta,2024-02-21,Instagram Ads
CUST-0752,Endah Suryadi,Female,43,Palembang,Sumatera Selatan,2023-07-21,Organic Social
CUST-0753,Mega Ramadhan,Male,34,Semarang,Jawa Tengah,2022-06-12,TikTok Ads
CUST-0754,Krisna Hidayat,Male,19,Surabaya,Jawa Timur,2022-11-10,Google Search
CUST-0755,Yuni Wijaya,Female,23,Semarang,Jawa Tengah,2023-07-31,Instagram Ads
CUST-0756,Fajar Wijaya,Male,28,Jakarta,DKI Jakarta,2025-08-27,Instagram Ads
CUST-0757,Ulfa Hartono,Male,38,Solo,Jawa Tengah,2023-04-27,Google Search
CUST-0758,Fajar Darmawan,Male,30,Medan,Sumatera Utara,2024-12-19,Instagram Ads
CUST-0759,Krisna Santoso,Male,43,Surabaya,Jawa Timur,2024-07-16,Instagram Ads
CUST-0760,Ulfa Saputra,Female,32,Jakarta,DKI Jakarta,2023-12-15,Google Search
CUST-0761,Nadia Kurniawan,Male,34,Jakarta,DKI Jakarta,2025-05-19,Organic Social
CUST-0762,Laras Hartono,Male,29,Tangerang,Banten,2024-10-22,TikTok Ads
CUST-0763,Galih Yulianti,Female,42,Jakarta,DKI Jakarta,2025-07-27,Instagram Ads
CUST-0764,Endah Firmansyah,Male,19,Makassar,Sulawesi Selatan,2024-01-16,Organic Social
CUST-0765,Wawan Gunawan,Male,32,Tangerang,Banten,2023-07-30,Google Search
CUST-0766,Beni Santoso,Male,41,Makassar,Sulawesi Selatan,2022-06-24,TikTok Ads
CUST-0767,Wawan Wibowo,Male,22,Semarang,Jawa Tengah,2024-03-25,Referral
CUST-0768,Wawan Kurniawan,Male,25,Makassar,Sulawesi Selatan,2022-07-30,Referral
CUST-0769,Endah Marliana,Male,34,Bandar Lampung,Lampung,2022-08-12,Organic Social
CUST-0770,Dewi Prakoso,Male,32,Palembang,Sumatera Selatan,2025-01-03,TikTok Ads
CUST-0771,Taufik Lestari,Female,19,Medan,Sumatera Utara,2024-03-08,Organic Social
CUST-0772,Bagus Lestari,Female,23,Palembang,Sumatera Selatan,2024-05-25,Marketplace
CUST-0773,Hana Handoko,Female,31,Makassar,Sulawesi Selatan,2023-05-06,Organic Social
CUST-0774,Galih Marliana,Male,27,Bandung,Jawa Barat,2024-03-06,Instagram Ads
CUST-0775,Zaki Yulianti,Female,28,Yogyakarta,DI Yogyakarta,2024-02-10,Instagram Ads
CUST-0776,Irfan Rahayu,Female,19,Jakarta,DKI Jakarta,2022-12-07,Instagram Ads
CUST-0777,Vina Halim,Male,35,Bandung,Jawa Barat,2025-02-15,Referral
CUST-0778,Cindy Anggraini,Male,23,Jakarta,DKI Jakarta,2025-04-23,TikTok Ads
CUST-0779,Nadia Handoko,Female,20,Malang,Jawa Timur,2023-01-24,Instagram Ads
CUST-0780,Umar Pratama,Female,43,Yogyakarta,DI Yogyakarta,2022-09-03,Google Search
CUST-0781,Jihan Lestari,Female,25,Bandung,Jawa Barat,2023-08-04,Organic Social
CUST-0782,Omar Setiawan,Female,27,Denpasar,Bali,2023-12-11,TikTok Ads
CUST-0783,Vero Yulianti,Female,27,Jakarta,DKI Jakarta,2024-05-18,Instagram Ads
CUST-0784,Dewi Halim,Female,29,Bandung,Jawa Barat,2022-10-24,Instagram Ads
CUST-0785,Ayu Kusuma,Female,20,Palembang,Sumatera Selatan,2022-09-12,Referral
CUST-0786,Maya Cahyani,Male,28,Palembang,Sumatera Selatan,2024-11-30,Referral
CUST-0787,Laras Halim,Male,43,Unknown,Jawa Barat,2022-11-08,Instagram Ads
CUST-0788,Vero Darmawan,Female,28,Depok,Jawa Barat,2025-01-15,TikTok Ads
CUST-0789,Zaki Wibowo,Female,38,Jakarta,DKI Jakarta,2023-09-02,Instagram Ads
CUST-0790,Bagus Santoso,Male,29,Bandar Lampung,Lampung,2024-04-07,TikTok Ads
CUST-0791,Nadia Purnama,Male,28,Bandung,Jawa Barat,2024-12-31,Instagram Ads
CUST-0792,Umar Setiawan,Female,39,Jakarta,DKI Jakarta,2023-01-06,TikTok Ads
CUST-0793,Faisal Wibowo,Male,36,Medan,Sumatera Utara,2023-10-02,Instagram Ads
CUST-0794,Wawan Setiawan,Male,32,Jakarta,DKI Jakarta,2024-10-30,Referral
CUST-0795,Galih Nugroho,Male,41,Jakarta,DKI Jakarta,2022-11-07,Google Search
CUST-0796,Ayu Santoso,Female,33,Yogyakarta,DI Yogyakarta,2025-07-11,Google Search
CUST-0797,Fajar Saputra,Female,39,Denpasar,Bali,2024-07-16,Organic Social
CUST-0798,Jihan Permana,Male,40,Malang,Jawa Timur,2022-06-01,TikTok Ads
CUST-0799,Beni Kurniawan,Female,29,Medan,Sumatera Utara,2023-07-06,Referral
CUST-0800,Mega Pratama,Male,30,Bandar Lampung,Lampung,2024-11-07,Google Search
CUST-0801,Krisna Wijaya,Male,20,Semarang,Jawa Tengah,2023-02-17,Instagram Ads
CUST-0802,Putri Maulana,Female,28,Semarang,Jawa Tengah,2024-06-05,Referral
CUST-0803,Jihan Saputra,Male,31,Surabaya,Jawa Timur,2024-03-13,Google Search
CUST-0804,Erik Maulana,Female,45,Yogyakarta,DI Yogyakarta,2023-06-21,Instagram Ads
CUST-0805,Joko Sukmawati,Female,21,Solo,Jawa Tengah,2023-02-13,Organic Social
CUST-0806,Guntur Anggraini,Female,39,Denpasar,Bali,2023-03-06,Organic Social
CUST-0807,Krisna Prakoso,Male,33,Tangerang,Banten,2024-10-19,TikTok Ads
CUST-0808,Farah Sukmawati,Female,19,Surabaya,Jawa Timur,2023-06-16,Instagram Ads
CUST-0809,Cindy Purnama,Male,37,Yogyakarta,DI Yogyakarta,2024-09-19,TikTok Ads
CUST-0810,Wulan Sukmawati,Female,41,Surabaya,Jawa Timur,2025-09-01,TikTok Ads
CUST-0811,Omar Santoso,Female,21,Bogor,Jawa Barat,2023-12-25,Instagram Ads
CUST-0812,Umar Hartono,Male,36,Makassar,Sulawesi Selatan,2022-11-07,Instagram Ads
CUST-0813,Laras Sukmawati,Female,35,Bandung,Jawa Barat,2022-06-23,TikTok Ads
CUST-0814,Nadia Sukmawati,Female,20,Bandung,Jawa Barat,2024-01-25,TikTok Ads
CUST-0815,Laras Wijaya,Female,34,Bekasi,Jawa Barat,2023-11-16,Google Search
CUST-0816,Eka Handoko,Female,21,Bandung,Jawa Barat,2022-07-26,Organic Social
CUST-0817,Hana Hartono,Female,27,Bandung,Jawa Barat,2023-12-28,Instagram Ads
CUST-0818,Rangga Yulianti,Male,30,Medan,Sumatera Utara,2023-04-06,Referral
CUST-0819,Joko Hartono,Male,29,Yogyakarta,DI Yogyakarta,2025-05-16,Marketplace
CUST-0820,Putri Ramadhan,Male,32,Jakarta,DKI Jakarta,2025-03-12,TikTok Ads
CUST-0821,Reza Hidayat,Female,45,Makassar,Sulawesi Selatan,2023-08-06,Referral
CUST-0822,Yoga Darmawan,Female,34,Jakarta,DKI Jakarta,2023-05-10,Marketplace
CUST-0823,Citra Pratama,Female,23,Unknown,DKI Jakarta,2024-08-07,Instagram Ads
CUST-0824,Cindy Nugroho,Male,35,Unknown,Jawa Barat,2024-07-22,Marketplace
CUST-0825,Wawan Hidayat,Male,39,Makassar,Sulawesi Selatan,2024-11-01,Instagram Ads
CUST-0826,Putri Sukmawati,Female,43,Jakarta,DKI Jakarta,2025-09-09,Referral
CUST-0827,Vina Setiawan,Female,41,Bekasi,Jawa Barat,2025-04-30,Instagram Ads
CUST-0828,Taufik Anggraini,Female,22,Jakarta,DKI Jakarta,2022-10-18,TikTok Ads
CUST-0829,Dewi Hartono,Female,19,Tangerang,Banten,2023-10-29,Google Search
CUST-0830,Nadia Halim,Male,22,Bogor,Jawa Barat,2023-02-05,TikTok Ads
CUST-0831,Ulfa Kusuma,Male,24,Bekasi,Jawa Barat,2025-08-03,Instagram Ads
CUST-0832,Ulfa Marliana,Male,27,Yogyakarta,DI Yogyakarta,2022-11-03,Google Search
CUST-0833,Dewi Wibowo,Female,21,Bekasi,Jawa Barat,2023-11-10,TikTok Ads
CUST-0834,Eka Suryadi,Male,27,Solo,Jawa Tengah,2023-11-11,Marketplace
CUST-0835,Jihan Darmawan,Female,34,Jakarta,DKI Jakarta,2024-08-13,TikTok Ads
CUST-0836,Cindy Santoso,Male,41,Makassar,Sulawesi Selatan,2023-01-04,Instagram Ads
CUST-0837,Prita Pratama,Female,34,Tangerang,Banten,2024-11-30,Marketplace
CUST-0838,Laras Pratama,Female,29,Denpasar,Bali,2023-11-28,TikTok Ads
CUST-0839,Anwar Yulianti,Female,31,Pekanbaru,Riau,2025-03-01,Organic Social
CUST-0840,Faisal Nugroho,Female,41,Semarang,Jawa Tengah,2022-06-07,Google Search
CUST-0841,Prita Firmansyah,Female,28,Unknown,Riau,2024-06-05,Instagram Ads
CUST-0842,Tono Firmansyah,Female,33,Semarang,Jawa Tengah,2024-04-27,Instagram Ads
CUST-0843,Irfan Nugroho,Male,28,Semarang,Jawa Tengah,2024-07-26,Google Search
CUST-0844,Indra Wijaya,Male,33,Unknown,Jawa Timur,2022-11-21,Instagram Ads
CUST-0845,Reza Permana,Female,21,Tangerang,Banten,2023-10-02,TikTok Ads
CUST-0846,Dewi Lestari,Male,19,Balikpapan,Kalimantan Timur,2024-12-07,Organic Social
CUST-0847,Endah Ramadhan,Female,39,Jakarta,DKI Jakarta,2023-01-29,Organic Social
CUST-0848,Joko Suryadi,Female,21,Semarang,Jawa Tengah,2025-08-30,Google Search
CUST-0849,Lukman Firmansyah,Female,39,Yogyakarta,DI Yogyakarta,2022-09-02,Instagram Ads
CUST-0850,Eka Prakoso,Female,24,Bandung,Jawa Barat,2022-12-17,Organic Social
CUST-0851,Cahya Prakoso,Female,25,Jakarta,DKI Jakarta,2023-08-26,Marketplace
CUST-0852,Indra Lestari,Female,40,Denpasar,Bali,2024-03-26,Organic Social
CUST-0853,Sari Halim,Male,29,Depok,Jawa Barat,2022-09-02,Referral
CUST-0854,Mega Wijaya,Female,33,Jakarta,DKI Jakarta,2024-06-27,Instagram Ads
CUST-0855,Fajar Pratama,Male,19,Depok,Jawa Barat,2024-07-10,Instagram Ads
CUST-0856,Faisal Cahyani,Female,44,Bandar Lampung,Lampung,2024-01-03,Instagram Ads
CUST-0857,Lukman Hartono,Female,32,Unknown,DKI Jakarta,2023-12-07,Referral
CUST-0858,Beni Permana,Male,21,Medan,Sumatera Utara,2025-03-20,TikTok Ads
CUST-0859,Omar Gunawan,Female,35,Jakarta,DKI Jakarta,2023-09-26,Organic Social
CUST-0860,Nanda Hidayat,Female,43,Solo,Jawa Tengah,2025-04-05,Instagram Ads
CUST-0861,Kartika Ramadhan,Male,34,Jakarta,DKI Jakarta,2023-04-02,Marketplace
CUST-0862,Omar Yulianti,Female,32,Jakarta,DKI Jakarta,2024-06-15,Organic Social
CUST-0863,Beni Pratama,Male,36,Unknown,DI Yogyakarta,2022-12-31,TikTok Ads
CUST-0864,Bayu Saputra,Male,37,Jakarta,DKI Jakarta,2023-09-25,Referral
CUST-0865,Putri Sukmawati,Male,29,Palembang,Sumatera Selatan,2023-09-15,TikTok Ads
CUST-0866,Hilda Maulana,Female,37,Jakarta,DKI Jakarta,2023-08-26,Instagram Ads
CUST-0867,Wulan Saputra,Female,30,Bandar Lampung,Lampung,2024-12-18,Google Search
CUST-0868,Dewi Hidayat,Female,20,Solo,Jawa Tengah,2023-07-20,Instagram Ads
CUST-0869,Hilda Permana,Female,43,Bogor,Jawa Barat,2024-12-26,Google Search
CUST-0870,Fajar Maulana,Female,36,Depok,Jawa Barat,2023-05-15,Organic Social
CUST-0871,Adit Sukmawati,Male,45,Yogyakarta,DI Yogyakarta,2023-08-18,TikTok Ads
CUST-0872,Kevin Purnama,Female,37,Malang,Jawa Timur,2023-10-21,Marketplace
CUST-0873,Faisal Sukmawati,Female,20,Palembang,Sumatera Selatan,2022-06-11,Referral
CUST-0874,Dinda Nugroho,Female,44,Jakarta,DKI Jakarta,2025-05-23,TikTok Ads
CUST-0875,Nanda Halim,Male,41,Jakarta,DKI Jakarta,2025-07-18,TikTok Ads
CUST-0876,Vero Anggraini,Female,40,Jakarta,DKI Jakarta,2022-12-03,Organic Social
CUST-0877,Guntur Cahyani,Male,33,Bekasi,Jawa Barat,2022-07-20,TikTok Ads
CUST-0878,Guntur Firmansyah,Male,41,Depok,Jawa Barat,2024-06-28,Instagram Ads
CUST-0879,Sari Cahyani,Female,28,Palembang,Sumatera Selatan,2024-04-12,Marketplace
CUST-0880,Wawan Sukmawati,Male,21,Semarang,Jawa Tengah,2023-07-30,Marketplace
CUST-0881,Endah Hartono,Male,22,Semarang,Jawa Tengah,2024-06-15,Instagram Ads
CUST-0882,Nanda Halim,Male,36,surabaya,Jawa Timur,2025-07-19,Marketplace
CUST-0883,Mega Handoko,Male,42,Jakarta,DKI Jakarta,2023-01-19,Marketplace
CUST-0884,Citra Hidayat,Female,27,Jakarta,DKI Jakarta,2023-09-05,Instagram Ads
CUST-0885,Faisal Cahyani,Female,35,Surabaya,Jawa Timur,2024-12-13,TikTok Ads
CUST-0886,Ulfa Yulianti,Female,30,Bogor,Jawa Barat,2024-01-20,Marketplace
CUST-0887,Ayu Marliana,Male,33,Malang,Jawa Timur,2023-06-21,Instagram Ads
CUST-0888,Joko Suryadi,Female,27,Balikpapan,Kalimantan Timur,2022-11-05,Instagram Ads
CUST-0889,Indra Suryadi,Female,40,Jakarta,DKI Jakarta,2022-07-17,TikTok Ads
CUST-0890,Cahya Utami,Female,21,Surabaya,Jawa Timur,2022-07-14,Organic Social
CUST-0891,Beni Lestari,Female,29,Semarang,Jawa Tengah,2024-04-18,TikTok Ads
CUST-0892,Laras Halim,Male,33,Denpasar,Bali,2025-05-21,Organic Social
CUST-0893,Anwar Handoko,Female,30,Bandung,Jawa Barat,2023-11-15,Instagram Ads
CUST-0894,Vero Setiawan,Male,38,Bandung,Jawa Barat,2024-12-20,Instagram Ads
CUST-0895,Vina Purnama,Female,22,Solo,Jawa Tengah,2023-04-11,Instagram Ads
CUST-0896,Vina Gunawan,Female,41,Bandung,Jawa Barat,2023-06-13,Instagram Ads
CUST-0897,Ayu Kurniawan,Female,22,Surabaya,Jawa Timur,2023-04-29,TikTok Ads
CUST-0898,Yoga Setiawan,Male,23,jakarta,DKI Jakarta,2024-12-25,Marketplace
CUST-0899,Zahra Purnama,Female,28,Bandung,Jawa Barat,2024-01-27,Google Search
CUST-0900,Irfan Wijaya,Female,22,Depok,Jawa Barat,2024-11-22,Instagram Ads
CUST-0901,Doni Gunawan,Female,38,Semarang,Jawa Tengah,2024-02-21,Instagram Ads
CUST-0902,Anwar Hidayat,Male,26,Jakarta,DKI Jakarta,2023-07-05,Instagram Ads
CUST-0903,Ayu Saputra,Male,21,Jakarta,DKI Jakarta,2024-11-29,TikTok Ads
CUST-0904,Joko Cahyani,Male,40,Medan,Sumatera Utara,2025-04-13,Organic Social
CUST-0905,Doni Handoko,Female,30,Surabaya,Jawa Timur,2024-07-03,Google Search
CUST-0906,Tono Kusuma,Male,32,Jakarta,DKI Jakarta,2024-11-26,Organic Social
CUST-0907,Mega Hartono,Male,32,Balikpapan,Kalimantan Timur,2024-10-16,Instagram Ads
CUST-0908,Eka Kurniawan,Male,35,Jakarta,DKI Jakarta,2025-01-28,Marketplace
CUST-0909,Bayu Kusuma,Female,39,Bekasi,Jawa Barat,2022-11-29,Google Search
CUST-0910,Krisna Suryadi,Female,45,Tangerang,Banten,2023-03-08,Instagram Ads
CUST-0911,Oki Pratama,Female,36,Bogor,Jawa Barat,2025-09-11,Organic Social
CUST-0912,Hana Firmansyah,Male,45,Jakarta,DKI Jakarta,2024-02-05,Google Search
CUST-0913,Bagus Nugroho,Female,41,Bandung,Jawa Barat,2023-06-03,Referral
CUST-0914,Laras Maulana,Male,30,Yogyakarta,DI Yogyakarta,2022-10-15,Organic Social
CUST-0915,Hesti Sukmawati,Male,45,Makassar,Sulawesi Selatan,2025-01-30,Google Search
CUST-0916,Hilda Cahyani,Male,23,Bogor,Jawa Barat,2023-04-30,Instagram Ads
CUST-0917,Yuni Wijaya,Female,39,Jakarta,DKI Jakarta,2023-12-11,Instagram Ads
CUST-0918,Zahra Nugroho,Female,43,Semarang,Jawa Tengah,2022-11-05,Google Search
CUST-0919,Cahya Permana,Male,45,Jakarta,DKI Jakarta,2024-03-22,Instagram Ads
CUST-0920,Joko Pratama,Female,37,Tangerang,Banten,2024-06-12,Instagram Ads
CUST-0921,Joko Rahayu,Female,24,Bandung,Jawa Barat,2025-02-18,Instagram Ads
CUST-0922,Farah Setiawan,Male,45,Jakarta,DKI Jakarta,2025-07-19,Referral
CUST-0923,Indra Kurniawan,Female,21,Tangerang,Banten,2023-01-20,Instagram Ads
CUST-0924,Nadia Rahayu,Female,33,Bandung,Jawa Barat,2024-06-12,Referral
CUST-0925,Indra Handoko,Female,45,Bandung,Jawa Barat,2024-02-14,Referral
CUST-0926,Citra Cahyani,Female,23,Denpasar,Bali,2024-02-20,Referral
CUST-0927,Maya Nugroho,Male,43,Jakarta,DKI Jakarta,2022-07-09,Instagram Ads
CUST-0928,Umar Ramadhan,Female,27,Denpasar,Bali,2022-09-30,Instagram Ads
CUST-0929,Maya Kusuma,Male,25,Jakarta,DKI Jakarta,2023-02-09,Referral
CUST-0930,Yuni Gunawan,Male,27,Jakarta,DKI Jakarta,2023-03-26,Instagram Ads
CUST-0931,Mega Darmawan,Female,21,Yogyakarta,DI Yogyakarta,2023-10-09,Instagram Ads
CUST-0932,Jihan Pratama,Male,24,Jakarta,DKI Jakarta,2023-06-28,Marketplace
CUST-0933,Ulfa Purnama,Male,41,Jakarta,DKI Jakarta,2023-08-13,Instagram Ads
CUST-0934,Citra Saputra,Female,30,Denpasar,Bali,2023-01-06,TikTok Ads
CUST-0935,Galih Darmawan,Female,22,Surabaya,Jawa Timur,2024-03-05,TikTok Ads
CUST-0936,Tono Anggraini,Female,34,Bandung,Jawa Barat,2022-08-23,Google Search
CUST-0937,Farah Maulana,Female,32,Bandung,Jawa Barat,2024-11-26,Instagram Ads
CUST-0938,Taufik Suryadi,Male,30,Jakarta,DKI Jakarta,2025-01-30,Referral
CUST-0939,Ayu Wibowo,Male,21,Surabaya,Jawa Timur,2025-05-06,Referral
CUST-0940,Nadia Handoko,Female,25,Solo,Jawa Tengah,2023-05-12,Marketplace
CUST-0941,Anwar Purnama,Male,27,Jakarta,DKI Jakarta,2024-10-17,Google Search
CUST-0942,Ayu Suryadi,Female,40,Bekasi,Jawa Barat,2024-08-28,TikTok Ads
CUST-0943,Oki Firmansyah,Female,27,Jakarta,DKI Jakarta,2024-12-18,Marketplace
CUST-0944,Lukman Wibowo,Male,34,Jakarta,DKI Jakarta,2022-09-17,Google Search
CUST-0945,Sinta Darmawan,Male,22,Bandung,Jawa Barat,2024-02-11,TikTok Ads
CUST-0946,Hesti Hidayat,Female,40,Yogyakarta,DI Yogyakarta,2025-01-10,TikTok Ads
CUST-0947,Citra Marliana,Female,43,Depok,Jawa Barat,2025-06-12,Marketplace
CUST-0948,Cindy Kusuma,Male,33,Surabaya,Jawa Timur,2024-03-06,Google Search
CUST-0949,Indra Permana,Male,24,Malang,Jawa Timur,2024-02-11,Referral
CUST-0950,Taufik Setiawan,Female,34,Yogyakarta,DI Yogyakarta,2023-01-11,Google Search
CUST-0951,Mega Wibowo,Female,31,Yogyakarta,DI Yogyakarta,2023-04-17,Google Search
CUST-0952,Indra Prakoso,Female,19,Unknown,Jawa Barat,2024-01-04,TikTok Ads
CUST-0953,Gita Maulana,Female,39,Depok,Jawa Barat,2025-09-08,TikTok Ads
CUST-0954,Reza Permana,Female,26,Surabaya,Jawa Timur,2024-05-20,Google Search
CUST-0955,Bagus Setiawan,Male,22,Palembang,Sumatera Selatan,2022-10-13,TikTok Ads
CUST-0956,Ulfa Suryadi,Female,32,Yogyakarta,DI Yogyakarta,2024-10-13,Google Search
CUST-0957,Cahya Suryadi,Female,29,Solo,Jawa Tengah,2024-07-13,Instagram Ads
CUST-0958,Wawan Kusuma,Female,44,Denpasar,Bali,2024-04-19,Google Search
CUST-0959,Beni Santoso,Female,39,Surabaya,Jawa Timur,2024-11-09,Organic Social
CUST-0960,Ayu Yulianti,Female,28,Semarang,Jawa Tengah,2024-01-10,Instagram Ads
CUST-0961,Wawan Hidayat,Male,37,Bekasi,Jawa Barat,2022-12-06,Instagram Ads
CUST-0962,Reza Prakoso,Female,30,Depok,Jawa Barat,2025-01-29,TikTok Ads
CUST-0963,Ayu Hidayat,Male,29,Depok,Jawa Barat,2024-11-03,Google Search
CUST-0964,Ivan Handoko,Female,19,Yogyakarta,DI Yogyakarta,2025-06-26,Instagram Ads
CUST-0965,Omar Handoko,Female,39,Yogyakarta,DI Yogyakarta,2025-01-13,Referral
CUST-0966,Zaki Anggraini,Male,20,Unknown,Jawa Timur,2025-08-03,Instagram Ads
CUST-0967,Erik Kurniawan,Male,32,Jakarta,DKI Jakarta,2024-02-05,Instagram Ads
CUST-0968,Rangga Ramadhan,Female,28,Jakarta,DKI Jakarta,2024-09-22,Google Search
CUST-0969,Dinda Permana,Female,19,Unknown,Jawa Timur,2023-01-19,TikTok Ads
CUST-0970,Sari Halim,Female,20,Semarang,Jawa Tengah,2024-11-10,Instagram Ads
CUST-0971,Cindy Sukmawati,Male,24,Depok,Jawa Barat,2023-12-21,TikTok Ads
CUST-0972,Irfan Maulana,Female,28,jakarta,DKI Jakarta,2022-11-19,Organic Social
CUST-0973,Indra Utami,Female,45,Denpasar,Bali,2022-12-02,Instagram Ads
CUST-0974,Anwar Kurniawan,Female,45,Tangerang,Banten,2023-02-03,TikTok Ads
CUST-0975,Vina Lestari,Female,22,Yogyakarta,DI Yogyakarta,2022-12-02,Organic Social
CUST-0976,Lukman Saputra,Male,25,Tangerang,Banten,2023-09-27,Marketplace
CUST-0977,Zaki Cahyani,Male,20,Surabaya,Jawa Timur,2023-11-03,Marketplace
CUST-0978,Hilda Yulianti,Female,26,Bandung,Jawa Barat,2024-10-15,Marketplace
CUST-0979,Irfan Hartono,Male,19,Surabaya,Jawa Timur,2024-06-23,Instagram Ads
CUST-0980,Rangga Setiawan,Male,44,Bekasi,Jawa Barat,2022-09-20,TikTok Ads
CUST-0981,Guntur Utami,Male,40,Makassar,Sulawesi Selatan,2024-06-13,Organic Social
CUST-0982,Kevin Prakoso,Male,27,Surabaya,Jawa Timur,2024-08-13,Referral
CUST-0983,Cahya Darmawan,Male,39,Bandung,Jawa Barat,2023-04-25,Google Search
CUST-0984,Galih Suryadi,Male,45,Depok,Jawa Barat,2023-12-14,Referral
CUST-0985,Kartika Cahyani,Male,45,Bandar Lampung,Lampung,2024-04-12,Instagram Ads
CUST-0986,Vina Anggraini,Male,45,Jakarta,DKI Jakarta,2024-10-09,Referral
CUST-0987,Adit Wibowo,Male,44,Bekasi,Jawa Barat,2023-06-12,Instagram Ads
CUST-0988,Vero Darmawan,Female,24,Bandung,Jawa Barat,2025-08-23,Organic Social
CUST-0989,Guntur Sukmawati,Male,29,Bekasi,Jawa Barat,2024-09-18,Instagram Ads
CUST-0990,Zaki Kusuma,Male,25,Jakarta,DKI Jakarta,2024-04-01,TikTok Ads
CUST-0991,Reza Hartono,Female,19,Surabaya,Jawa Timur,2025-08-12,Google Search
CUST-0992,Dewi Wibowo,Female,41,Palembang,Sumatera Selatan,2025-01-03,Google Search
CUST-0993,Laras Nugroho,Female,30,Medan,Sumatera Utara,2023-04-02,Instagram Ads
CUST-0994,Vero Saputra,Male,34,Semarang,Jawa Tengah,2024-12-16,Instagram Ads
CUST-0995,Citra Handoko,Female,34,malang,Jawa Timur,2023-11-28,Instagram Ads
CUST-0996,Bayu Yulianti,Male,25,Jakarta,DKI Jakarta,2024-01-01,Instagram Ads
CUST-0997,Zaki Purnama,Female,33,Bandung,Jawa Barat,2023-11-19,Referral
CUST-0998,Ayu Ramadhan,Female,29,Yogyakarta,DI Yogyakarta,2022-06-22,Instagram Ads
CUST-0999,Krisna Wijaya,Male,27,Surabaya,Jawa Timur,2024-10-14,Instagram Ads
CUST-1000,Cahya Hartono,Male,38,Bandar Lampung,Lampung,2025-01-20,Referral
CUST-1001,Ayu Ramadhan,Female,38,Depok,Jawa Barat,2022-06-11,TikTok Ads
CUST-1002,Hesti Suryadi,Female,24,Balikpapan,Kalimantan Timur,2025-07-20,Marketplace
CUST-1003,Joko Hidayat,Female,41,Malang,Jawa Timur,2023-02-26,Instagram Ads
CUST-1004,Zaki Kurniawan,Female,45,Jakarta,DKI Jakarta,2023-02-17,TikTok Ads
CUST-1005,Ivan Lestari,Male,43,Palembang,Sumatera Selatan,2023-11-22,TikTok Ads
CUST-1006,Kevin Ramadhan,Male,23,Jakarta,DKI Jakarta,2025-03-03,Google Search
CUST-1007,Faisal Hidayat,Female,26,Surabaya,Jawa Timur,2023-06-22,Instagram Ads
CUST-1008,Yuni Cahyani,Male,34,Yogyakarta,DI Yogyakarta,2023-01-24,Google Search
CUST-1009,Fajar Saputra,Male,23,Yogyakarta,DI Yogyakarta,2023-01-17,Organic Social
CUST-1010,Irfan Ramadhan,Male,45,Jakarta,DKI Jakarta,2023-05-11,Google Search
CUST-1011,Jasmine Santoso,Female,37,Medan,Sumatera Utara,2022-06-09,Instagram Ads
CUST-1012,Taufik Nugroho,Male,19,Yogyakarta,DI Yogyakarta,2022-12-11,TikTok Ads
CUST-1013,Endah Prakoso,Male,23,Medan,Sumatera Utara,2023-01-04,Referral
CUST-1014,Cindy Firmansyah,Male,19,Yogyakarta,DI Yogyakarta,2023-12-04,Google Search
CUST-1015,Tono Lestari,Female,20,Yogyakarta,DI Yogyakarta,2025-08-09,Organic Social
CUST-1016,Rangga Kusuma,Male,31,Bekasi,Jawa Barat,2025-06-25,Instagram Ads
CUST-1017,Anwar Wibowo,Female,25,Bekasi,Jawa Barat,2024-08-25,Instagram Ads
CUST-1018,Yoga Yulianti,Female,34,Bekasi,Jawa Barat,2023-04-12,Marketplace
CUST-1019,Hesti Saputra,Female,22,Palembang,Sumatera Selatan,2023-02-24,TikTok Ads
CUST-1020,Zahra Maulana,Female,38,Malang,Jawa Timur,2025-01-31,Organic Social
CUST-1021,Wawan Anggraini,Male,21,Makassar,Sulawesi Selatan,2024-11-06,Referral
CUST-1022,Ivan Santoso,Male,35,Denpasar,Bali,2023-04-14,Instagram Ads
CUST-1023,Umar Prakoso,Female,23,Surabaya,Jawa Timur,2025-02-03,Instagram Ads
CUST-1024,Hesti Nugroho,Female,21,Surabaya,Jawa Timur,2025-08-08,TikTok Ads
CUST-1025,Yuni Hidayat,Male,37,Surabaya,Jawa Timur,2025-01-07,Google Search
CUST-1026,Beni Kusuma,Female,40,Bekasi,Jawa Barat,2022-07-04,Organic Social
CUST-1027,Wulan Anggraini,Male,28,Jakarta,DKI Jakarta,2024-09-30,Referral
CUST-1028,Lukman Santoso,Female,44,Yogyakarta,DI Yogyakarta,2023-11-25,Referral
CUST-1029,Hana Pratama,Female,19,Medan,Sumatera Utara,2023-01-04,Instagram Ads
CUST-1030,Galih Permana,Male,42,Yogyakarta,DI Yogyakarta,2024-09-07,Google Search
CUST-1031,Cahya Permana,Male,41,Solo,Jawa Tengah,2024-06-08,Instagram Ads
CUST-1032,Maya Handoko,Female,19,Jakarta,DKI Jakarta,2023-06-26,Instagram Ads
CUST-1033,Farah Yulianti,Male,32,Yogyakarta,DI Yogyakarta,2023-03-25,TikTok Ads
CUST-1034,Kartika Marliana,Female,32,Jakarta,DKI Jakarta,2025-01-05,Instagram Ads
CUST-1035,Maya Permana,Female,33,Tangerang,Banten,2025-02-18,Google Search
CUST-1036,Vero Maulana,Female,22,Bogor,Jawa Barat,2022-09-13,Marketplace
CUST-1037,Cindy Suryadi,Male,36,Bogor,Jawa Barat,2025-08-29,TikTok Ads
CUST-1038,Citra Purnama,Female,20,Semarang,Jawa Tengah,2025-02-24,TikTok Ads
CUST-1039,Reza Gunawan,Male,22,Jakarta,DKI Jakarta,2024-10-02,TikTok Ads
CUST-1040,Doni Utami,Female,25,Unknown,Jawa Timur,2023-04-27,TikTok Ads
CUST-1041,Endah Halim,Male,45,Medan,Sumatera Utara,2024-04-25,Organic Social
CUST-1042,Reza Sukmawati,Male,45,Tangerang,Banten,2024-08-08,TikTok Ads
CUST-1043,Fajar Ramadhan,Male,28,Yogyakarta,DI Yogyakarta,2023-04-28,TikTok Ads
CUST-1044,Galih Permana,Male,22,Jakarta,DKI Jakarta,2023-04-17,Instagram Ads
CUST-1045,Kartika Kusuma,Female,27,semarang,Jawa Tengah,2022-07-08,Organic Social
CUST-1046,Omar Utami,Male,29,Palembang,Sumatera Selatan,2022-08-05,Instagram Ads
CUST-1047,Cindy Darmawan,Male,44,Jakarta,DKI Jakarta,2023-11-11,Organic Social
CUST-1048,Gita Cahyani,Male,35,Bandung,Jawa Barat,2023-04-06,Instagram Ads
CUST-1049,Gita Yulianti,Male,43,Pekanbaru,Riau,2024-12-23,Google Search
CUST-1050,Kartika Firmansyah,Male,20,Bekasi,Jawa Barat,2022-12-26,Instagram Ads
CUST-1051,Zahra Rahayu,Female,28,Jakarta,DKI Jakarta,2024-06-10,TikTok Ads
CUST-1052,Hana Handoko,Male,29,Malang,Jawa Timur,2023-04-12,Instagram Ads
CUST-1053,Tono Rahayu,Female,44,Balikpapan,Kalimantan Timur,2022-06-14,Instagram Ads
CUST-1054,Zahra Darmawan,Female,40,Bandung,Jawa Barat,2024-09-27,TikTok Ads
CUST-1055,Irfan Anggraini,Male,32,Depok,Jawa Barat,2023-03-10,Marketplace
CUST-1056,Adit Cahyani,Male,33,Semarang,Jawa Tengah,2024-06-10,Organic Social
CUST-1057,Kartika Maulana,Female,31,Pekanbaru,Riau,2022-11-21,Instagram Ads
CUST-1058,Vero Yulianti,Male,20,Bekasi,Jawa Barat,2023-04-06,Google Search
CUST-1059,Guntur Permana,Female,40,Semarang,Jawa Tengah,2024-01-27,Referral
CUST-1060,Omar Kurniawan,Female,27,Bandung,Jawa Barat,2024-05-05,Instagram Ads
CUST-1061,Reza Anggraini,Male,38,Surabaya,Jawa Timur,2023-07-26,Referral
CUST-1062,Jihan Lestari,Male,28,Malang,Jawa Timur,2024-09-06,TikTok Ads
CUST-1063,Fajar Rahayu,Female,36,Tangerang,Banten,2023-02-14,Google Search
CUST-1064,Rangga Utami,Female,44,Semarang,Jawa Tengah,2023-04-24,Organic Social
CUST-1065,Erik Gunawan,Male,22,Bandung,Jawa Barat,2024-10-13,Instagram Ads
CUST-1066,Doni Permana,Female,39,Semarang,Jawa Tengah,2023-02-09,Google Search
CUST-1067,Mega Purnama,Male,44,Jakarta,DKI Jakarta,2024-04-25,Referral
CUST-1068,Tono Ramadhan,Male,26,pekanbaru,Riau,2025-05-28,Organic Social
CUST-1069,Gita Lestari,Male,35,Tangerang,Banten,2023-03-14,TikTok Ads
CUST-1070,Erik Maulana,Female,23,Jakarta,DKI Jakarta,2024-06-09,Instagram Ads
CUST-1071,Taufik Rahayu,Female,33,Jakarta,DKI Jakarta,2023-02-22,TikTok Ads
CUST-1072,Citra Anggraini,Male,37,Semarang,Jawa Tengah,2024-08-17,Referral
CUST-1073,Galih Cahyani,Male,23,Pekanbaru,Riau,2024-10-01,TikTok Ads
CUST-1074,Endah Suryadi,Male,22,Balikpapan,Kalimantan Timur,2025-04-17,Instagram Ads
CUST-1075,Bayu Nugroho,Female,22,jakarta,DKI Jakarta,2025-07-19,Instagram Ads
CUST-1076,Zaki Permana,Female,22,Medan,Sumatera Utara,2022-08-22,Instagram Ads
CUST-1077,Kevin Marliana,Female,37,Jakarta,DKI Jakarta,2023-03-20,TikTok Ads
CUST-1078,Krisna Gunawan,Male,34,Bandung,Jawa Barat,2023-06-10,Instagram Ads
CUST-1079,Wawan Yulianti,Female,37,Jakarta,DKI Jakarta,2025-02-10,TikTok Ads
CUST-1080,Zahra Anggraini,Male,35,Bogor,Jawa Barat,2023-02-27,Google Search
CUST-1081,Bayu Wibowo,Female,38,Jakarta,DKI Jakarta,2024-03-28,Instagram Ads
CUST-1082,Yoga Hidayat,Female,40,Unknown,Jawa Timur,2025-06-12,Google Search
CUST-1083,Umar Setiawan,Female,44,Malang,Jawa Timur,2022-07-21,Google Search
CUST-1084,Zahra Wijaya,Female,38,Makassar,Sulawesi Selatan,2022-11-22,Marketplace
CUST-1085,Kevin Setiawan,Female,19,Semarang,Jawa Tengah,2025-01-30,Instagram Ads
CUST-1086,Mega Anggraini,Female,41,Jakarta,DKI Jakarta,2023-07-27,Instagram Ads
CUST-1087,Kevin Pratama,Female,20,Semarang,Jawa Tengah,2024-03-18,TikTok Ads
CUST-1088,Fajar Nugroho,Male,29,Jakarta,DKI Jakarta,2022-07-20,Marketplace
CUST-1089,Joko Permana,Female,27,Semarang,Jawa Tengah,2024-01-06,Marketplace
CUST-1090,Vero Wijaya,Male,29,Denpasar,Bali,2022-09-29,Instagram Ads
CUST-1091,Dinda Marliana,Female,29,Jakarta,DKI Jakarta,2023-03-19,Instagram Ads
CUST-1092,Rizky Nugroho,Female,35,Jakarta,DKI Jakarta,2025-09-13,Instagram Ads
CUST-1093,Prita Utami,Female,34,Bandung,Jawa Barat,2025-07-07,Marketplace
CUST-1094,Zahra Setiawan,Male,40,Jakarta,DKI Jakarta,2025-07-09,Google Search
CUST-1095,Hesti Saputra,Female,21,Jakarta,DKI Jakarta,2025-08-07,Organic Social
CUST-1096,Citra Kurniawan,Male,44,Jakarta,DKI Jakarta,2025-06-11,Google Search
CUST-1097,Kartika Pratama,Male,38,Jakarta,DKI Jakarta,2025-01-07,Instagram Ads
CUST-1098,Yuni Prakoso,Male,45,Bandar Lampung,Lampung,2023-12-12,Google Search
CUST-1099,Laras Santoso,Female,24,Medan,Sumatera Utara,2025-04-11,TikTok Ads
CUST-1100,Sari Marliana,Male,42,Surabaya,Jawa Timur,2023-02-07,TikTok Ads
CUST-1101,Zahra Cahyani,Male,29,Makassar,Sulawesi Selatan,2024-03-13,TikTok Ads
CUST-1102,Wawan Pratama,Female,33,Bandung,Jawa Barat,2024-03-20,Marketplace
CUST-1103,Taufik Kusuma,Male,19,Jakarta,DKI Jakarta,2022-06-05,TikTok Ads
CUST-1104,Hilda Firmansyah,Male,36,Palembang,Sumatera Selatan,2025-02-26,Google Search
CUST-1105,Rizky Prakoso,Male,30,Semarang,Jawa Tengah,2024-11-28,Google Search
CUST-1106,Doni Pratama,Female,30,Surabaya,Jawa Timur,2022-06-18,Instagram Ads
CUST-1107,Fajar Prakoso,Male,41,Jakarta,DKI Jakarta,2023-12-28,Google Search
CUST-1108,Cindy Hidayat,Female,34,Bandung,Jawa Barat,2023-08-27,TikTok Ads
CUST-1109,Hana Handoko,Female,45,Tangerang,Banten,2023-08-03,Instagram Ads
CUST-1110,Taufik Ramadhan,Female,40,Yogyakarta,DI Yogyakarta,2023-05-16,Google Search
CUST-1111,Laras Handoko,Male,23,Jakarta,DKI Jakarta,2023-02-18,Instagram Ads
CUST-1112,Ulfa Ramadhan,Female,40,Semarang,Jawa Tengah,2023-12-14,TikTok Ads
CUST-1113,Reza Ramadhan,Male,19,Bandung,Jawa Barat,2025-07-22,Marketplace
CUST-1114,Taufik Rahayu,Female,32,Jakarta,DKI Jakarta,2024-03-23,TikTok Ads
CUST-1115,Jasmine Maulana,Male,26,Surabaya,Jawa Timur,2022-08-29,TikTok Ads
CUST-1116,Cahya Pratama,Female,21,Bandung,Jawa Barat,2024-08-11,Marketplace
CUST-1117,Wawan Permana,Male,26,Jakarta,DKI Jakarta,2024-10-15,Instagram Ads
CUST-1118,Cahya Firmansyah,Female,44,Makassar,Sulawesi Selatan,2022-07-28,Marketplace
CUST-1119,Erik Wijaya,Female,26,Bogor,Jawa Barat,2023-10-20,Organic Social
CUST-1120,Doni Darmawan,Male,43,Semarang,Jawa Tengah,2023-09-28,Instagram Ads
CUST-1121,Rizky Lestari,Female,20,Unknown,Jawa Timur,2023-02-11,Organic Social
CUST-1122,Umar Hartono,Female,44,Tangerang,Banten,2023-02-17,Google Search
CUST-1123,Ayu Nugroho,Female,28,Jakarta,DKI Jakarta,2022-09-23,Google Search
CUST-1124,Hilda Hartono,Female,33,Surabaya,Jawa Timur,2022-06-22,Google Search
CUST-1125,Gita Nugroho,Female,29,Bandung,Jawa Barat,2022-07-24,Instagram Ads
CUST-1126,Rangga Gunawan,Male,23,Tangerang,Banten,2023-07-02,TikTok Ads
CUST-1127,Dewi Halim,Female,23,Tangerang,Banten,2024-11-27,TikTok Ads
CUST-1128,Joko Suryadi,Female,36,Surabaya,Jawa Timur,2024-06-02,TikTok Ads
CUST-1129,Taufik Halim,Male,35,bandung,Jawa Barat,2024-06-25,Instagram Ads
CUST-1130,Maya Firmansyah,Male,32,Semarang,Jawa Tengah,2025-07-20,Marketplace
CUST-1131,Endah Hartono,Female,34,Depok,Jawa Barat,2024-04-30,Referral
CUST-1132,Wawan Kusuma,Male,38,Bogor,Jawa Barat,2025-08-03,Instagram Ads
CUST-1133,Ulfa Utami,Female,19,malang,Jawa Timur,2022-08-26,TikTok Ads
CUST-1134,Yoga Wibowo,Male,45,Jakarta,DKI Jakarta,2025-02-09,Instagram Ads
CUST-1135,Krisna Nugroho,Female,21,Jakarta,DKI Jakarta,2022-06-14,Instagram Ads
CUST-1136,Bagus Saputra,Male,30,Surabaya,Jawa Timur,2025-09-12,Instagram Ads
CUST-1137,Putri Kusuma,Male,29,Jakarta,DKI Jakarta,2023-11-19,Instagram Ads
CUST-1138,Indra Wibowo,Male,19,Jakarta,DKI Jakarta,2023-11-19,Google Search
CUST-1139,Zaki Yulianti,Male,28,Malang,Jawa Timur,2024-04-24,TikTok Ads
CUST-1140,Hilda Cahyani,Male,38,Jakarta,DKI Jakarta,2025-05-15,Instagram Ads
CUST-1141,Ulfa Gunawan,Male,25,Jakarta,DKI Jakarta,2023-02-23,TikTok Ads
CUST-1142,Maya Handoko,Male,43,Surabaya,Jawa Timur,2023-10-14,TikTok Ads
CUST-1143,Guntur Halim,Female,39,Depok,Jawa Barat,2024-04-02,Organic Social
CUST-1144,Beni Ramadhan,Female,21,Balikpapan,Kalimantan Timur,2025-02-26,Google Search
CUST-1145,Zaki Suryadi,Male,39,Jakarta,DKI Jakarta,2024-08-03,TikTok Ads
CUST-1146,Galih Suryadi,Female,34,Jakarta,DKI Jakarta,2024-07-05,Instagram Ads
CUST-1147,Maya Anggraini,Male,25,Surabaya,Jawa Timur,2025-09-08,Organic Social
CUST-1148,Kevin Prakoso,Female,31,Surabaya,Jawa Timur,2024-02-17,TikTok Ads
CUST-1149,Yuni Utami,Male,28,Semarang,Jawa Tengah,2023-03-03,Google Search
CUST-1150,Zaki Yulianti,Female,33,Yogyakarta,DI Yogyakarta,2024-04-19,TikTok Ads
CUST-1151,Eka Gunawan,Female,26,Bandung,Jawa Barat,2022-07-21,Marketplace
CUST-1152,Sari Kurniawan,Female,39,Bandung,Jawa Barat,2025-03-24,Instagram Ads
CUST-1153,Taufik Lestari,Female,25,Jakarta,DKI Jakarta,2024-06-07,Instagram Ads
CUST-1154,Farah Darmawan,Female,38,Bekasi,Jawa Barat,2023-12-15,Referral
CUST-1155,Yuni Yulianti,Female,28,semarang,Jawa Tengah,2023-11-17,Marketplace
CUST-1156,Hesti Darmawan,Male,19,Pekanbaru,Riau,2025-08-31,Marketplace
CUST-1157,Oki Rahayu,Female,42,Malang,Jawa Timur,2023-09-10,Google Search
CUST-1158,Fajar Lestari,Male,33,Semarang,Jawa Tengah,2025-01-15,Organic Social
CUST-1159,Bagus Gunawan,Female,33,Surabaya,Jawa Timur,2024-10-03,Instagram Ads
CUST-1160,Sinta Prakoso,Male,19,Malang,Jawa Timur,2024-02-16,TikTok Ads
CUST-1161,Ulfa Setiawan,Male,31,Jakarta,DKI Jakarta,2024-10-19,Instagram Ads
CUST-1162,Wawan Purnama,Male,23,Medan,Sumatera Utara,2025-08-06,Google Search
CUST-1163,Ayu Santoso,Male,31,Medan,Sumatera Utara,2025-08-19,TikTok Ads
CUST-1164,Umar Santoso,Female,33,Unknown,DKI Jakarta,2023-01-09,Instagram Ads
CUST-1165,Bagus Kusuma,Female,41,Denpasar,Bali,2023-05-30,Instagram Ads
CUST-1166,Ivan Santoso,Female,26,Palembang,Sumatera Selatan,2024-07-30,TikTok Ads
CUST-1167,Hana Halim,Female,32,Surabaya,Jawa Timur,2022-06-23,TikTok Ads
CUST-1168,Nanda Permana,Female,25,Yogyakarta,DI Yogyakarta,2022-10-19,TikTok Ads
CUST-1169,Mega Saputra,Female,37,tangerang,Banten,2025-01-28,TikTok Ads
CUST-1170,Dinda Wibowo,Female,23,Denpasar,Bali,2023-12-17,Google Search
CUST-1171,Laras Wijaya,Male,34,Bandung,Jawa Barat,2024-04-04,Referral
CUST-1172,Umar Wibowo,Female,45,Bandung,Jawa Barat,2024-12-21,Google Search
CUST-1173,Wulan Maulana,Female,24,Depok,Jawa Barat,2023-05-25,TikTok Ads
CUST-1174,Cindy Utami,Male,22,Palembang,Sumatera Selatan,2023-06-11,Organic Social
CUST-1175,Wulan Marliana,Female,21,Jakarta,DKI Jakarta,2025-06-06,Instagram Ads
CUST-1176,Gita Rahayu,Female,30,Yogyakarta,DI Yogyakarta,2025-07-07,Referral
CUST-1177,Endah Pratama,Female,25,Bandung,Jawa Barat,2024-12-10,Instagram Ads
CUST-1178,Maya Wibowo,Female,42,Tangerang,Banten,2025-01-01,Instagram Ads
CUST-1179,Endah Santoso,Female,42,Bandung,Jawa Barat,2023-03-07,Instagram Ads
CUST-1180,Kartika Kusuma,Female,45,Denpasar,Bali,2024-11-13,Organic Social
CUST-1181,Kartika Santoso,Female,36,Medan,Sumatera Utara,2023-05-29,Referral
CUST-1182,Vero Wijaya,Female,30,Jakarta,DKI Jakarta,2023-12-12,Organic Social
CUST-1183,Ivan Firmansyah,Male,45,Semarang,Jawa Tengah,2024-11-22,Google Search
CUST-1184,Nadia Pratama,Female,28,denpasar,Bali,2022-12-28,Instagram Ads
CUST-1185,Maya Santoso,Male,30,Surabaya,Jawa Timur,2023-07-19,Instagram Ads
CUST-1186,Eka Utami,Female,25,Jakarta,DKI Jakarta,2022-06-30,Marketplace
CUST-1187,Gita Prakoso,Male,20,Jakarta,DKI Jakarta,2023-05-10,TikTok Ads
CUST-1188,Citra Nugroho,Male,36,Medan,Sumatera Utara,2023-06-24,Instagram Ads
CUST-1189,Adit Wibowo,Female,31,Jakarta,DKI Jakarta,2024-03-24,Instagram Ads
CUST-1190,Hilda Saputra,Male,30,Jakarta,DKI Jakarta,2023-12-23,TikTok Ads
CUST-1191,Beni Kurniawan,Male,22,Bekasi,Jawa Barat,2025-03-20,Organic Social
CUST-1192,Taufik Kurniawan,Male,39,Jakarta,DKI Jakarta,2022-12-12,Marketplace
CUST-1193,Vina Handoko,Female,43,Tangerang,Banten,2024-04-11,Google Search
CUST-1194,Hesti Firmansyah,Male,37,Jakarta,DKI Jakarta,2022-07-07,Referral
CUST-1195,Hana Permana,Female,38,yogyakarta,DI Yogyakarta,2022-06-28,Instagram Ads
CUST-1196,Galih Permana,Male,20,Surabaya,Jawa Timur,2023-10-12,Instagram Ads
CUST-1197,Doni Sukmawati,Female,42,Surabaya,Jawa Timur,2022-08-17,Organic Social
CUST-1198,Beni Maulana,Male,43,Jakarta,DKI Jakarta,2024-03-12,Google Search
CUST-1199,Putri Saputra,Female,42,Bandung,Jawa Barat,2022-07-19,TikTok Ads
CUST-1200,Nadia Handoko,Male,41,Palembang,Sumatera Selatan,2023-10-22,TikTok Ads
CUST-1201,Eka Saputra,Male,21,Bandung,Jawa Barat,2024-11-22,Instagram Ads
CUST-1202,Erik Yulianti,Female,24,Solo,Jawa Tengah,2023-07-24,Marketplace
CUST-1203,Wulan Saputra,Female,33,Jakarta,DKI Jakarta,2022-11-08,Instagram Ads
CUST-1204,Prita Saputra,Female,37,Jakarta,DKI Jakarta,2023-10-23,Instagram Ads
CUST-1205,Kartika Suryadi,Male,30,bekasi,Jawa Barat,2022-11-11,TikTok Ads
CUST-1206,Faisal Pratama,Male,45,Semarang,Jawa Tengah,2024-11-04,Referral
CUST-1207,Joko Setiawan,Male,28,Surabaya,Jawa Timur,2022-11-18,Referral
CUST-1208,Nadia Suryadi,Female,28,Bandung,Jawa Barat,2025-01-05,Instagram Ads
CUST-1209,Guntur Rahayu,Female,25,Jakarta,DKI Jakarta,2025-01-17,Referral
CUST-1210,Zaki Wibowo,Male,31,Surabaya,Jawa Timur,2024-09-06,TikTok Ads
CUST-1211,Hana Wibowo,Female,20,Makassar,Sulawesi Selatan,2022-10-24,Marketplace
CUST-1212,Wulan Gunawan,Male,43,Jakarta,DKI Jakarta,2024-11-10,TikTok Ads
CUST-1213,Citra Sukmawati,Male,39,Yogyakarta,DI Yogyakarta,2024-06-24,Instagram Ads
CUST-1214,Sinta Firmansyah,Male,40,Yogyakarta,DI Yogyakarta,2024-06-10,Instagram Ads
CUST-1215,Sinta Prakoso,Female,38,Medan,Sumatera Utara,2023-03-29,Instagram Ads
CUST-1216,Mega Marliana,Male,31,Jakarta,DKI Jakarta,2022-12-07,Instagram Ads
CUST-1217,Umar Rahayu,Female,32,Palembang,Sumatera Selatan,2024-10-14,Marketplace
CUST-1218,Hilda Kurniawan,Male,42,Denpasar,Bali,2024-07-23,Referral
CUST-1219,Sari Sukmawati,Male,30,Jakarta,DKI Jakarta,2025-08-16,Instagram Ads
CUST-1220,Adit Nugroho,Female,24,Bekasi,Jawa Barat,2024-02-21,Instagram Ads
CUST-1221,Kartika Kusuma,Female,28,Tangerang,Banten,2025-05-11,TikTok Ads
CUST-1222,Doni Purnama,Female,35,Tangerang,Banten,2023-07-11,Organic Social
CUST-1223,Rangga Marliana,Male,44,Jakarta,DKI Jakarta,2022-09-29,Organic Social
CUST-1224,Fajar Wibowo,Male,24,Surabaya,Jawa Timur,2023-01-10,Instagram Ads
CUST-1225,Zahra Nugroho,Male,34,Jakarta,DKI Jakarta,2022-07-31,Instagram Ads
CUST-1226,Gita Saputra,Male,44,Bandung,Jawa Barat,2022-06-15,TikTok Ads
CUST-1227,Galih Suryadi,Male,43,Jakarta,DKI Jakarta,2025-05-01,Referral
CUST-1228,Dinda Utami,Female,29,Medan,Sumatera Utara,2024-04-20,Marketplace
CUST-1229,Cahya Nugroho,Male,30,Denpasar,Bali,2024-07-15,Instagram Ads
CUST-1230,Hana Handoko,Male,23,Malang,Jawa Timur,2024-08-31,TikTok Ads
CUST-1231,Guntur Suryadi,Female,38,Pekanbaru,Riau,2023-10-23,TikTok Ads
CUST-1232,Prita Gunawan,Male,45,Denpasar,Bali,2022-06-07,Organic Social
CUST-1233,Ayu Sukmawati,Male,26,Balikpapan,Kalimantan Timur,2024-03-28,Google Search
CUST-1234,Farah Cahyani,Male,34,Jakarta,DKI Jakarta,2024-10-24,Marketplace
CUST-1235,Ivan Marliana,Male,41,Tangerang,Banten,2024-01-23,Google Search
CUST-1236,Umar Prakoso,Female,34,Bogor,Jawa Barat,2025-03-30,Referral
CUST-1237,Faisal Ramadhan,Female,33,Semarang,Jawa Tengah,2025-01-12,TikTok Ads
CUST-1238,Gita Maulana,Male,40,Bandung,Jawa Barat,2023-05-16,Marketplace
CUST-1239,Wulan Hidayat,Male,43,Jakarta,DKI Jakarta,2024-03-30,Google Search
CUST-1240,Galih Santoso,Male,36,Pekanbaru,Riau,2023-02-08,Organic Social
CUST-1241,Eka Firmansyah,Male,43,Bandung,Jawa Barat,2023-09-02,TikTok Ads
CUST-1242,Farah Maulana,Male,44,Palembang,Sumatera Selatan,2024-07-21,Organic Social
CUST-1243,Yoga Purnama,Female,22,Jakarta,DKI Jakarta,2023-01-23,Marketplace
CUST-1244,Rizky Purnama,Female,23,Bekasi,Jawa Barat,2023-01-24,Referral
CUST-1245,Vina Darmawan,Female,31,Bandung,Jawa Barat,2025-06-01,TikTok Ads
CUST-1246,Gita Wibowo,Female,38,Denpasar,Bali,2023-02-14,Instagram Ads
CUST-1247,Galih Ramadhan,Female,28,Bogor,Jawa Barat,2024-03-09,TikTok Ads
CUST-1248,Cindy Hartono,Male,44,Medan,Sumatera Utara,2023-03-26,TikTok Ads
CUST-1249,Prita Prakoso,Female,41,Yogyakarta,DI Yogyakarta,2023-02-08,Instagram Ads
CUST-1250,Dinda Cahyani,Female,44,Unknown,Jawa Barat,2024-07-11,Instagram Ads
CUST-1251,Anwar Kusuma,Male,20,Tangerang,Banten,2023-09-04,Organic Social
CUST-1252,Kartika Pratama,Male,40,Tangerang,Banten,2024-02-03,TikTok Ads
CUST-1253,Eka Rahayu,Male,43,Bandung,Jawa Barat,2025-01-25,Referral
CUST-1254,Indra Lestari,Male,36,Bandung,Jawa Barat,2023-07-05,Referral
CUST-1255,Reza Kusuma,Male,41,Medan,Sumatera Utara,2022-09-19,Google Search
CUST-1256,Cahya Sukmawati,Female,23,Surabaya,Jawa Timur,2025-02-13,Instagram Ads
CUST-1257,Beni Handoko,Male,37,Denpasar,Bali,2024-06-11,Instagram Ads
CUST-1258,Gita Gunawan,Male,24,Pekanbaru,Riau,2024-10-22,Marketplace
CUST-1259,Mega Maulana,Female,35,Jakarta,DKI Jakarta,2022-09-16,Marketplace
CUST-1260,Galih Permana,Female,22,Makassar,Sulawesi Selatan,2024-09-05,Referral
CUST-1261,Fajar Darmawan,Male,44,balikpapan,Kalimantan Timur,2024-07-08,TikTok Ads
CUST-1262,Adit Nugroho,Female,39,depok,Jawa Barat,2024-07-22,Instagram Ads
CUST-1263,Laras Suryadi,Female,37,Jakarta,DKI Jakarta,2025-04-09,Instagram Ads
CUST-1264,Umar Purnama,Female,39,Bekasi,Jawa Barat,2023-06-06,Instagram Ads
CUST-1265,Ayu Setiawan,Female,45,Bandung,Jawa Barat,2025-06-05,Organic Social
CUST-1266,Jihan Cahyani,Female,35,Bekasi,Jawa Barat,2025-05-21,Organic Social
CUST-1267,Nadia Cahyani,Male,22,Denpasar,Bali,2023-07-30,Instagram Ads
CUST-1268,Reza Kusuma,Female,23,Semarang,Jawa Tengah,2024-03-05,Instagram Ads
CUST-1269,Zaki Setiawan,Female,22,Bandung,Jawa Barat,2022-08-11,Instagram Ads
CUST-1270,Ivan Marliana,Female,20,Solo,Jawa Tengah,2022-06-01,Organic Social
CUST-1271,Ivan Kurniawan,Female,34,Denpasar,Bali,2024-11-28,Marketplace
CUST-1272,Dinda Wijaya,Female,41,Bandung,Jawa Barat,2025-06-07,Instagram Ads
CUST-1273,Nadia Setiawan,Male,25,Jakarta,DKI Jakarta,2024-02-04,Instagram Ads
CUST-1274,Rangga Hidayat,Male,32,Surabaya,Jawa Timur,2023-02-19,TikTok Ads
CUST-1275,Ulfa Halim,Female,27,Palembang,Sumatera Selatan,2024-08-28,TikTok Ads
CUST-1276,Vero Gunawan,Male,41,Jakarta,DKI Jakarta,2023-12-04,Google Search
CUST-1277,Vina Yulianti,Male,32,Denpasar,Bali,2025-04-13,TikTok Ads
CUST-1278,Taufik Setiawan,Female,22,Jakarta,DKI Jakarta,2023-10-20,TikTok Ads
CUST-1279,Joko Handoko,Female,29,Bandung,Jawa Barat,2022-11-30,Organic Social
CUST-1280,Gita Yulianti,Female,26,Bandung,Jawa Barat,2022-12-18,Marketplace
CUST-1281,Ivan Gunawan,Male,44,Jakarta,DKI Jakarta,2024-02-18,Referral
CUST-1282,Kartika Lestari,Female,22,Malang,Jawa Timur,2025-07-04,Marketplace
CUST-1283,Jihan Setiawan,Male,40,Surabaya,Jawa Timur,2024-05-07,Google Search
CUST-1284,Hesti Cahyani,Male,27,Bogor,Jawa Barat,2025-02-01,Instagram Ads
CUST-1285,Wulan Firmansyah,Female,27,Jakarta,DKI Jakarta,2024-07-15,Marketplace
CUST-1286,Lukman Anggraini,Male,32,Tangerang,Banten,2023-10-24,Marketplace
CUST-1287,Vero Marliana,Female,32,Depok,Jawa Barat,2025-03-25,Marketplace
CUST-1288,Farah Santoso,Male,32,Jakarta,DKI Jakarta,2022-11-26,Google Search
CUST-1289,Fajar Sukmawati,Male,24,Jakarta,DKI Jakarta,2023-10-05,Instagram Ads
CUST-1290,Kevin Sukmawati,Male,32,Bandar Lampung,Lampung,2022-06-22,Instagram Ads
CUST-1291,Maya Kurniawan,Male,31,Yogyakarta,DI Yogyakarta,2025-05-26,Organic Social
CUST-1292,Yoga Ramadhan,Male,42,Jakarta,DKI Jakarta,2024-10-18,Marketplace
CUST-1293,Kartika Ramadhan,Male,20,Bogor,Jawa Barat,2025-05-17,Marketplace
CUST-1294,Hesti Gunawan,Female,30,Bekasi,Jawa Barat,2023-09-04,Marketplace
CUST-1295,Taufik Utami,Female,22,Surabaya,Jawa Timur,2024-07-16,Organic Social
CUST-1296,Nanda Pratama,Female,34,Bogor,Jawa Barat,2023-01-28,Referral
CUST-1297,Irfan Wijaya,Male,39,Medan,Sumatera Utara,2023-08-20,Marketplace
CUST-1298,Wawan Permana,Female,19,Palembang,Sumatera Selatan,2025-02-24,TikTok Ads
CUST-1299,Galih Saputra,Female,19,Jakarta,DKI Jakarta,2023-06-17,Instagram Ads
CUST-1300,Anwar Ramadhan,Female,34,Semarang,Jawa Tengah,2023-04-11,Instagram Ads
CUST-1301,Jihan Yulianti,Female,32,Yogyakarta,DI Yogyakarta,2024-07-06,Instagram Ads
CUST-1302,Adit Gunawan,Female,30,Solo,Jawa Tengah,2024-11-16,Organic Social
CUST-1303,Bayu Sukmawati,Female,20,Tangerang,Banten,2023-01-13,TikTok Ads
CUST-1304,Hana Maulana,Male,40,Jakarta,DKI Jakarta,2023-07-13,TikTok Ads
CUST-1305,Ayu Rahayu,Female,43,Yogyakarta,DI Yogyakarta,2023-02-16,Referral
CUST-1306,Indra Halim,Female,22,Bekasi,Jawa Barat,2024-08-05,TikTok Ads
CUST-1307,Nadia Sukmawati,Female,45,Jakarta,DKI Jakarta,2023-09-28,Instagram Ads
CUST-1308,Omar Halim,Female,43,Yogyakarta,DI Yogyakarta,2023-12-30,Referral
CUST-1309,Putri Ramadhan,Male,27,Jakarta,DKI Jakarta,2023-12-28,Organic Social
CUST-1310,Maya Handoko,Male,35,Jakarta,DKI Jakarta,2022-12-29,Google Search
CUST-1311,Maya Kurniawan,Female,31,Makassar,Sulawesi Selatan,2023-09-13,Instagram Ads
CUST-1312,Ivan Permana,Female,20,jakarta,DKI Jakarta,2023-07-14,Referral
CUST-1313,Citra Firmansyah,Female,34,Solo,Jawa Tengah,2023-08-29,Instagram Ads
CUST-1314,Putri Lestari,Female,30,Jakarta,DKI Jakarta,2024-06-14,Organic Social
CUST-1315,Tono Suryadi,Female,42,Jakarta,DKI Jakarta,2022-06-02,Instagram Ads
CUST-1316,Umar Nugroho,Female,34,Medan,Sumatera Utara,2024-10-30,Instagram Ads
CUST-1317,Yoga Yulianti,Male,23,Jakarta,DKI Jakarta,2025-07-05,TikTok Ads
CUST-1318,Nanda Purnama,Male,26,Bekasi,Jawa Barat,2025-05-19,TikTok Ads
CUST-1319,Mega Kurniawan,Male,38,Malang,Jawa Timur,2023-02-23,Organic Social
CUST-1320,Jihan Hartono,Male,22,Depok,Jawa Barat,2023-07-01,TikTok Ads
CUST-1321,Maya Maulana,Female,23,Tangerang,Banten,2023-07-19,Google Search
CUST-1322,Vero Nugroho,Male,30,Bandung,Jawa Barat,2025-07-22,Marketplace
CUST-1323,Kartika Hartono,Female,35,Jakarta,DKI Jakarta,2024-10-06,Instagram Ads
CUST-1324,Ulfa Saputra,Female,37,Balikpapan,Kalimantan Timur,2024-01-15,Referral
CUST-1325,Zahra Rahayu,Male,21,Unknown,Jawa Timur,2025-05-26,TikTok Ads
CUST-1326,Kartika Purnama,Male,25,Bekasi,Jawa Barat,2024-08-29,Instagram Ads
CUST-1327,Rangga Permana,Female,41,Tangerang,Banten,2025-04-16,Organic Social
CUST-1328,Jihan Utami,Female,24,Bandung,Jawa Barat,2023-12-02,Instagram Ads
CUST-1329,Dewi Firmansyah,Male,27,Makassar,Sulawesi Selatan,2023-12-21,Marketplace
CUST-1330,Prita Hartono,Female,19,Solo,Jawa Tengah,2023-08-05,Marketplace
CUST-1331,Omar Permana,Female,23,Bandung,Jawa Barat,2025-06-29,TikTok Ads
CUST-1332,Sari Kusuma,Male,26,Jakarta,DKI Jakarta,2022-06-22,Instagram Ads
CUST-1333,Reza Hidayat,Female,42,Jakarta,DKI Jakarta,2025-09-07,Organic Social
CUST-1334,Sari Saputra,Female,33,Makassar,Sulawesi Selatan,2025-07-03,Google Search
CUST-1335,Citra Gunawan,Female,26,Depok,Jawa Barat,2024-08-18,Instagram Ads
CUST-1336,Lukman Saputra,Female,24,Yogyakarta,DI Yogyakarta,2025-03-12,Google Search
CUST-1337,Hilda Kusuma,Male,19,Pekanbaru,Riau,2023-06-05,Organic Social
CUST-1338,Endah Kurniawan,Female,21,Denpasar,Bali,2023-06-20,Google Search
CUST-1339,Nadia Nugroho,Female,43,Surabaya,Jawa Timur,2025-05-14,TikTok Ads
CUST-1340,Indra Utami,Male,39,Jakarta,DKI Jakarta,2022-06-28,Organic Social
CUST-1341,Gita Setiawan,Male,19,Bandung,Jawa Barat,2022-06-28,Referral
CUST-1342,Irfan Anggraini,Female,34,Bandung,Jawa Barat,2022-11-22,Organic Social
CUST-1343,Sari Firmansyah,Female,20,Bandung,Jawa Barat,2025-02-05,TikTok Ads
CUST-1344,Hilda Prakoso,Female,28,Jakarta,DKI Jakarta,2022-08-31,TikTok Ads
CUST-1345,Yuni Firmansyah,Female,32,Jakarta,DKI Jakarta,2023-09-03,Instagram Ads
CUST-1346,Hana Suryadi,Male,41,Bandar Lampung,Lampung,2024-07-27,Instagram Ads
CUST-1347,Omar Lestari,Male,28,Jakarta,DKI Jakarta,2022-12-26,Instagram Ads
CUST-1348,Citra Rahayu,Male,38,Bandar Lampung,Lampung,2022-11-21,TikTok Ads
CUST-1349,Omar Prakoso,Female,40,jakarta,DKI Jakarta,2024-10-18,Instagram Ads
CUST-1350,Rangga Yulianti,Male,40,Malang,Jawa Timur,2023-12-08,Marketplace
CUST-1351,Joko Lestari,Male,23,Depok,Jawa Barat,2022-06-05,Instagram Ads
CUST-1352,Wulan Hidayat,Male,22,Surabaya,Jawa Timur,2025-02-04,Instagram Ads
CUST-1353,Galih Maulana,Female,31,Bandung,Jawa Barat,2023-02-17,TikTok Ads
CUST-1354,Rizky Maulana,Female,39,Solo,Jawa Tengah,2024-04-13,TikTok Ads
CUST-1355,Fajar Purnama,Female,45,Semarang,Jawa Tengah,2025-03-05,Referral
CUST-1356,Nanda Handoko,Male,26,Semarang,Jawa Tengah,2023-08-24,Instagram Ads
CUST-1357,Zaki Handoko,Male,20,Semarang,Jawa Tengah,2023-03-01,Organic Social
CUST-1358,Krisna Kurniawan,Female,23,Bekasi,Jawa Barat,2023-03-13,Marketplace
CUST-1359,Ulfa Cahyani,Female,23,Jakarta,DKI Jakarta,2023-09-03,Instagram Ads
CUST-1360,Mega Santoso,Female,41,Tangerang,Banten,2024-10-17,TikTok Ads
CUST-1361,Putri Santoso,Female,30,Medan,Sumatera Utara,2023-04-20,Instagram Ads
CUST-1362,Indra Sukmawati,Female,24,Bogor,Jawa Barat,2024-09-30,TikTok Ads
CUST-1363,Reza Cahyani,Female,29,Pekanbaru,Riau,2025-01-18,Instagram Ads
CUST-1364,Lukman Rahayu,Male,20,Jakarta,DKI Jakarta,2022-10-01,Instagram Ads
CUST-1365,Erik Hidayat,Male,33,Surabaya,Jawa Timur,2024-10-15,Marketplace
CUST-1366,Fajar Rahayu,Female,24,Yogyakarta,DI Yogyakarta,2023-09-09,TikTok Ads
CUST-1367,Lukman Prakoso,Female,20,Pekanbaru,Riau,2023-08-08,Referral
CUST-1368,Reza Firmansyah,Male,33,Semarang,Jawa Tengah,2022-11-06,TikTok Ads
CUST-1369,Sari Nugroho,Male,39,Surabaya,Jawa Timur,2022-09-20,Instagram Ads
CUST-1370,Gita Santoso,Female,28,Surabaya,Jawa Timur,2024-04-18,Instagram Ads
CUST-1371,Cindy Utami,Female,25,Jakarta,DKI Jakarta,2024-02-24,Instagram Ads
CUST-1372,Dewi Lestari,Female,44,Solo,Jawa Tengah,2025-07-31,Instagram Ads
CUST-1373,Vina Darmawan,Male,31,Bandung,Jawa Barat,2024-05-31,TikTok Ads
CUST-1374,Irfan Sukmawati,Male,22,Surabaya,Jawa Timur,2023-02-21,TikTok Ads
CUST-1375,Mega Handoko,Female,44,Yogyakarta,DI Yogyakarta,2023-04-04,Organic Social
CUST-1376,Fajar Cahyani,Male,21,Bandung,Jawa Barat,2023-04-07,Instagram Ads
CUST-1377,Hesti Rahayu,Male,24,Jakarta,DKI Jakarta,2023-03-16,Marketplace
CUST-1378,Indra Lestari,Male,29,Makassar,Sulawesi Selatan,2025-05-07,Instagram Ads
CUST-1379,Rizky Utami,Female,41,Makassar,Sulawesi Selatan,2024-10-30,Instagram Ads
CUST-1380,Galih Nugroho,Male,37,Makassar,Sulawesi Selatan,2022-11-01,Organic Social
CUST-1381,Fajar Suryadi,Female,44,Jakarta,DKI Jakarta,2024-02-24,Instagram Ads
CUST-1382,Yuni Santoso,Female,27,Bandung,Jawa Barat,2024-01-27,Instagram Ads
CUST-1383,Zahra Marliana,Female,34,Tangerang,Banten,2024-12-30,TikTok Ads
CUST-1384,Farah Permana,Male,34,Bandar Lampung,Lampung,2023-02-09,TikTok Ads
CUST-1385,Vina Gunawan,Female,35,Bogor,Jawa Barat,2023-02-20,Instagram Ads
CUST-1386,Reza Wijaya,Female,40,Surabaya,Jawa Timur,2024-12-08,Referral
CUST-1387,Kartika Purnama,Female,22,Bandung,Jawa Barat,2025-07-23,TikTok Ads
CUST-1388,Endah Anggraini,Male,40,Jakarta,DKI Jakarta,2024-08-04,Google Search
CUST-1389,Jasmine Kurniawan,Female,24,Unknown,Sumatera Selatan,2025-01-08,TikTok Ads
CUST-1390,Nadia Suryadi,Female,29,Surabaya,Jawa Timur,2024-08-31,Instagram Ads
CUST-1391,Faisal Halim,Female,20,Bekasi,Jawa Barat,2023-01-21,Google Search
CUST-1392,Kevin Yulianti,Male,43,Bandung,Jawa Barat,2022-08-04,TikTok Ads
CUST-1393,Zahra Ramadhan,Female,25,Surabaya,Jawa Timur,2025-01-25,TikTok Ads
CUST-1394,Fajar Permana,Female,21,Unknown,Jawa Barat,2023-05-27,Organic Social
CUST-1395,Lukman Prakoso,Female,40,Yogyakarta,DI Yogyakarta,2024-10-07,Instagram Ads
CUST-1396,Maya Gunawan,Female,43,Palembang,Sumatera Selatan,2024-10-25,Marketplace
CUST-1397,Citra Gunawan,Male,24,Yogyakarta,DI Yogyakarta,2025-06-01,Marketplace
CUST-1398,Wulan Ramadhan,Female,38,Medan,Sumatera Utara,2022-06-21,Google Search
CUST-1399,Galih Handoko,Female,33,Jakarta,DKI Jakarta,2024-03-10,TikTok Ads
CUST-1400,Doni Prakoso,Female,42,Depok,Jawa Barat,2024-09-10,Organic Social
CUST-1401,Maya Maulana,Female,25,Makassar,Sulawesi Selatan,2025-08-28,Referral
CUST-1402,Taufik Purnama,Female,25,Bekasi,Jawa Barat,2024-07-13,Marketplace
CUST-1403,Guntur Nugroho,Female,28,Surabaya,Jawa Timur,2024-06-15,Referral
CUST-1404,Jihan Maulana,Female,30,denpasar,Bali,2024-12-20,TikTok Ads
CUST-1405,Lukman Setiawan,Male,33,Bekasi,Jawa Barat,2023-01-19,Google Search
CUST-1406,Citra Firmansyah,Female,40,Semarang,Jawa Tengah,2024-07-21,Instagram Ads
CUST-1407,Fajar Firmansyah,Male,44,Makassar,Sulawesi Selatan,2022-12-21,Instagram Ads
CUST-1408,Jihan Nugroho,Female,43,Bandar Lampung,Lampung,2022-12-30,Google Search
CUST-1409,Anwar Anggraini,Male,32,Yogyakarta,DI Yogyakarta,2022-08-06,Google Search
CUST-1410,Jasmine Anggraini,Male,30,Jakarta,DKI Jakarta,2025-01-17,TikTok Ads
CUST-1411,Hesti Permana,Female,30,Depok,Jawa Barat,2024-08-19,Instagram Ads
CUST-1412,Taufik Utami,Male,44,Denpasar,Bali,2024-02-20,Instagram Ads
CUST-1413,Erik Prakoso,Female,23,palembang,Sumatera Selatan,2022-08-06,TikTok Ads
CUST-1414,Putri Setiawan,Female,37,Unknown,Jawa Barat,2024-03-12,Marketplace
CUST-1415,Citra Halim,Male,44,Jakarta,DKI Jakarta,2024-08-14,Marketplace
CUST-1416,Citra Utami,Female,29,Surabaya,Jawa Timur,2023-05-22,Instagram Ads
CUST-1417,Erik Darmawan,Female,37,Depok,Jawa Barat,2025-03-29,Google Search
CUST-1418,Fajar Pratama,Female,29,bandung,Jawa Barat,2025-07-07,TikTok Ads
CUST-1419,Fajar Purnama,Female,41,Makassar,Sulawesi Selatan,2023-04-10,TikTok Ads
CUST-1420,Yuni Kusuma,Male,39,Bekasi,Jawa Barat,2023-02-23,Instagram Ads
CUST-1421,Anwar Yulianti,Female,45,palembang,Sumatera Selatan,2024-01-30,Organic Social
CUST-1422,Prita Purnama,Female,23,Bekasi,Jawa Barat,2022-09-14,Organic Social
CUST-1423,Lukman Santoso,Female,28,Jakarta,DKI Jakarta,2023-02-07,Instagram Ads
CUST-1424,Bayu Santoso,Female,34,Unknown,Jawa Barat,2023-07-31,TikTok Ads
CUST-1425,Prita Kurniawan,Male,31,Makassar,Sulawesi Selatan,2023-08-05,TikTok Ads
CUST-1426,Prita Hartono,Female,24,Jakarta,DKI Jakarta,2024-02-02,Organic Social
CUST-1427,Nadia Setiawan,Male,34,Jakarta,DKI Jakarta,2024-05-03,Instagram Ads
CUST-1428,Jihan Pratama,Male,25,Semarang,Jawa Tengah,2023-11-04,TikTok Ads
CUST-1429,Bagus Lestari,Male,22,Bekasi,Jawa Barat,2023-08-17,Instagram Ads
CUST-1430,Fajar Gunawan,Female,34,Jakarta,DKI Jakarta,2023-02-15,Referral
CUST-1431,Ayu Kurniawan,Male,34,Denpasar,Bali,2025-01-12,Instagram Ads
CUST-1432,Anwar Purnama,Male,22,Jakarta,DKI Jakarta,2023-12-28,TikTok Ads
CUST-1433,Yoga Hidayat,Female,33,Depok,Jawa Barat,2025-02-24,Organic Social
CUST-1434,Irfan Firmansyah,Female,37,Makassar,Sulawesi Selatan,2024-07-24,Organic Social
CUST-1435,Tono Hartono,Male,27,Yogyakarta,DI Yogyakarta,2022-08-09,Organic Social
CUST-1436,Cahya Lestari,Female,19,Denpasar,Bali,2025-05-22,TikTok Ads
CUST-1437,Joko Darmawan,Female,40,Jakarta,DKI Jakarta,2023-10-16,TikTok Ads
CUST-1438,Beni Lestari,Male,25,Jakarta,DKI Jakarta,2022-06-23,Organic Social
CUST-1439,Gita Setiawan,Female,25,Medan,Sumatera Utara,2024-07-29,Instagram Ads
CUST-1440,Zahra Maulana,Female,39,Makassar,Sulawesi Selatan,2022-11-01,TikTok Ads
CUST-1441,Sari Maulana,Female,34,Bandung,Jawa Barat,2023-07-09,Instagram Ads
CUST-1442,Tono Pratama,Male,26,Yogyakarta,DI Yogyakarta,2024-03-31,Google Search
CUST-1443,Ayu Wijaya,Male,28,Bogor,Jawa Barat,2022-06-10,Organic Social
CUST-1444,Gita Prakoso,Female,19,Bandar Lampung,Lampung,2022-08-20,Organic Social
CUST-1445,Krisna Darmawan,Female,30,Tangerang,Banten,2023-12-15,TikTok Ads
CUST-1446,Reza Kurniawan,Female,33,Makassar,Sulawesi Selatan,2024-08-14,Instagram Ads
CUST-1447,Indra Nugroho,Female,20,Unknown,Jawa Timur,2022-12-28,Marketplace
CUST-1448,Irfan Yulianti,Female,21,Malang,Jawa Timur,2024-11-09,TikTok Ads
CUST-1449,Beni Wijaya,Male,20,Palembang,Sumatera Selatan,2022-06-11,Instagram Ads
CUST-1450,Cahya Wibowo,Female,41,Pekanbaru,Riau,2022-11-01,Instagram Ads
CUST-1451,Guntur Halim,Male,22,jakarta,DKI Jakarta,2023-03-10,Referral
CUST-1452,Ivan Utami,Male,40,Malang,Jawa Timur,2024-09-24,Google Search
CUST-1453,Fajar Hidayat,Female,42,Denpasar,Bali,2023-12-27,Referral
CUST-1454,Yoga Handoko,Female,26,Tangerang,Banten,2024-05-23,Instagram Ads
CUST-1455,Endah Prakoso,Female,19,Unknown,DKI Jakarta,2025-03-09,TikTok Ads
CUST-1456,Hesti Handoko,Female,37,Yogyakarta,DI Yogyakarta,2024-04-28,TikTok Ads
CUST-1457,Indra Utami,Male,35,Pekanbaru,Riau,2024-12-16,Marketplace
CUST-1458,Ayu Saputra,Male,35,Surabaya,Jawa Timur,2024-12-13,Instagram Ads
CUST-1459,Joko Anggraini,Male,37,Surabaya,Jawa Timur,2024-02-20,Organic Social
CUST-1460,Bagus Suryadi,Female,33,Bekasi,Jawa Barat,2023-10-06,Google Search
CUST-1461,Citra Saputra,Female,36,Unknown,DI Yogyakarta,2023-11-26,Instagram Ads
CUST-1462,Gita Wijaya,Female,33,Yogyakarta,DI Yogyakarta,2025-04-06,Google Search
CUST-1463,Nadia Hidayat,Female,25,Tangerang,Banten,2024-10-13,TikTok Ads
CUST-1464,Hana Utami,Female,20,Yogyakarta,DI Yogyakarta,2024-11-04,Instagram Ads
CUST-1465,Sari Utami,Female,21,Palembang,Sumatera Selatan,2025-08-22,Organic Social
CUST-1466,Dinda Marliana,Female,22,Tangerang,Banten,2024-09-06,Referral
CUST-1467,Vero Hartono,Male,30,Yogyakarta,DI Yogyakarta,2023-05-17,Instagram Ads
CUST-1468,Yoga Permana,Female,41,Jakarta,DKI Jakarta,2023-06-15,Organic Social
CUST-1469,Wawan Marliana,Female,21,Denpasar,Bali,2023-05-15,TikTok Ads
CUST-1470,Rangga Marliana,Female,19,Balikpapan,Kalimantan Timur,2025-01-27,Instagram Ads
CUST-1471,Galih Handoko,Male,34,Denpasar,Bali,2022-06-20,Instagram Ads
CUST-1472,Ivan Rahayu,Female,28,Jakarta,DKI Jakarta,2022-07-06,Instagram Ads
CUST-1473,Doni Suryadi,Female,44,Jakarta,DKI Jakarta,2022-12-10,Referral
CUST-1474,Adit Prakoso,Male,27,Solo,Jawa Tengah,2023-11-10,TikTok Ads
CUST-1475,Hana Hidayat,Male,45,Tangerang,Banten,2025-04-26,Referral
CUST-1476,Sinta Halim,Female,32,Tangerang,Banten,2022-07-13,TikTok Ads
CUST-1477,Yoga Santoso,Male,32,Jakarta,DKI Jakarta,2025-08-26,Instagram Ads
CUST-1478,Irfan Kurniawan,Male,39,Balikpapan,Kalimantan Timur,2023-01-08,TikTok Ads
CUST-1479,Wawan Wibowo,Female,40,Balikpapan,Kalimantan Timur,2025-05-15,Google Search
CUST-1480,Ulfa Lestari,Female,20,Pekanbaru,Riau,2023-12-18,Organic Social
CUST-1481,Tono Nugroho,Female,44,Jakarta,DKI Jakarta,2024-12-18,Marketplace
CUST-1482,Tono Hartono,Female,23,Yogyakarta,DI Yogyakarta,2023-03-29,Google Search
CUST-1483,Endah Wijaya,Female,44,Jakarta,DKI Jakarta,2025-02-22,Instagram Ads
CUST-1484,Yuni Ramadhan,Female,28,Bogor,Jawa Barat,2023-02-08,Organic Social
CUST-1485,Hesti Ramadhan,Female,28,Jakarta,DKI Jakarta,2023-03-10,Marketplace
CUST-1486,Maya Maulana,Male,23,Medan,Sumatera Utara,2022-11-24,Google Search
CUST-1487,Taufik Firmansyah,Female,30,Jakarta,DKI Jakarta,2023-08-23,TikTok Ads
CUST-1488,Lukman Purnama,Male,28,Surabaya,Jawa Timur,2022-12-18,TikTok Ads
CUST-1489,Indra Maulana,Female,43,Malang,Jawa Timur,2025-08-28,Google Search
CUST-1490,Lukman Wibowo,Female,39,Bandung,Jawa Barat,2022-11-23,Organic Social
CUST-1491,Hesti Kurniawan,Female,33,Bogor,Jawa Barat,2022-12-14,Referral
CUST-1492,Endah Pratama,Female,32,Surabaya,Jawa Timur,2024-05-26,Marketplace
CUST-1493,Umar Yulianti,Female,23,Jakarta,DKI Jakarta,2024-10-10,Instagram Ads
CUST-1494,Dewi Darmawan,Male,37,Semarang,Jawa Tengah,2023-02-16,Organic Social
CUST-1495,Endah Prakoso,Female,43,Jakarta,DKI Jakarta,2022-06-13,Instagram Ads
CUST-1496,Laras Suryadi,Female,22,Jakarta,DKI Jakarta,2023-01-06,Referral
CUST-1497,Vero Wijaya,Male,40,Malang,Jawa Timur,2023-02-04,Referral
CUST-1498,Irfan Ramadhan,Male,34,Semarang,Jawa Tengah,2025-07-26,Google Search
CUST-1499,Omar Cahyani,Male,19,Jakarta,DKI Jakarta,2024-02-27,Instagram Ads
CUST-1500,Putri Saputra,Male,22,Unknown,DKI Jakarta,2023-04-10,Instagram Ads
CUST-1501,Umar Wibowo,Female,20,Jakarta,DKI Jakarta,2025-04-01,TikTok Ads
CUST-1502,Omar Ramadhan,Male,36,Jakarta,DKI Jakarta,2023-09-25,TikTok Ads
CUST-1503,Joko Prakoso,Female,39,Denpasar,Bali,2023-02-08,Referral
CUST-1504,Faisal Permana,Male,36,Jakarta,DKI Jakarta,2025-04-13,Instagram Ads
CUST-1505,Ulfa Yulianti,Female,27,Jakarta,DKI Jakarta,2025-03-06,Instagram Ads
CUST-1506,Laras Wibowo,Female,28,Surabaya,Jawa Timur,2024-10-18,Instagram Ads
CUST-1507,Endah Marliana,Female,30,Bandung,Jawa Barat,2024-11-27,Referral
CUST-1508,Irfan Cahyani,Female,35,Bandung,Jawa Barat,2023-04-21,TikTok Ads
CUST-1509,Laras Lestari,Male,30,Semarang,Jawa Tengah,2023-05-24,TikTok Ads
CUST-1510,Kevin Wibowo,Female,43,Bogor,Jawa Barat,2023-03-14,Instagram Ads
CUST-1511,Lukman Purnama,Female,34,Bogor,Jawa Barat,2025-02-15,Referral
CUST-1512,Mega Gunawan,Female,41,Semarang,Jawa Tengah,2025-05-12,Google Search
CUST-1513,Gita Ramadhan,Female,42,Bogor,Jawa Barat,2022-10-17,Instagram Ads
CUST-1514,Cahya Kurniawan,Female,26,Bandar Lampung,Lampung,2025-01-31,Referral
CUST-1515,Bayu Kurniawan,Male,31,Jakarta,DKI Jakarta,2023-05-23,Instagram Ads
CUST-1516,Zahra Gunawan,Female,42,Makassar,Sulawesi Selatan,2023-01-21,Google Search
CUST-1517,Indra Firmansyah,Female,41,Bogor,Jawa Barat,2023-05-23,Google Search
CUST-1518,Maya Sukmawati,Female,40,Jakarta,DKI Jakarta,2023-10-31,Instagram Ads
CUST-1519,Sinta Nugroho,Female,19,Depok,Jawa Barat,2023-06-29,Instagram Ads
CUST-1520,Guntur Santoso,Female,32,Depok,Jawa Barat,2022-06-11,TikTok Ads
CUST-1521,Dinda Suryadi,Female,45,Denpasar,Bali,2025-05-17,TikTok Ads
CUST-1522,Citra Firmansyah,Male,44,Surabaya,Jawa Timur,2025-07-19,TikTok Ads
CUST-1523,Hana Suryadi,Female,35,Jakarta,DKI Jakarta,2022-11-08,Instagram Ads
CUST-1524,Kevin Prakoso,Female,45,Medan,Sumatera Utara,2024-04-08,Instagram Ads
CUST-1525,Eka Setiawan,Male,24,Tangerang,Banten,2022-10-18,Google Search
CUST-1526,Ulfa Marliana,Female,38,Bogor,Jawa Barat,2025-03-21,Instagram Ads
CUST-1527,Rangga Saputra,Male,20,Yogyakarta,DI Yogyakarta,2023-11-21,TikTok Ads
CUST-1528,Kevin Darmawan,Female,45,Bekasi,Jawa Barat,2023-03-13,Google Search
CUST-1529,Irfan Hartono,Female,44,Unknown,Jawa Timur,2023-09-26,Referral
CUST-1530,Nadia Sukmawati,Female,21,Bekasi,Jawa Barat,2022-08-12,Google Search
CUST-1531,Cindy Nugroho,Female,23,Jakarta,DKI Jakarta,2025-07-04,Instagram Ads
CUST-1532,Hilda Utami,Female,28,Semarang,Jawa Tengah,2024-05-18,Instagram Ads
CUST-1533,Yoga Pratama,Female,31,Jakarta,DKI Jakarta,2023-07-07,Google Search
CUST-1534,Krisna Halim,Male,32,Jakarta,DKI Jakarta,2024-07-12,Instagram Ads
CUST-1535,Dewi Utami,Female,29,Jakarta,DKI Jakarta,2024-06-23,Instagram Ads
CUST-1536,Beni Setiawan,Female,43,Medan,Sumatera Utara,2023-09-09,Google Search
CUST-1537,Eka Wijaya,Male,26,Solo,Jawa Tengah,2022-07-01,Instagram Ads
CUST-1538,Putri Permana,Female,38,Jakarta,DKI Jakarta,2022-08-29,Instagram Ads
CUST-1539,Jihan Saputra,Male,21,Surabaya,Jawa Timur,2023-02-06,TikTok Ads
CUST-1540,Umar Gunawan,Male,26,Tangerang,Banten,2024-06-01,Organic Social
CUST-1541,Jihan Rahayu,Female,27,Bandung,Jawa Barat,2023-10-14,Instagram Ads
CUST-1542,Fajar Saputra,Male,38,Bandung,Jawa Barat,2024-09-19,Marketplace
CUST-1543,Hana Gunawan,Female,42,Bogor,Jawa Barat,2025-05-02,Referral
CUST-1544,Zahra Anggraini,Male,41,Depok,Jawa Barat,2022-08-13,Marketplace
CUST-1545,Dinda Santoso,Female,37,jakarta,DKI Jakarta,2022-08-09,Instagram Ads
CUST-1546,Cindy Utami,Female,31,Bogor,Jawa Barat,2024-07-26,Instagram Ads
CUST-1547,Jihan Darmawan,Female,40,Jakarta,DKI Jakarta,2024-10-30,TikTok Ads
CUST-1548,Mega Saputra,Male,27,Jakarta,DKI Jakarta,2024-04-19,Referral
CUST-1549,Yoga Darmawan,Male,44,Bandung,Jawa Barat,2024-11-05,Instagram Ads
CUST-1550,Jihan Anggraini,Male,40,Jakarta,DKI Jakarta,2024-08-03,TikTok Ads
CUST-1551,Kevin Utami,Female,31,Tangerang,Banten,2025-04-28,Instagram Ads
CUST-1552,Tono Lestari,Female,26,Jakarta,DKI Jakarta,2023-12-14,Google Search
CUST-1553,Reza Yulianti,Female,40,Jakarta,DKI Jakarta,2023-12-14,Organic Social
CUST-1554,Farah Kusuma,Female,29,Jakarta,DKI Jakarta,2024-02-19,TikTok Ads
CUST-1555,Farah Setiawan,Female,30,Unknown,DKI Jakarta,2022-06-19,Instagram Ads
CUST-1556,Eka Anggraini,Female,38,Jakarta,DKI Jakarta,2022-11-10,Instagram Ads
CUST-1557,Prita Kusuma,Female,34,Bekasi,Jawa Barat,2023-12-18,Instagram Ads
CUST-1558,Taufik Rahayu,Female,39,Makassar,Sulawesi Selatan,2022-09-10,Organic Social
CUST-1559,Vero Hidayat,Female,26,Unknown,Sumatera Utara,2022-08-25,Marketplace
CUST-1560,Yuni Nugroho,Female,20,Jakarta,DKI Jakarta,2024-05-24,Instagram Ads
CUST-1561,Zaki Prakoso,Female,25,Surabaya,Jawa Timur,2025-04-12,Organic Social
CUST-1562,Nadia Yulianti,Male,23,surabaya,Jawa Timur,2024-10-21,TikTok Ads
CUST-1563,Kartika Gunawan,Female,28,Solo,Jawa Tengah,2024-07-07,Instagram Ads
CUST-1564,Hesti Cahyani,Female,25,Bandar Lampung,Lampung,2022-07-23,Organic Social
CUST-1565,Mega Wijaya,Male,25,Semarang,Jawa Tengah,2025-09-03,Google Search
CUST-1566,Laras Firmansyah,Male,26,Jakarta,DKI Jakarta,2022-11-08,TikTok Ads
CUST-1567,Nadia Suryadi,Male,35,Surabaya,Jawa Timur,2023-02-04,Google Search
CUST-1568,Jasmine Utami,Female,45,Semarang,Jawa Tengah,2024-03-11,TikTok Ads
CUST-1569,Hana Cahyani,Female,29,Depok,Jawa Barat,2024-06-11,Instagram Ads
CUST-1570,Eka Kurniawan,Female,30,Tangerang,Banten,2024-09-17,TikTok Ads
CUST-1571,Dinda Prakoso,Female,32,Yogyakarta,DI Yogyakarta,2023-09-15,Marketplace
CUST-1572,Sinta Halim,Male,32,Bandar Lampung,Lampung,2023-10-15,Google Search
CUST-1573,Hesti Halim,Female,21,Depok,Jawa Barat,2024-04-30,Google Search
CUST-1574,Hana Maulana,Male,33,Makassar,Sulawesi Selatan,2023-07-11,Instagram Ads
CUST-1575,Erik Maulana,Male,23,Semarang,Jawa Tengah,2025-01-18,Instagram Ads
CUST-1576,Irfan Maulana,Female,35,Jakarta,DKI Jakarta,2022-10-28,TikTok Ads
CUST-1577,Irfan Prakoso,Female,28,Surabaya,Jawa Timur,2025-07-15,Organic Social
CUST-1578,Jasmine Gunawan,Male,20,Medan,Sumatera Utara,2023-01-07,Marketplace
CUST-1579,Faisal Cahyani,Male,32,Palembang,Sumatera Selatan,2024-12-08,Instagram Ads
CUST-1580,Zaki Ramadhan,Female,19,Jakarta,DKI Jakarta,2025-04-09,Google Search
CUST-1581,Anwar Nugroho,Female,42,Surabaya,Jawa Timur,2024-11-15,Instagram Ads
CUST-1582,Farah Kurniawan,Female,35,Yogyakarta,DI Yogyakarta,2022-09-07,TikTok Ads
CUST-1583,Yoga Marliana,Male,23,Bandung,Jawa Barat,2024-03-14,Marketplace
CUST-1584,Yuni Permana,Female,38,Jakarta,DKI Jakarta,2025-04-29,Instagram Ads
CUST-1585,Jasmine Hidayat,Female,24,Bandung,Jawa Barat,2025-02-21,Marketplace
CUST-1586,Krisna Prakoso,Male,23,Bekasi,Jawa Barat,2023-09-18,TikTok Ads
CUST-1587,Maya Pratama,Male,36,Jakarta,DKI Jakarta,2022-08-21,TikTok Ads
CUST-1588,Doni Rahayu,Female,37,Depok,Jawa Barat,2024-06-26,Instagram Ads
CUST-1589,Citra Suryadi,Male,22,Yogyakarta,DI Yogyakarta,2023-01-11,Instagram Ads
CUST-1590,Cahya Santoso,Male,22,Malang,Jawa Timur,2023-12-23,Referral
CUST-1591,Endah Firmansyah,Female,35,Jakarta,DKI Jakarta,2022-10-31,Referral
CUST-1592,Cindy Maulana,Male,29,Denpasar,Bali,2022-10-30,Instagram Ads
CUST-1593,Erik Marliana,Female,45,Tangerang,Banten,2025-05-03,Google Search
CUST-1594,Oki Ramadhan,Female,37,Pekanbaru,Riau,2022-06-17,Instagram Ads
CUST-1595,Indra Saputra,Male,42,Yogyakarta,DI Yogyakarta,2025-02-17,Google Search
CUST-1596,Citra Santoso,Male,42,Jakarta,DKI Jakarta,2025-04-23,TikTok Ads
CUST-1597,Rizky Firmansyah,Female,41,Makassar,Sulawesi Selatan,2023-05-31,Google Search
CUST-1598,Erik Utami,Female,24,Makassar,Sulawesi Selatan,2025-02-16,Organic Social
CUST-1599,Jihan Suryadi,Male,31,Denpasar,Bali,2025-02-28,Instagram Ads
CUST-1600,Sinta Maulana,Female,33,Jakarta,DKI Jakarta,2024-01-10,Instagram Ads
CUST-1601,Vero Halim,Male,30,Yogyakarta,DI Yogyakarta,2024-03-15,Organic Social
CUST-1602,Tono Hidayat,Male,40,Yogyakarta,DI Yogyakarta,2025-02-26,TikTok Ads
CUST-1603,Taufik Lestari,Female,43,Unknown,Sumatera Selatan,2024-09-15,TikTok Ads
CUST-1604,Wulan Utami,Female,20,Depok,Jawa Barat,2024-10-18,TikTok Ads
CUST-1605,Kartika Setiawan,Female,26,depok,Jawa Barat,2024-02-22,Instagram Ads
CUST-1606,Wulan Pratama,Female,36,Makassar,Sulawesi Selatan,2024-04-06,Organic Social
CUST-1607,Eka Firmansyah,Male,43,Jakarta,DKI Jakarta,2024-04-13,Instagram Ads
CUST-1608,Ayu Handoko,Female,24,Jakarta,DKI Jakarta,2025-06-01,Referral
CUST-1609,Krisna Sukmawati,Male,29,Bandung,Jawa Barat,2023-04-27,Instagram Ads
CUST-1610,Ayu Yulianti,Male,35,Jakarta,DKI Jakarta,2022-07-12,TikTok Ads
CUST-1611,Putri Wijaya,Female,39,Jakarta,DKI Jakarta,2024-02-08,Instagram Ads
CUST-1612,Hilda Hidayat,Male,23,Jakarta,DKI Jakarta,2024-07-13,Organic Social
CUST-1613,Bagus Pratama,Male,43,Jakarta,DKI Jakarta,2025-03-30,Referral
CUST-1614,Maya Prakoso,Female,37,Semarang,Jawa Tengah,2023-04-07,Google Search
CUST-1615,Sari Anggraini,Female,42,Bandung,Jawa Barat,2024-03-24,Instagram Ads
CUST-1616,Oki Maulana,Female,28,Bandung,Jawa Barat,2025-08-24,Google Search
CUST-1617,Galih Sukmawati,Female,31,Yogyakarta,DI Yogyakarta,2025-05-28,TikTok Ads
CUST-1618,Bagus Wibowo,Male,33,Unknown,Jawa Timur,2025-06-24,Organic Social
CUST-1619,Joko Yulianti,Female,39,Surabaya,Jawa Timur,2025-02-01,Google Search
CUST-1620,Fajar Halim,Female,34,Jakarta,DKI Jakarta,2025-07-23,TikTok Ads
CUST-1621,Dewi Darmawan,Male,37,Bogor,Jawa Barat,2025-05-07,TikTok Ads
CUST-1622,Laras Hartono,Male,20,Surabaya,Jawa Timur,2024-04-22,TikTok Ads
CUST-1623,Galih Lestari,Male,44,Jakarta,DKI Jakarta,2023-08-03,Marketplace
CUST-1624,Yoga Sukmawati,Male,35,Jakarta,DKI Jakarta,2024-12-31,Instagram Ads
CUST-1625,Ivan Sukmawati,Female,43,Jakarta,DKI Jakarta,2022-11-06,Instagram Ads
CUST-1626,Prita Yulianti,Female,32,Jakarta,DKI Jakarta,2023-01-19,TikTok Ads
CUST-1627,Citra Permana,Female,19,Jakarta,DKI Jakarta,2025-06-25,Referral
CUST-1628,Laras Firmansyah,Female,38,Malang,Jawa Timur,2023-12-08,Instagram Ads
CUST-1629,Nadia Hidayat,Male,41,Bandung,Jawa Barat,2023-07-24,TikTok Ads
CUST-1630,Kevin Halim,Male,42,Jakarta,DKI Jakarta,2024-04-07,Instagram Ads
CUST-1631,Faisal Santoso,Female,32,Tangerang,Banten,2025-01-26,Marketplace
CUST-1632,Wawan Nugroho,Female,22,Jakarta,DKI Jakarta,2023-06-20,Instagram Ads
CUST-1633,Oki Gunawan,Female,39,Yogyakarta,DI Yogyakarta,2023-04-17,Google Search
CUST-1634,Umar Gunawan,Female,32,Bandar Lampung,Lampung,2023-12-15,Google Search
CUST-1635,Eka Purnama,Female,39,Unknown,Jawa Timur,2023-11-04,Instagram Ads
CUST-1636,Cahya Rahayu,Female,37,Tangerang,Banten,2023-12-26,Google Search
CUST-1637,Cahya Sukmawati,Female,37,Bekasi,Jawa Barat,2024-04-07,Organic Social
CUST-1638,Nanda Santoso,Female,19,denpasar,Bali,2025-01-25,Marketplace
CUST-1639,Irfan Wijaya,Female,19,Makassar,Sulawesi Selatan,2023-03-21,Instagram Ads
CUST-1640,Zahra Nugroho,Male,29,Depok,Jawa Barat,2024-10-19,Instagram Ads
CUST-1641,Ivan Lestari,Male,30,Surabaya,Jawa Timur,2024-07-29,TikTok Ads
CUST-1642,Vero Halim,Male,39,Malang,Jawa Timur,2023-08-13,Organic Social
CUST-1643,Krisna Marliana,Male,27,Semarang,Jawa Tengah,2025-02-28,TikTok Ads
CUST-1644,Yuni Sukmawati,Male,33,Unknown,Jawa Barat,2022-07-22,TikTok Ads
CUST-1645,Adit Saputra,Female,24,Makassar,Sulawesi Selatan,2023-06-27,TikTok Ads
CUST-1646,Zaki Kurniawan,Male,29,Semarang,Jawa Tengah,2022-06-12,Instagram Ads
CUST-1647,Ayu Wijaya,Female,27,Bandar Lampung,Lampung,2023-12-12,Marketplace
CUST-1648,Guntur Cahyani,Male,37,Tangerang,Banten,2023-12-14,Marketplace
CUST-1649,Reza Darmawan,Female,34,Solo,Jawa Tengah,2024-12-17,TikTok Ads
CUST-1650,Yoga Kusuma,Female,41,Jakarta,DKI Jakarta,2024-06-26,Organic Social
CUST-1651,Prita Cahyani,Male,22,Jakarta,DKI Jakarta,2024-10-07,Instagram Ads
CUST-1652,Yoga Pratama,Female,25,Jakarta,DKI Jakarta,2025-06-19,TikTok Ads
CUST-1653,Mega Sukmawati,Male,24,denpasar,Bali,2024-03-10,Marketplace
CUST-1654,Eka Saputra,Female,40,Semarang,Jawa Tengah,2024-09-03,Organic Social
CUST-1655,Nadia Saputra,Female,33,Yogyakarta,DI Yogyakarta,2023-11-29,Referral
CUST-1656,Wawan Anggraini,Female,36,Surabaya,Jawa Timur,2022-06-07,Google Search
CUST-1657,Fajar Kusuma,Male,21,Tangerang,Banten,2025-08-03,Referral
CUST-1658,Prita Gunawan,Male,44,Jakarta,DKI Jakarta,2022-07-12,TikTok Ads
CUST-1659,Irfan Handoko,Female,40,Malang,Jawa Timur,2023-10-19,Instagram Ads
CUST-1660,Lukman Hidayat,Female,31,Bekasi,Jawa Barat,2023-02-27,Instagram Ads
CUST-1661,Lukman Permana,Male,27,Bandung,Jawa Barat,2023-09-06,Instagram Ads
CUST-1662,Anwar Firmansyah,Female,37,Surabaya,Jawa Timur,2022-12-07,TikTok Ads
CUST-1663,Joko Setiawan,Female,45,Bogor,Jawa Barat,2023-05-16,Google Search
CUST-1664,Tono Saputra,Female,44,Solo,Jawa Tengah,2024-11-05,TikTok Ads
CUST-1665,Hesti Darmawan,Male,44,Balikpapan,Kalimantan Timur,2025-07-04,Instagram Ads
CUST-1666,Prita Kusuma,Female,22,Jakarta,DKI Jakarta,2023-11-17,TikTok Ads
CUST-1667,Irfan Wijaya,Female,31,Yogyakarta,DI Yogyakarta,2024-03-23,TikTok Ads
CUST-1668,Faisal Lestari,Male,19,Jakarta,DKI Jakarta,2024-06-04,TikTok Ads
CUST-1669,Jihan Kusuma,Male,28,Palembang,Sumatera Selatan,2023-06-19,Referral
CUST-1670,Ayu Suryadi,Male,41,Unknown,Jawa Timur,2024-12-21,Organic Social
CUST-1671,Umar Wijaya,Male,34,bandung,Jawa Barat,2024-07-04,Marketplace
CUST-1672,Laras Wibowo,Female,32,Malang,Jawa Timur,2025-04-04,Google Search
CUST-1673,Ivan Saputra,Male,38,Jakarta,DKI Jakarta,2023-05-07,Marketplace
CUST-1674,Dewi Santoso,Female,29,Medan,Sumatera Utara,2023-03-13,TikTok Ads
CUST-1675,Sinta Halim,Female,24,Bekasi,Jawa Barat,2024-05-09,Instagram Ads
CUST-1676,Citra Santoso,Female,26,Jakarta,DKI Jakarta,2024-02-20,Referral
CUST-1677,Kartika Gunawan,Male,30,Jakarta,DKI Jakarta,2025-07-12,Instagram Ads
CUST-1678,Erik Anggraini,Male,34,Semarang,Jawa Tengah,2024-08-16,Referral
CUST-1679,Indra Wibowo,Female,29,Bekasi,Jawa Barat,2022-12-14,Organic Social
CUST-1680,Galih Ramadhan,Male,36,Palembang,Sumatera Selatan,2024-10-17,Referral
CUST-1681,Zaki Gunawan,Male,24,Medan,Sumatera Utara,2023-08-29,TikTok Ads
CUST-1682,Galih Saputra,Male,39,Bogor,Jawa Barat,2024-08-24,Instagram Ads
CUST-1683,Joko Permana,Female,39,Bandung,Jawa Barat,2022-12-08,TikTok Ads
CUST-1684,Ayu Ramadhan,Female,32,Denpasar,Bali,2025-02-09,TikTok Ads
CUST-1685,Guntur Wibowo,Female,42,Jakarta,DKI Jakarta,2022-11-17,Organic Social
CUST-1686,Endah Pratama,Female,35,Jakarta,DKI Jakarta,2024-03-15,TikTok Ads
CUST-1687,Rangga Sukmawati,Female,20,Balikpapan,Kalimantan Timur,2024-08-31,Google Search
CUST-1688,Wawan Handoko,Female,43,Medan,Sumatera Utara,2024-12-09,TikTok Ads
CUST-1689,Guntur Ramadhan,Male,36,Surabaya,Jawa Timur,2023-06-02,Instagram Ads
CUST-1690,Guntur Anggraini,Female,45,Jakarta,DKI Jakarta,2023-11-11,TikTok Ads
CUST-1691,Dewi Marliana,Female,34,Yogyakarta,DI Yogyakarta,2022-08-21,Google Search
CUST-1692,Bagus Setiawan,Female,28,Surabaya,Jawa Timur,2024-10-19,Instagram Ads
CUST-1693,Cindy Hartono,Female,29,Bandung,Jawa Barat,2024-10-02,Instagram Ads
CUST-1694,Jihan Nugroho,Male,26,Tangerang,Banten,2025-05-24,Instagram Ads
CUST-1695,Endah Cahyani,Female,27,Jakarta,DKI Jakarta,2025-03-07,Google Search
CUST-1696,Zaki Wijaya,Female,20,Bandar Lampung,Lampung,2025-05-08,Instagram Ads
CUST-1697,Kevin Firmansyah,Female,42,solo,Jawa Tengah,2022-12-25,Referral
CUST-1698,Reza Sukmawati,Female,42,Surabaya,Jawa Timur,2022-07-16,Organic Social
CUST-1699,Rangga Permana,Male,44,bogor,Jawa Barat,2024-11-04,Google Search
CUST-1700,Faisal Saputra,Male,20,Unknown,Jawa Tengah,2023-10-13,Referral
CUST-1701,Ayu Kurniawan,Female,40,Surabaya,Jawa Timur,2023-06-16,Instagram Ads
CUST-1702,Sinta Halim,Female,19,Bandung,Jawa Barat,2022-06-11,Instagram Ads
CUST-1703,Vina Utami,Female,26,Yogyakarta,DI Yogyakarta,2024-03-13,Instagram Ads
CUST-1704,Jihan Wibowo,Male,39,Bandung,Jawa Barat,2024-12-30,TikTok Ads
CUST-1705,Joko Anggraini,Female,30,Semarang,Jawa Tengah,2024-05-03,Organic Social
CUST-1706,Ayu Wijaya,Male,40,Yogyakarta,DI Yogyakarta,2025-05-26,Google Search
CUST-1707,Fajar Saputra,Male,36,Medan,Sumatera Utara,2022-11-08,Referral
CUST-1708,Endah Pratama,Female,29,Semarang,Jawa Tengah,2024-02-13,Instagram Ads
CUST-1709,Bagus Darmawan,Female,32,Medan,Sumatera Utara,2024-05-21,Marketplace
CUST-1710,Indra Wibowo,Male,31,Semarang,Jawa Tengah,2025-03-02,Google Search
CUST-1711,Laras Permana,Female,25,Bogor,Jawa Barat,2022-12-16,Instagram Ads
CUST-1712,Bayu Marliana,Female,30,Jakarta,DKI Jakarta,2024-08-30,Google Search
CUST-1713,Prita Darmawan,Male,40,Bandung,Jawa Barat,2024-06-13,Google Search
CUST-1714,Endah Permana,Female,31,yogyakarta,DI Yogyakarta,2025-05-26,Organic Social
CUST-1715,Wawan Darmawan,Female,19,Yogyakarta,DI Yogyakarta,2023-05-30,TikTok Ads
CUST-1716,Bayu Maulana,Female,39,Jakarta,DKI Jakarta,2022-12-19,Instagram Ads
CUST-1717,Fajar Hartono,Female,38,Jakarta,DKI Jakarta,2023-09-03,Google Search
CUST-1718,Prita Suryadi,Female,26,Surabaya,Jawa Timur,2022-07-17,Referral
CUST-1719,Krisna Rahayu,Male,44,Pekanbaru,Riau,2022-07-17,Organic Social
CUST-1720,Lukman Suryadi,Female,42,Bogor,Jawa Barat,2023-04-27,Marketplace
CUST-1721,Nanda Purnama,Female,21,Bandar Lampung,Lampung,2024-03-22,TikTok Ads
CUST-1722,Endah Rahayu,Male,44,Bandung,Jawa Barat,2024-11-25,Google Search
CUST-1723,Wulan Santoso,Male,24,Depok,Jawa Barat,2024-04-09,Instagram Ads
CUST-1724,Eka Yulianti,Male,34,Jakarta,DKI Jakarta,2024-09-10,TikTok Ads
CUST-1725,Jihan Cahyani,Female,43,Bandung,Jawa Barat,2025-06-05,Instagram Ads
CUST-1726,Wulan Darmawan,Female,31,Yogyakarta,DI Yogyakarta,2022-10-01,Instagram Ads
CUST-1727,Hana Nugroho,Male,33,Surabaya,Jawa Timur,2025-04-13,Instagram Ads
CUST-1728,Zaki Maulana,Male,22,Bandung,Jawa Barat,2025-08-31,Google Search
CUST-1729,Wawan Firmansyah,Male,25,Jakarta,DKI Jakarta,2023-10-11,Referral
CUST-1730,Tono Cahyani,Male,43,Yogyakarta,DI Yogyakarta,2025-03-03,TikTok Ads
CUST-1731,Indra Halim,Female,38,Depok,Jawa Barat,2023-11-11,TikTok Ads
CUST-1732,Vero Kusuma,Female,41,Jakarta,DKI Jakarta,2024-06-29,Google Search
CUST-1733,Ulfa Halim,Male,23,Bandung,Jawa Barat,2024-11-17,Instagram Ads
CUST-1734,Nanda Purnama,Female,26,Bandung,Jawa Barat,2024-07-26,TikTok Ads
CUST-1735,Ivan Wibowo,Female,35,Medan,Sumatera Utara,2023-11-14,TikTok Ads
CUST-1736,Vina Rahayu,Male,37,Palembang,Sumatera Selatan,2024-05-05,TikTok Ads
CUST-1737,Faisal Marliana,Male,35,Malang,Jawa Timur,2025-02-18,TikTok Ads
CUST-1738,Joko Hidayat,Female,28,Denpasar,Bali,2022-10-11,Google Search
CUST-1739,Laras Kurniawan,Male,30,Tangerang,Banten,2023-01-31,Google Search
CUST-1740,Sinta Wijaya,Male,42,Jakarta,DKI Jakarta,2025-05-09,TikTok Ads
CUST-1741,Jihan Handoko,Female,27,Jakarta,DKI Jakarta,2024-04-05,Referral
CUST-1742,Rangga Yulianti,Female,35,Malang,Jawa Timur,2022-09-23,Referral
CUST-1743,Cindy Hartono,Female,41,Denpasar,Bali,2023-10-15,Instagram Ads
CUST-1744,Indra Rahayu,Male,21,Bandung,Jawa Barat,2023-06-25,TikTok Ads
CUST-1745,Gita Setiawan,Male,37,Jakarta,DKI Jakarta,2023-10-13,Organic Social
CUST-1746,Faisal Saputra,Female,22,Jakarta,DKI Jakarta,2022-10-28,Instagram Ads
CUST-1747,Guntur Marliana,Female,19,Unknown,Sumatera Utara,2025-02-22,Instagram Ads
CUST-1748,Endah Pratama,Male,39,Malang,Jawa Timur,2023-07-04,Instagram Ads
CUST-1749,Faisal Rahayu,Female,24,Surabaya,Jawa Timur,2023-12-07,Instagram Ads
CUST-1750,Taufik Setiawan,Male,26,denpasar,Bali,2023-11-24,TikTok Ads
CUST-1751,Vina Marliana,Male,24,Makassar,Sulawesi Selatan,2023-01-15,Marketplace
CUST-1752,Umar Nugroho,Female,43,Yogyakarta,DI Yogyakarta,2023-05-01,Marketplace
CUST-1753,Zahra Utami,Male,25,Surabaya,Jawa Timur,2025-06-08,Instagram Ads
CUST-1754,Umar Kurniawan,Male,34,Yogyakarta,DI Yogyakarta,2024-03-17,Google Search
CUST-1755,Beni Kusuma,Female,25,Medan,Sumatera Utara,2023-04-13,Organic Social
CUST-1756,Reza Hartono,Female,35,Makassar,Sulawesi Selatan,2023-04-18,Organic Social
CUST-1757,Farah Prakoso,Female,27,Bekasi,Jawa Barat,2023-12-04,TikTok Ads
CUST-1758,Doni Permana,Male,45,Jakarta,DKI Jakarta,2024-04-14,TikTok Ads
CUST-1759,Bayu Gunawan,Female,31,Surabaya,Jawa Timur,2024-10-02,Google Search
CUST-1760,Maya Saputra,Male,19,Jakarta,DKI Jakarta,2024-12-22,Google Search
CUST-1761,Vina Setiawan,Female,32,Bandung,Jawa Barat,2024-07-04,Google Search
CUST-1762,Gita Santoso,Male,33,Jakarta,DKI Jakarta,2023-08-15,Instagram Ads
CUST-1763,Cindy Darmawan,Male,37,Bandung,Jawa Barat,2025-02-07,Google Search
CUST-1764,Dewi Nugroho,Female,38,Denpasar,Bali,2025-02-22,Instagram Ads
CUST-1765,Indra Marliana,Female,28,Bandung,Jawa Barat,2025-06-06,Referral
CUST-1766,Laras Saputra,Male,23,Bandung,Jawa Barat,2024-09-25,Google Search
CUST-1767,Krisna Rahayu,Female,43,Unknown,Jawa Timur,2024-04-02,Organic Social
CUST-1768,Ulfa Cahyani,Male,21,Denpasar,Bali,2023-03-15,Referral
CUST-1769,Nanda Kusuma,Male,33,Balikpapan,Kalimantan Timur,2024-06-09,TikTok Ads
CUST-1770,Rangga Hidayat,Female,40,Jakarta,DKI Jakarta,2024-06-11,Google Search
CUST-1771,Cahya Suryadi,Female,32,Bandar Lampung,Lampung,2023-03-15,Organic Social
CUST-1772,Laras Maulana,Male,35,Bogor,Jawa Barat,2022-10-02,Marketplace
CUST-1773,Wawan Firmansyah,Male,34,Balikpapan,Kalimantan Timur,2024-03-31,Instagram Ads
CUST-1774,Kartika Yulianti,Male,43,Jakarta,DKI Jakarta,2022-12-06,TikTok Ads
CUST-1775,Maya Darmawan,Male,38,Unknown,Jawa Barat,2025-08-19,Instagram Ads
CUST-1776,Wawan Santoso,Female,42,Denpasar,Bali,2023-12-20,Instagram Ads
CUST-1777,Citra Marliana,Female,41,Medan,Sumatera Utara,2024-12-16,Instagram Ads
CUST-1778,Oki Lestari,Male,31,Medan,Sumatera Utara,2022-06-14,TikTok Ads
CUST-1779,Endah Firmansyah,Male,43,bandung,Jawa Barat,2023-08-31,Google Search
CUST-1780,Joko Saputra,Male,41,Bekasi,Jawa Barat,2025-08-20,Organic Social
CUST-1781,Farah Wijaya,Female,36,Jakarta,DKI Jakarta,2023-06-07,Organic Social
CUST-1782,Sinta Saputra,Female,29,Semarang,Jawa Tengah,2022-10-20,Instagram Ads
CUST-1783,Bagus Halim,Female,25,Jakarta,DKI Jakarta,2023-12-08,Organic Social
CUST-1784,Guntur Sukmawati,Male,31,Pekanbaru,Riau,2023-02-08,Organic Social
CUST-1785,Anwar Wibowo,Female,31,Jakarta,DKI Jakarta,2022-09-09,Google Search
CUST-1786,Hana Kusuma,Female,37,Jakarta,DKI Jakarta,2023-05-25,Referral
CUST-1787,Vina Maulana,Male,30,Jakarta,DKI Jakarta,2025-02-26,Instagram Ads
CUST-1788,Endah Pratama,Female,27,Solo,Jawa Tengah,2025-04-04,Instagram Ads
CUST-1789,Umar Prakoso,Male,22,Depok,Jawa Barat,2024-08-28,Instagram Ads
CUST-1790,Reza Yulianti,Female,41,Pekanbaru,Riau,2024-02-06,TikTok Ads
CUST-1791,Farah Utami,Male,29,Yogyakarta,DI Yogyakarta,2023-12-15,Instagram Ads
CUST-1792,Cindy Wijaya,Female,41,Jakarta,DKI Jakarta,2025-04-28,Google Search
CUST-1793,Bayu Kusuma,Female,32,Jakarta,DKI Jakarta,2024-01-22,Instagram Ads
CUST-1794,Zaki Marliana,Male,44,Semarang,Jawa Tengah,2023-04-07,Marketplace
CUST-1795,Zaki Kurniawan,Female,28,Depok,Jawa Barat,2022-08-01,Organic Social
CUST-1796,Faisal Wijaya,Male,29,Makassar,Sulawesi Selatan,2022-07-29,Referral
CUST-1797,Wulan Rahayu,Female,31,Jakarta,DKI Jakarta,2024-09-12,Instagram Ads
CUST-1798,Eka Nugroho,Male,21,Jakarta,DKI Jakarta,2024-05-15,Marketplace
CUST-1799,Farah Hartono,Male,36,Yogyakarta,DI Yogyakarta,2024-09-28,Organic Social
CUST-1800,Sinta Setiawan,Female,27,Jakarta,DKI Jakarta,2025-01-31,TikTok Ads
CUST-1801,Laras Saputra,Female,42,Makassar,Sulawesi Selatan,2022-12-15,Instagram Ads
CUST-1802,Vero Wibowo,Female,21,Semarang,Jawa Tengah,2023-03-20,Instagram Ads
CUST-1803,Umar Lestari,Female,24,Makassar,Sulawesi Selatan,2023-10-25,Referral
CUST-1804,Indra Lestari,Female,27,Yogyakarta,DI Yogyakarta,2025-04-30,TikTok Ads
CUST-1805,Cahya Wibowo,Male,20,Denpasar,Bali,2025-08-30,Google Search
CUST-1806,Beni Utami,Female,39,Depok,Jawa Barat,2023-06-09,Instagram Ads
CUST-1807,Guntur Prakoso,Female,30,Bandung,Jawa Barat,2025-08-15,Marketplace
CUST-1808,Hana Sukmawati,Female,27,Surabaya,Jawa Timur,2023-08-14,Instagram Ads
CUST-1809,Cahya Handoko,Female,24,Bekasi,Jawa Barat,2024-04-21,TikTok Ads
CUST-1810,Rangga Santoso,Male,29,Semarang,Jawa Tengah,2022-12-15,Organic Social
CUST-1811,Endah Prakoso,Male,23,Surabaya,Jawa Timur,2022-07-23,Instagram Ads
CUST-1812,Citra Setiawan,Female,30,Semarang,Jawa Tengah,2024-01-27,Marketplace
CUST-1813,Hesti Saputra,Female,45,jakarta,DKI Jakarta,2025-03-30,Instagram Ads
CUST-1814,Nadia Darmawan,Female,42,Denpasar,Bali,2022-07-05,Instagram Ads
CUST-1815,Oki Cahyani,Female,36,malang,Jawa Timur,2025-05-11,Marketplace
CUST-1816,Prita Handoko,Female,40,Semarang,Jawa Tengah,2024-07-06,Google Search
CUST-1817,Maya Hidayat,Female,38,Bogor,Jawa Barat,2023-04-08,Instagram Ads
CUST-1818,Irfan Suryadi,Female,35,Balikpapan,Kalimantan Timur,2024-08-29,TikTok Ads
CUST-1819,Sinta Permana,Female,27,Jakarta,DKI Jakarta,2024-02-05,Instagram Ads
CUST-1820,Faisal Prakoso,Female,32,Unknown,Banten,2022-10-15,Instagram Ads
CUST-1821,Ayu Purnama,Female,24,Solo,Jawa Tengah,2023-10-10,Instagram Ads
CUST-1822,Ayu Nugroho,Female,27,Bogor,Jawa Barat,2022-10-23,Referral
CUST-1823,Zahra Lestari,Female,23,Medan,Sumatera Utara,2023-04-07,Instagram Ads
CUST-1824,Faisal Utami,Female,43,Jakarta,DKI Jakarta,2024-02-28,Google Search
CUST-1825,Eka Marliana,Female,38,Bandung,Jawa Barat,2023-02-11,Marketplace
CUST-1826,Irfan Hidayat,Male,20,Palembang,Sumatera Selatan,2024-04-30,Instagram Ads
CUST-1827,Beni Suryadi,Female,41,Yogyakarta,DI Yogyakarta,2025-09-11,Referral
CUST-1828,Nadia Handoko,Female,42,Jakarta,DKI Jakarta,2022-12-29,TikTok Ads
CUST-1829,Prita Nugroho,Male,32,Malang,Jawa Timur,2025-03-09,Organic Social
CUST-1830,Bayu Ramadhan,Male,39,Bandung,Jawa Barat,2023-12-17,Organic Social
CUST-1831,Putri Purnama,Female,41,Solo,Jawa Tengah,2022-11-18,TikTok Ads
CUST-1832,Galih Setiawan,Female,43,Medan,Sumatera Utara,2023-11-27,Google Search
CUST-1833,Nadia Nugroho,Male,40,medan,Sumatera Utara,2025-04-28,Google Search
CUST-1834,Putri Gunawan,Female,22,Depok,Jawa Barat,2022-12-19,Google Search
CUST-1835,Yuni Firmansyah,Male,41,Tangerang,Banten,2024-10-11,Organic Social
CUST-1836,Dinda Yulianti,Male,20,Bogor,Jawa Barat,2025-08-18,Google Search
CUST-1837,Wawan Nugroho,Female,24,Bekasi,Jawa Barat,2022-07-23,Instagram Ads
CUST-1838,Taufik Gunawan,Male,27,Surabaya,Jawa Timur,2022-07-29,TikTok Ads
CUST-1839,Ulfa Firmansyah,Female,20,Balikpapan,Kalimantan Timur,2023-12-19,Instagram Ads
CUST-1840,Yoga Wibowo,Female,36,Depok,Jawa Barat,2023-08-03,Referral
CUST-1841,Omar Setiawan,Male,21,Bekasi,Jawa Barat,2023-05-19,Referral
CUST-1842,Wulan Santoso,Female,28,Bogor,Jawa Barat,2023-09-10,Google Search
CUST-1843,Rangga Handoko,Male,43,Bandung,Jawa Barat,2025-03-15,Referral
CUST-1844,Kartika Lestari,Male,43,Bandung,Jawa Barat,2024-11-13,Instagram Ads
CUST-1845,Tono Darmawan,Male,41,Jakarta,DKI Jakarta,2024-02-26,Google Search
CUST-1846,Jasmine Marliana,Female,21,Jakarta,DKI Jakarta,2022-11-03,Google Search
CUST-1847,Indra Kurniawan,Male,36,Bogor,Jawa Barat,2023-03-26,TikTok Ads
CUST-1848,Oki Anggraini,Male,21,Bogor,Jawa Barat,2024-01-23,Organic Social
CUST-1849,Oki Prakoso,Male,27,Bandung,Jawa Barat,2023-04-14,Referral
CUST-1850,Adit Permana,Female,44,Jakarta,DKI Jakarta,2023-09-06,Instagram Ads
CUST-1851,Laras Saputra,Male,32,Jakarta,DKI Jakarta,2025-02-14,TikTok Ads
CUST-1852,Rizky Sukmawati,Female,37,Bogor,Jawa Barat,2025-09-02,Instagram Ads
CUST-1853,Zaki Marliana,Male,27,Unknown,Jawa Barat,2024-06-15,Marketplace
CUST-1854,Guntur Prakoso,Female,41,Jakarta,DKI Jakarta,2025-06-11,Marketplace
CUST-1855,Beni Rahayu,Female,22,Bandung,Jawa Barat,2025-06-07,Referral
CUST-1856,Yuni Cahyani,Male,38,Semarang,Jawa Tengah,2023-01-01,Referral
CUST-1857,Endah Hartono,Female,37,Solo,Jawa Tengah,2023-09-02,TikTok Ads
CUST-1858,Doni Setiawan,Male,24,Medan,Sumatera Utara,2022-10-11,Google Search
CUST-1859,Yuni Santoso,Male,23,Palembang,Sumatera Selatan,2025-02-01,Marketplace
CUST-1860,Nadia Suryadi,Male,42,Bandung,Jawa Barat,2023-10-30,TikTok Ads
CUST-1861,Umar Setiawan,Male,25,Bekasi,Jawa Barat,2023-03-01,Referral
CUST-1862,Joko Darmawan,Female,35,Bandung,Jawa Barat,2023-09-20,TikTok Ads
CUST-1863,Zahra Gunawan,Male,38,Denpasar,Bali,2024-03-06,Google Search
CUST-1864,Kartika Sukmawati,Male,35,Bekasi,Jawa Barat,2022-10-24,Instagram Ads
CUST-1865,Galih Sukmawati,Male,19,Solo,Jawa Tengah,2023-06-03,Instagram Ads
CUST-1866,Bayu Wibowo,Female,40,Jakarta,DKI Jakarta,2024-09-04,Referral
CUST-1867,Vero Maulana,Female,28,Jakarta,DKI Jakarta,2024-05-04,Organic Social
CUST-1868,Reza Firmansyah,Female,25,yogyakarta,DI Yogyakarta,2023-06-13,Instagram Ads
CUST-1869,Dewi Setiawan,Female,19,Unknown,DI Yogyakarta,2022-12-10,Instagram Ads
CUST-1870,Vina Wibowo,Female,35,Surabaya,Jawa Timur,2023-05-12,TikTok Ads
CUST-1871,Maya Firmansyah,Female,21,Depok,Jawa Barat,2025-08-07,Google Search
CUST-1872,Jasmine Halim,Male,22,Jakarta,DKI Jakarta,2023-08-22,Google Search
CUST-1873,Joko Prakoso,Male,43,Medan,Sumatera Utara,2024-11-19,Organic Social
CUST-1874,Cahya Kurniawan,Male,44,Jakarta,DKI Jakarta,2022-08-19,TikTok Ads
CUST-1875,Irfan Nugroho,Male,37,Bandung,Jawa Barat,2024-05-15,TikTok Ads
CUST-1876,Rizky Yulianti,Male,40,Medan,Sumatera Utara,2024-04-21,TikTok Ads
CUST-1877,Putri Prakoso,Female,26,jakarta,DKI Jakarta,2025-07-10,TikTok Ads
CUST-1878,Jasmine Ramadhan,Female,34,Depok,Jawa Barat,2022-08-25,Referral
CUST-1879,Vina Kurniawan,Male,21,Bogor,Jawa Barat,2022-12-20,TikTok Ads
CUST-1880,Maya Permana,Female,43,Medan,Sumatera Utara,2025-05-25,TikTok Ads
CUST-1881,Citra Wibowo,Female,39,Surabaya,Jawa Timur,2023-07-11,Instagram Ads
CUST-1882,Umar Suryadi,Female,34,Jakarta,DKI Jakarta,2022-12-31,Marketplace
CUST-1883,Fajar Permana,Female,20,Bekasi,Jawa Barat,2022-09-21,Organic Social
CUST-1884,Dewi Setiawan,Female,39,Bekasi,Jawa Barat,2025-08-13,Instagram Ads
CUST-1885,Dinda Ramadhan,Female,36,Balikpapan,Kalimantan Timur,2024-07-28,Organic Social
CUST-1886,Ulfa Wijaya,Male,35,bekasi,Jawa Barat,2025-05-09,Marketplace
CUST-1887,Vero Saputra,Male,41,Jakarta,DKI Jakarta,2023-06-16,TikTok Ads
CUST-1888,Ulfa Nugroho,Female,31,Medan,Sumatera Utara,2022-07-02,Marketplace
CUST-1889,Lukman Wibowo,Male,45,Jakarta,DKI Jakarta,2023-10-06,Organic Social
CUST-1890,Omar Ramadhan,Female,23,Surabaya,Jawa Timur,2024-09-01,Instagram Ads
CUST-1891,Hilda Firmansyah,Male,39,Unknown,Lampung,2025-08-12,Referral
CUST-1892,Erik Marliana,Female,32,Bandung,Jawa Barat,2022-06-21,Instagram Ads
CUST-1893,Cindy Cahyani,Male,39,Bekasi,Jawa Barat,2023-11-02,Referral
CUST-1894,Irfan Yulianti,Female,22,Jakarta,DKI Jakarta,2023-08-31,TikTok Ads
CUST-1895,Taufik Cahyani,Female,42,Jakarta,DKI Jakarta,2024-04-01,Marketplace
CUST-1896,Zahra Nugroho,Female,37,Surabaya,Jawa Timur,2025-06-03,TikTok Ads
CUST-1897,Maya Halim,Male,36,Malang,Jawa Timur,2023-07-19,TikTok Ads
CUST-1898,Rizky Kusuma,Female,26,Jakarta,DKI Jakarta,2025-02-05,Instagram Ads
CUST-1899,Yoga Halim,Female,38,Tangerang,Banten,2022-10-17,TikTok Ads
CUST-1900,Wulan Lestari,Male,25,Bekasi,Jawa Barat,2025-03-28,Instagram Ads
CUST-1901,Yuni Anggraini,Female,27,Jakarta,DKI Jakarta,2023-04-09,Instagram Ads
CUST-1902,Oki Kusuma,Female,28,Makassar,Sulawesi Selatan,2024-08-10,Google Search
CUST-1903,Putri Hartono,Female,33,Bandung,Jawa Barat,2024-11-15,TikTok Ads
CUST-1904,Taufik Santoso,Female,29,Semarang,Jawa Tengah,2023-03-21,TikTok Ads
CUST-1905,Joko Marliana,Male,29,Semarang,Jawa Tengah,2023-05-14,Instagram Ads
CUST-1906,Anwar Purnama,Female,20,Jakarta,DKI Jakarta,2024-07-20,Instagram Ads
CUST-1907,Dinda Kurniawan,Female,21,Jakarta,DKI Jakarta,2022-08-12,TikTok Ads
CUST-1908,Jasmine Sukmawati,Female,38,Medan,Sumatera Utara,2024-07-30,Instagram Ads
CUST-1909,Jasmine Marliana,Female,39,Yogyakarta,DI Yogyakarta,2023-10-26,Instagram Ads
CUST-1910,Lukman Wibowo,Female,28,Semarang,Jawa Tengah,2024-06-07,Marketplace
CUST-1911,Joko Wijaya,Male,32,Malang,Jawa Timur,2024-06-23,TikTok Ads
CUST-1912,Prita Gunawan,Male,31,Tangerang,Banten,2025-06-13,Instagram Ads
CUST-1913,Rizky Anggraini,Female,33,Surabaya,Jawa Timur,2024-10-03,TikTok Ads
CUST-1914,Nanda Cahyani,Female,35,Bandung,Jawa Barat,2024-08-25,Instagram Ads
CUST-1915,Beni Maulana,Male,36,jakarta,DKI Jakarta,2024-06-14,TikTok Ads
CUST-1916,Doni Permana,Female,22,Bandung,Jawa Barat,2024-08-13,Marketplace
CUST-1917,Hilda Kusuma,Female,25,Balikpapan,Kalimantan Timur,2024-09-22,Google Search
CUST-1918,Nanda Wibowo,Female,33,Pekanbaru,Riau,2024-11-01,Google Search
CUST-1919,Beni Yulianti,Male,39,Jakarta,DKI Jakarta,2025-07-28,Instagram Ads
CUST-1920,Kevin Suryadi,Female,42,Surabaya,Jawa Timur,2025-01-15,TikTok Ads
CUST-1921,Beni Santoso,Male,20,Bandar Lampung,Lampung,2025-05-22,Instagram Ads
CUST-1922,Irfan Gunawan,Female,21,Jakarta,DKI Jakarta,2022-09-17,Instagram Ads
CUST-1923,Jasmine Lestari,Female,21,Jakarta,DKI Jakarta,2023-08-11,Google Search
CUST-1924,Gita Yulianti,Female,24,Bogor,Jawa Barat,2025-01-28,Google Search
CUST-1925,Omar Maulana,Female,22,Palembang,Sumatera Selatan,2023-04-08,Instagram Ads
CUST-1926,Irfan Utami,Male,27,Semarang,Jawa Tengah,2025-01-17,Marketplace
CUST-1927,Indra Marliana,Male,22,Denpasar,Bali,2023-03-28,TikTok Ads
CUST-1928,Dinda Gunawan,Male,37,surabaya,Jawa Timur,2023-05-16,Marketplace
CUST-1929,Sinta Purnama,Female,19,medan,Sumatera Utara,2023-06-08,TikTok Ads
CUST-1930,Omar Permana,Male,21,Bandung,Jawa Barat,2022-11-22,Referral
CUST-1931,Maya Firmansyah,Male,44,Bandar Lampung,Lampung,2023-01-14,TikTok Ads
CUST-1932,Omar Marliana,Female,44,Tangerang,Banten,2022-11-18,Google Search
CUST-1933,Ivan Marliana,Male,25,Solo,Jawa Tengah,2024-06-17,Marketplace
CUST-1934,Rangga Anggraini,Female,26,Yogyakarta,DI Yogyakarta,2023-05-08,Marketplace
CUST-1935,Sinta Santoso,Male,43,Bandung,Jawa Barat,2023-12-11,TikTok Ads
CUST-1936,Maya Marliana,Male,19,Jakarta,DKI Jakarta,2022-06-22,TikTok Ads
CUST-1937,Hesti Handoko,Male,29,Surabaya,Jawa Timur,2023-12-06,Marketplace
CUST-1938,Krisna Saputra,Female,30,Surabaya,Jawa Timur,2024-05-01,TikTok Ads
CUST-1939,Jasmine Lestari,Male,21,Bandung,Jawa Barat,2024-12-08,Organic Social
CUST-1940,Putri Santoso,Male,44,Palembang,Sumatera Selatan,2022-07-18,Instagram Ads
CUST-1941,Eka Pratama,Male,43,Jakarta,DKI Jakarta,2025-08-15,Referral
CUST-1942,Mega Firmansyah,Male,38,Tangerang,Banten,2024-04-29,Marketplace
CUST-1943,Dewi Cahyani,Male,22,Balikpapan,Kalimantan Timur,2024-04-08,Instagram Ads
CUST-1944,Adit Maulana,Female,41,Bandar Lampung,Lampung,2022-11-14,Organic Social
CUST-1945,Ivan Saputra,Male,31,Jakarta,DKI Jakarta,2022-09-11,TikTok Ads
CUST-1946,Wulan Ramadhan,Male,24,jakarta,DKI Jakarta,2025-03-11,Google Search
CUST-1947,Maya Hidayat,Female,19,Malang,Jawa Timur,2024-11-23,Instagram Ads
CUST-1948,Maya Kusuma,Male,41,Semarang,Jawa Tengah,2023-06-23,Organic Social
CUST-1949,Tono Hartono,Female,39,Bekasi,Jawa Barat,2023-09-10,TikTok Ads
CUST-1950,Putri Rahayu,Female,45,Makassar,Sulawesi Selatan,2023-08-21,Instagram Ads
CUST-1951,Eka Suryadi,Female,24,Palembang,Sumatera Selatan,2023-10-29,TikTok Ads
CUST-1952,Doni Pratama,Female,43,Tangerang,Banten,2024-10-28,Marketplace
CUST-1953,Nadia Ramadhan,Male,30,Denpasar,Bali,2024-03-14,Marketplace
CUST-1954,Zaki Suryadi,Female,42,Medan,Sumatera Utara,2024-03-15,TikTok Ads
CUST-1955,Kartika Wijaya,Male,25,Yogyakarta,DI Yogyakarta,2025-06-23,Referral
CUST-1956,Ayu Anggraini,Female,44,Surabaya,Jawa Timur,2025-01-01,Organic Social
CUST-1957,Bagus Handoko,Female,43,Yogyakarta,DI Yogyakarta,2023-04-09,Instagram Ads
CUST-1958,Dinda Ramadhan,Female,19,Bandung,Jawa Barat,2023-04-02,Marketplace
CUST-1959,Joko Hidayat,Female,19,Jakarta,DKI Jakarta,2023-06-12,TikTok Ads
CUST-1960,Krisna Hidayat,Female,45,Jakarta,DKI Jakarta,2024-08-12,Instagram Ads
CUST-1961,Sinta Wijaya,Female,24,Unknown,DI Yogyakarta,2025-03-19,TikTok Ads
CUST-1962,Putri Rahayu,Male,38,Jakarta,DKI Jakarta,2024-03-24,Marketplace
CUST-1963,Wawan Firmansyah,Female,28,Depok,Jawa Barat,2024-09-30,TikTok Ads
CUST-1964,Wulan Gunawan,Male,35,Makassar,Sulawesi Selatan,2023-02-05,Organic Social
CUST-1965,Doni Gunawan,Female,34,Malang,Jawa Timur,2024-06-26,TikTok Ads
CUST-1966,Irfan Suryadi,Male,29,Jakarta,DKI Jakarta,2024-03-30,Organic Social
CUST-1967,Indra Lestari,Male,41,Semarang,Jawa Tengah,2025-08-26,Organic Social
CUST-1968,Dinda Utami,Male,38,Medan,Sumatera Utara,2023-09-12,TikTok Ads
CUST-1969,Joko Hartono,Female,22,Yogyakarta,DI Yogyakarta,2022-07-10,TikTok Ads
CUST-1970,Doni Wibowo,Male,42,semarang,Jawa Tengah,2025-01-03,Organic Social
CUST-1971,Dewi Suryadi,Male,30,Depok,Jawa Barat,2023-12-18,Instagram Ads
CUST-1972,Joko Yulianti,Female,38,Makassar,Sulawesi Selatan,2024-04-01,Instagram Ads
CUST-1973,Cahya Firmansyah,Male,36,bandung,Jawa Barat,2024-03-05,Instagram Ads
CUST-1974,Maya Rahayu,Female,20,Bandar Lampung,Lampung,2023-02-02,Organic Social
CUST-1975,Umar Hidayat,Female,45,Bandung,Jawa Barat,2024-07-10,Instagram Ads
CUST-1976,Zaki Anggraini,Male,43,Bandung,Jawa Barat,2022-07-30,Organic Social
CUST-1977,Doni Darmawan,Male,36,Solo,Jawa Tengah,2024-12-01,TikTok Ads
CUST-1978,Tono Kusuma,Female,41,Pekanbaru,Riau,2024-12-20,Google Search
CUST-1979,Zaki Halim,Female,29,Bandung,Jawa Barat,2022-07-05,TikTok Ads
CUST-1980,Ayu Kusuma,Female,32,Tangerang,Banten,2025-07-01,TikTok Ads
CUST-1981,Laras Wijaya,Male,29,Bogor,Jawa Barat,2022-08-10,Organic Social
CUST-1982,Gita Rahayu,Female,21,Jakarta,DKI Jakarta,2023-02-26,Instagram Ads
CUST-1983,Bayu Lestari,Male,30,Tangerang,Banten,2022-12-06,Referral
CUST-1984,Ayu Cahyani,Female,32,Yogyakarta,DI Yogyakarta,2025-06-21,Instagram Ads
CUST-1985,Guntur Hidayat,Female,22,Bogor,Jawa Barat,2023-07-30,Instagram Ads
CUST-1986,Oki Suryadi,Female,39,Jakarta,DKI Jakarta,2025-07-17,Instagram Ads
CUST-1987,Vina Wibowo,Male,23,Jakarta,DKI Jakarta,2023-09-20,Referral
CUST-1988,Sinta Cahyani,Female,28,Denpasar,Bali,2022-07-10,Referral
CUST-1989,Mega Suryadi,Female,20,Semarang,Jawa Tengah,2022-08-22,Instagram Ads
CUST-1990,Kartika Wibowo,Male,35,Tangerang,Banten,2025-09-04,Instagram Ads
CUST-1991,Kartika Prakoso,Female,30,Semarang,Jawa Tengah,2023-12-29,Instagram Ads
CUST-1992,Reza Permana,Female,27,Makassar,Sulawesi Selatan,2024-04-16,TikTok Ads
CUST-1993,Cindy Wibowo,Male,25,Surabaya,Jawa Timur,2025-04-14,Organic Social
CUST-1994,Umar Prakoso,Female,37,Bekasi,Jawa Barat,2023-07-27,Referral
CUST-1995,Oki Purnama,Female,20,Jakarta,DKI Jakarta,2024-02-12,Organic Social
CUST-1996,Erik Kusuma,Female,28,Bogor,Jawa Barat,2023-08-19,Organic Social
CUST-1997,Nadia Darmawan,Male,33,Jakarta,DKI Jakarta,2024-08-04,Instagram Ads
CUST-1998,Farah Utami,Male,44,Yogyakarta,DI Yogyakarta,2025-07-23,Instagram Ads
CUST-1999,Adit Hidayat,Male,38,Jakarta,DKI Jakarta,2022-06-01,Marketplace
CUST-2000,Zaki Saputra,Male,24,Bandung,Jawa Barat,2024-07-21,Google Search
CUST-2001,Umar Darmawan,Female,32,Balikpapan,Kalimantan Timur,2024-07-03,Instagram Ads
CUST-2002,Hana Kurniawan,Female,44,Jakarta,DKI Jakarta,2023-03-18,Google Search
CUST-2003,Hana Santoso,Male,34,pekanbaru,Riau,2022-08-02,Referral
CUST-2004,Ulfa Purnama,Male,27,Yogyakarta,DI Yogyakarta,2025-08-31,TikTok Ads
CUST-2005,Bagus Wijaya,Female,31,tangerang,Banten,2023-04-10,TikTok Ads
CUST-2006,Cindy Ramadhan,Female,19,Bogor,Jawa Barat,2024-09-22,Instagram Ads
CUST-2007,Cahya Hidayat,Male,42,Bekasi,Jawa Barat,2023-12-28,Instagram Ads
CUST-2008,Reza Wijaya,Female,33,Bandung,Jawa Barat,2023-06-21,Organic Social
CUST-2009,Oki Cahyani,Female,41,Bogor,Jawa Barat,2024-11-08,Organic Social
CUST-2010,Faisal Setiawan,Female,30,Jakarta,DKI Jakarta,2024-06-15,Instagram Ads
CUST-2011,Yoga Firmansyah,Male,36,Denpasar,Bali,2024-06-30,TikTok Ads
CUST-2012,Joko Prakoso,Female,30,Jakarta,DKI Jakarta,2024-08-31,Referral
CUST-2013,Rangga Marliana,Female,32,Palembang,Sumatera Selatan,2025-06-15,Instagram Ads
CUST-2014,Kartika Marliana,Female,36,Bandar Lampung,Lampung,2025-01-11,Instagram Ads
CUST-2015,Yoga Kusuma,Male,36,Semarang,Jawa Tengah,2023-03-25,Organic Social
CUST-2016,Bayu Marliana,Male,31,Medan,Sumatera Utara,2023-07-27,Instagram Ads
CUST-2017,Kevin Setiawan,Female,37,Yogyakarta,DI Yogyakarta,2022-08-25,Google Search
CUST-2018,Hana Lestari,Male,44,Jakarta,DKI Jakarta,2023-09-08,Referral
CUST-2019,Ayu Utami,Male,35,Depok,Jawa Barat,2025-06-28,Google Search
CUST-2020,Erik Cahyani,Female,39,Bekasi,Jawa Barat,2023-01-04,Organic Social
CUST-2021,Galih Halim,Male,35,Jakarta,DKI Jakarta,2022-06-02,Marketplace
CUST-2022,Nanda Setiawan,Female,31,Tangerang,Banten,2024-02-18,Google Search
CUST-2023,Nanda Kusuma,Female,19,Pekanbaru,Riau,2023-06-27,Organic Social
CUST-2024,Yuni Ramadhan,Female,22,Denpasar,Bali,2022-10-16,TikTok Ads
CUST-2025,Citra Hartono,Female,30,Tangerang,Banten,2024-02-05,Google Search
CUST-2026,Yuni Pratama,Male,20,Yogyakarta,DI Yogyakarta,2022-08-25,Instagram Ads
CUST-2027,Ulfa Purnama,Male,43,Yogyakarta,DI Yogyakarta,2024-07-25,Google Search
CUST-2028,Galih Darmawan,Male,31,Bandung,Jawa Barat,2025-03-01,Marketplace
CUST-2029,Vero Firmansyah,Female,26,Yogyakarta,DI Yogyakarta,2025-06-18,Marketplace
CUST-2030,Umar Setiawan,Female,34,Yogyakarta,DI Yogyakarta,2024-04-21,Organic Social
CUST-2031,Indra Purnama,Male,22,Bogor,Jawa Barat,2023-08-18,Organic Social
CUST-2032,Sari Cahyani,Female,35,Bekasi,Jawa Barat,2025-04-02,Google Search
CUST-2033,Hana Cahyani,Male,20,Depok,Jawa Barat,2025-06-02,TikTok Ads
CUST-2034,Nadia Lestari,Female,24,Jakarta,DKI Jakarta,2024-12-12,TikTok Ads
CUST-2035,Rizky Darmawan,Female,34,Denpasar,Bali,2022-11-05,Referral
CUST-2036,Oki Lestari,Male,20,Denpasar,Bali,2023-05-28,Organic Social
CUST-2037,Jasmine Nugroho,Female,33,Medan,Sumatera Utara,2025-03-07,Instagram Ads
CUST-2038,Ulfa Maulana,Female,34,Jakarta,DKI Jakarta,2025-07-27,Instagram Ads
CUST-2039,Cindy Hidayat,Male,22,Semarang,Jawa Tengah,2024-06-24,TikTok Ads
CUST-2040,Sinta Gunawan,Female,27,Tangerang,Banten,2022-10-16,TikTok Ads
CUST-2041,Kartika Santoso,Male,23,Semarang,Jawa Tengah,2023-10-12,Google Search
CUST-2042,Rangga Suryadi,Male,36,Denpasar,Bali,2024-11-30,Instagram Ads
CUST-2043,Oki Saputra,Male,22,Depok,Jawa Barat,2023-06-15,Instagram Ads
CUST-2044,Adit Nugroho,Female,20,Jakarta,DKI Jakarta,2024-08-09,TikTok Ads
CUST-2045,Jasmine Utami,Female,44,Bandung,Jawa Barat,2025-05-22,Organic Social
CUST-2046,Gita Kusuma,Male,34,Depok,Jawa Barat,2023-06-22,TikTok Ads
CUST-2047,Indra Handoko,Male,21,Makassar,Sulawesi Selatan,2025-06-13,TikTok Ads
CUST-2048,Putri Firmansyah,Female,21,Malang,Jawa Timur,2022-10-18,Referral
CUST-2049,Dewi Darmawan,Male,45,Unknown,Jawa Barat,2024-06-10,TikTok Ads
CUST-2050,Zaki Wibowo,Female,40,Malang,Jawa Timur,2024-08-17,TikTok Ads
CUST-2051,Beni Rahayu,Male,23,Bogor,Jawa Barat,2023-09-04,Organic Social
CUST-2052,Anwar Santoso,Female,35,Denpasar,Bali,2023-04-19,TikTok Ads
CUST-2053,Joko Darmawan,Female,41,Jakarta,DKI Jakarta,2022-10-14,Google Search
CUST-2054,Jasmine Lestari,Female,39,Surabaya,Jawa Timur,2024-08-14,TikTok Ads
CUST-2055,Rizky Darmawan,Male,34,Semarang,Jawa Tengah,2024-03-31,Organic Social
CUST-2056,Beni Purnama,Male,38,Denpasar,Bali,2025-07-22,Instagram Ads
CUST-2057,Prita Santoso,Male,36,Bandung,Jawa Barat,2025-02-27,Instagram Ads
CUST-2058,Vina Kurniawan,Male,38,Bandung,Jawa Barat,2023-12-08,Marketplace
CUST-2059,Wawan Rahayu,Female,28,Palembang,Sumatera Selatan,2025-08-03,Referral
CUST-2060,Hilda Yulianti,Male,25,Bandung,Jawa Barat,2024-10-16,Instagram Ads
CUST-2061,Jihan Setiawan,Female,40,Bekasi,Jawa Barat,2024-01-26,TikTok Ads
CUST-2062,Hilda Permana,Female,22,Depok,Jawa Barat,2025-09-04,Google Search
CUST-2063,Zaki Utami,Female,39,jakarta,DKI Jakarta,2024-04-21,TikTok Ads
CUST-2064,Nadia Santoso,Female,29,Tangerang,Banten,2025-08-07,Instagram Ads
CUST-2065,Cahya Kurniawan,Male,19,Balikpapan,Kalimantan Timur,2025-07-02,Instagram Ads
CUST-2066,Bayu Saputra,Male,27,Yogyakarta,DI Yogyakarta,2025-07-02,Instagram Ads
CUST-2067,Vina Nugroho,Male,34,Solo,Jawa Tengah,2025-02-27,Instagram Ads
CUST-2068,Krisna Setiawan,Female,21,Jakarta,DKI Jakarta,2022-09-20,Instagram Ads
CUST-2069,Adit Nugroho,Female,40,Bekasi,Jawa Barat,2024-10-14,TikTok Ads
CUST-2070,Omar Hartono,Female,26,Makassar,Sulawesi Selatan,2023-12-20,Google Search
CUST-2071,Krisna Purnama,Female,26,Bandung,Jawa Barat,2025-07-06,TikTok Ads
CUST-2072,Kartika Santoso,Female,38,Jakarta,DKI Jakarta,2024-07-24,Google Search
CUST-2073,Farah Maulana,Male,22,Makassar,Sulawesi Selatan,2023-12-05,Instagram Ads
CUST-2074,Adit Utami,Male,26,Yogyakarta,DI Yogyakarta,2023-05-06,Referral
CUST-2075,Fajar Maulana,Female,26,Surabaya,Jawa Timur,2024-07-31,Referral
CUST-2076,Jihan Darmawan,Male,43,Surabaya,Jawa Timur,2024-07-27,Instagram Ads
CUST-2077,Bagus Suryadi,Female,35,Malang,Jawa Timur,2025-03-03,TikTok Ads
CUST-2078,Eka Hartono,Male,30,Surabaya,Jawa Timur,2024-11-22,Organic Social
CUST-2079,Yuni Wibowo,Male,25,Denpasar,Bali,2023-05-11,Instagram Ads
CUST-2080,Taufik Kurniawan,Female,34,Tangerang,Banten,2023-09-16,Google Search
CUST-2081,Laras Gunawan,Female,44,Denpasar,Bali,2022-10-11,TikTok Ads
CUST-2082,Rangga Gunawan,Male,32,Jakarta,DKI Jakarta,2024-11-10,Instagram Ads
CUST-2083,Mega Firmansyah,Female,24,Surabaya,Jawa Timur,2023-11-15,TikTok Ads
CUST-2084,Zahra Utami,Male,31,Semarang,Jawa Tengah,2023-07-06,Instagram Ads
CUST-2085,Fajar Rahayu,Male,36,Palembang,Sumatera Selatan,2022-12-07,Marketplace
CUST-2086,Jasmine Kusuma,Female,32,Yogyakarta,DI Yogyakarta,2024-01-22,Instagram Ads
CUST-2087,Laras Firmansyah,Female,21,Bandung,Jawa Barat,2025-05-02,Organic Social
CUST-2088,Irfan Kusuma,Female,34,Malang,Jawa Timur,2023-05-27,Instagram Ads
CUST-2089,Gita Hidayat,Male,21,Depok,Jawa Barat,2023-07-06,Organic Social
CUST-2090,Wulan Kusuma,Male,36,Jakarta,DKI Jakarta,2023-02-10,Instagram Ads
CUST-2091,Anwar Hidayat,Male,29,bandar lampung,Lampung,2023-10-17,TikTok Ads
CUST-2092,Dewi Suryadi,Male,31,Jakarta,DKI Jakarta,2025-03-30,Instagram Ads
CUST-2093,Endah Kusuma,Female,27,Jakarta,DKI Jakarta,2024-06-22,Referral
CUST-2094,Rizky Halim,Male,43,Tangerang,Banten,2023-04-28,Instagram Ads
CUST-2095,Wulan Wibowo,Male,31,Yogyakarta,DI Yogyakarta,2025-02-28,Organic Social
CUST-2096,Erik Sukmawati,Female,38,Yogyakarta,DI Yogyakarta,2025-04-30,TikTok Ads
CUST-2097,Cindy Saputra,Female,34,Bandung,Jawa Barat,2024-09-12,Instagram Ads
CUST-2098,Umar Gunawan,Female,32,Solo,Jawa Tengah,2024-02-02,Instagram Ads
CUST-2099,Joko Anggraini,Female,43,Yogyakarta,DI Yogyakarta,2022-07-03,Organic Social
CUST-2100,Joko Pratama,Male,28,Depok,Jawa Barat,2023-03-14,Marketplace
CUST-2101,Zaki Marliana,Female,33,Palembang,Sumatera Selatan,2023-10-31,Instagram Ads
CUST-2102,Kevin Nugroho,Female,23,Jakarta,DKI Jakarta,2022-09-14,Instagram Ads
CUST-2103,Eka Hartono,Male,39,Jakarta,DKI Jakarta,2025-01-08,Instagram Ads
CUST-2104,Wawan Saputra,Female,34,Depok,Jawa Barat,2025-07-04,TikTok Ads
CUST-2105,Krisna Hidayat,Male,23,Semarang,Jawa Tengah,2022-06-23,Instagram Ads
CUST-2106,Cahya Hartono,Female,33,Semarang,Jawa Tengah,2025-05-03,TikTok Ads
CUST-2107,Hana Marliana,Female,44,Makassar,Sulawesi Selatan,2024-01-05,TikTok Ads
CUST-2108,Yoga Purnama,Female,43,Yogyakarta,DI Yogyakarta,2025-04-18,TikTok Ads
CUST-2109,Vero Anggraini,Male,31,Solo,Jawa Tengah,2023-04-11,Referral
CUST-2110,Rizky Hidayat,Female,25,Makassar,Sulawesi Selatan,2023-03-22,TikTok Ads
CUST-2111,Laras Saputra,Female,23,Jakarta,DKI Jakarta,2024-02-11,TikTok Ads
CUST-2112,Jasmine Saputra,Female,37,Bogor,Jawa Barat,2023-04-07,Instagram Ads
CUST-2113,Oki Anggraini,Female,34,Jakarta,DKI Jakarta,2022-08-16,Marketplace
CUST-2114,Irfan Lestari,Female,40,Jakarta,DKI Jakarta,2025-03-07,Google Search
CUST-2115,Krisna Marliana,Male,27,Solo,Jawa Tengah,2025-01-16,Marketplace
CUST-2116,Vero Purnama,Female,40,Bekasi,Jawa Barat,2024-03-30,TikTok Ads
CUST-2117,Sari Lestari,Female,19,Bandung,Jawa Barat,2023-10-16,Marketplace
CUST-2118,Guntur Hidayat,Female,37,Bandung,Jawa Barat,2024-09-06,Instagram Ads
CUST-2119,Putri Anggraini,Male,26,Jakarta,DKI Jakarta,2023-09-01,Marketplace
CUST-2120,Bayu Purnama,Female,32,Bandar Lampung,Lampung,2025-06-15,TikTok Ads
CUST-2121,Vina Kurniawan,Male,40,jakarta,DKI Jakarta,2023-04-29,Organic Social
CUST-2122,Wawan Gunawan,Female,34,Surabaya,Jawa Timur,2024-11-02,Instagram Ads
CUST-2123,Ayu Maulana,Male,31,Jakarta,DKI Jakarta,2025-03-04,Organic Social
CUST-2124,Rizky Handoko,Female,38,Bandung,Jawa Barat,2023-05-04,Instagram Ads
CUST-2125,Fajar Kurniawan,Female,32,Jakarta,DKI Jakarta,2022-06-18,Marketplace
CUST-2126,Cindy Halim,Male,19,Depok,Jawa Barat,2023-04-08,Instagram Ads
CUST-2127,Irfan Permana,Male,21,Bogor,Jawa Barat,2024-06-01,TikTok Ads
CUST-2128,Dinda Kurniawan,Female,20,Jakarta,DKI Jakarta,2025-09-06,Instagram Ads
CUST-2129,Mega Permana,Male,34,Jakarta,DKI Jakarta,2024-08-09,Google Search
CUST-2130,Rangga Kusuma,Female,33,Semarang,Jawa Tengah,2024-01-04,Google Search
CUST-2131,Cindy Wibowo,Female,26,Tangerang,Banten,2022-12-14,Organic Social
CUST-2132,Umar Permana,Male,30,Denpasar,Bali,2025-01-24,Google Search
CUST-2133,Farah Permana,Male,26,Unknown,Jawa Barat,2024-10-04,Google Search
CUST-2134,Dewi Purnama,Female,23,jakarta,DKI Jakarta,2024-12-31,Organic Social
CUST-2135,Anwar Lestari,Female,42,Jakarta,DKI Jakarta,2024-12-06,Referral
CUST-2136,Sinta Ramadhan,Female,22,Medan,Sumatera Utara,2025-02-11,Google Search
CUST-2137,Kartika Wibowo,Male,39,Medan,Sumatera Utara,2023-08-04,Instagram Ads
CUST-2138,Lukman Prakoso,Male,44,Jakarta,DKI Jakarta,2022-08-04,TikTok Ads
CUST-2139,Dinda Lestari,Male,29,Denpasar,Bali,2024-08-23,Referral
CUST-2140,Ulfa Kusuma,Male,43,Tangerang,Banten,2024-03-06,Instagram Ads
CUST-2141,Wawan Halim,Female,34,Bekasi,Jawa Barat,2023-10-27,Instagram Ads
CUST-2142,Wulan Kusuma,Male,27,Jakarta,DKI Jakarta,2025-04-16,TikTok Ads
CUST-2143,Wawan Pratama,Male,44,Bekasi,Jawa Barat,2024-06-08,Instagram Ads
CUST-2144,Sinta Handoko,Female,23,Bekasi,Jawa Barat,2025-03-23,Referral
CUST-2145,Omar Kurniawan,Female,35,Semarang,Jawa Tengah,2025-05-23,Google Search
CUST-2146,Tono Setiawan,Female,42,Surabaya,Jawa Timur,2022-08-20,Marketplace
CUST-2147,Beni Santoso,Female,32,Yogyakarta,DI Yogyakarta,2024-01-04,TikTok Ads
CUST-2148,Kevin Lestari,Male,38,Malang,Jawa Timur,2025-01-05,Organic Social
CUST-2149,Dinda Utami,Female,39,Jakarta,DKI Jakarta,2023-11-25,Google Search
CUST-2150,Oki Prakoso,Female,35,Medan,Sumatera Utara,2024-08-17,TikTok Ads
CUST-2151,Sari Setiawan,Female,21,Surabaya,Jawa Timur,2024-10-28,Organic Social
CUST-2152,Prita Yulianti,Female,42,Semarang,Jawa Tengah,2024-10-01,TikTok Ads
CUST-2153,Sinta Setiawan,Female,37,Medan,Sumatera Utara,2022-09-13,Instagram Ads
CUST-2154,Wawan Kusuma,Male,31,Jakarta,DKI Jakarta,2023-09-24,TikTok Ads
CUST-2155,Faisal Pratama,Female,39,Jakarta,DKI Jakarta,2024-10-27,Instagram Ads
CUST-2156,Bayu Kusuma,Female,28,Bandar Lampung,Lampung,2023-11-11,Marketplace
CUST-2157,Umar Setiawan,Female,43,Jakarta,DKI Jakarta,2023-05-02,Referral
CUST-2158,Adit Utami,Male,22,Makassar,Sulawesi Selatan,2022-11-04,Instagram Ads
CUST-2159,Wawan Nugroho,Male,22,Bekasi,Jawa Barat,2023-12-06,TikTok Ads
CUST-2160,Omar Hidayat,Female,22,bogor,Jawa Barat,2025-05-30,Organic Social
CUST-2161,Jihan Hidayat,Female,31,Surabaya,Jawa Timur,2022-12-06,Referral
CUST-2162,Kartika Rahayu,Male,24,Unknown,Sumatera Selatan,2022-11-24,Organic Social
CUST-2163,Bagus Lestari,Male,43,Semarang,Jawa Tengah,2025-02-05,Organic Social
CUST-2164,Ayu Saputra,Female,35,Depok,Jawa Barat,2024-11-02,Instagram Ads
CUST-2165,Yoga Utami,Male,42,Makassar,Sulawesi Selatan,2025-02-15,Organic Social
CUST-2166,Reza Gunawan,Female,33,Bandar Lampung,Lampung,2025-03-09,Instagram Ads
CUST-2167,Sinta Kurniawan,Female,37,Jakarta,DKI Jakarta,2024-12-14,TikTok Ads
CUST-2168,Erik Nugroho,Male,33,Bandung,Jawa Barat,2022-06-16,Google Search
CUST-2169,Krisna Sukmawati,Male,34,Medan,Sumatera Utara,2023-01-25,Referral
CUST-2170,Umar Setiawan,Male,39,Jakarta,DKI Jakarta,2022-08-06,Organic Social
CUST-2171,Indra Cahyani,Female,28,Bandung,Jawa Barat,2023-01-05,Instagram Ads
CUST-2172,Ivan Gunawan,Female,32,surabaya,Jawa Timur,2023-04-10,Instagram Ads
CUST-2173,Vina Kusuma,Female,19,Bandung,Jawa Barat,2024-02-05,Referral
CUST-2174,Gita Hidayat,Male,22,Malang,Jawa Timur,2025-05-11,Referral
CUST-2175,Fajar Utami,Female,25,Bandung,Jawa Barat,2023-02-09,Instagram Ads
CUST-2176,Krisna Kurniawan,Male,21,Bandung,Jawa Barat,2025-07-01,Google Search
CUST-2177,Irfan Wibowo,Male,40,Denpasar,Bali,2024-01-30,Referral
CUST-2178,Dewi Halim,Female,29,Jakarta,DKI Jakarta,2024-10-08,Instagram Ads
CUST-2179,Cahya Gunawan,Female,34,Pekanbaru,Riau,2022-06-09,TikTok Ads
CUST-2180,Putri Santoso,Male,36,Jakarta,DKI Jakarta,2023-04-22,TikTok Ads
CUST-2181,Bagus Suryadi,Male,22,Jakarta,DKI Jakarta,2025-08-09,Instagram Ads
CUST-2182,Hesti Utami,Male,45,Tangerang,Banten,2023-05-13,Marketplace
CUST-2183,Anwar Prakoso,Male,37,Jakarta,DKI Jakarta,2025-05-07,Instagram Ads
CUST-2184,Maya Prakoso,Female,38,Semarang,Jawa Tengah,2022-09-30,TikTok Ads
CUST-2185,Tono Hidayat,Male,32,Bandung,Jawa Barat,2024-09-06,Instagram Ads
CUST-2186,Galih Pratama,Male,27,Bogor,Jawa Barat,2023-02-11,Marketplace
CUST-2187,Lukman Prakoso,Male,41,Surabaya,Jawa Timur,2023-06-27,Google Search
CUST-2188,Putri Sukmawati,Female,20,Jakarta,DKI Jakarta,2023-10-23,Instagram Ads
CUST-2189,Hana Purnama,Female,25,Jakarta,DKI Jakarta,2024-08-17,Instagram Ads
CUST-2190,Wawan Saputra,Male,19,Jakarta,DKI Jakarta,2023-01-13,TikTok Ads
CUST-2191,Rizky Ramadhan,Male,29,Jakarta,DKI Jakarta,2023-02-08,TikTok Ads
CUST-2192,Yuni Saputra,Male,23,Bandung,Jawa Barat,2023-07-18,Organic Social
CUST-2193,Rangga Pratama,Female,27,Bogor,Jawa Barat,2023-10-11,TikTok Ads
CUST-2194,Bayu Nugroho,Male,35,Jakarta,DKI Jakarta,2022-10-01,Organic Social
CUST-2195,Beni Darmawan,Female,43,Jakarta,DKI Jakarta,2023-12-25,TikTok Ads
CUST-2196,Ulfa Handoko,Female,26,Medan,Sumatera Utara,2024-05-13,Instagram Ads
CUST-2197,Irfan Halim,Female,34,Yogyakarta,DI Yogyakarta,2024-08-08,Instagram Ads
CUST-2198,Kevin Halim,Female,36,Jakarta,DKI Jakarta,2025-02-20,Instagram Ads
CUST-2199,Sinta Rahayu,Female,22,Tangerang,Banten,2025-05-05,Organic Social
CUST-2200,Tono Hidayat,Female,22,Bekasi,Jawa Barat,2022-07-12,Organic Social
CUST-2201,Ivan Kurniawan,Male,37,Bekasi,Jawa Barat,2025-07-13,Instagram Ads
CUST-2202,Ulfa Darmawan,Female,19,Yogyakarta,DI Yogyakarta,2025-05-18,Google Search
CUST-2203,Umar Sukmawati,Female,24,Medan,Sumatera Utara,2022-06-03,Referral
CUST-2204,Erik Hartono,Male,39,Bandung,Jawa Barat,2023-12-09,Google Search
CUST-2205,Vina Wijaya,Female,25,Surabaya,Jawa Timur,2024-07-18,Organic Social
CUST-2206,Krisna Pratama,Female,34,Surabaya,Jawa Timur,2023-10-07,Referral
CUST-2207,Bayu Setiawan,Female,20,Jakarta,DKI Jakarta,2023-03-08,Marketplace
CUST-2208,Nanda Saputra,Female,23,Jakarta,DKI Jakarta,2025-06-28,TikTok Ads
CUST-2209,Sari Firmansyah,Male,32,Jakarta,DKI Jakarta,2022-06-24,Google Search
CUST-2210,Fajar Yulianti,Female,26,Yogyakarta,DI Yogyakarta,2023-08-03,Instagram Ads
CUST-2211,Kartika Ramadhan,Female,41,Medan,Sumatera Utara,2023-10-07,Referral
CUST-2212,Hilda Lestari,Male,25,Tangerang,Banten,2025-02-27,Instagram Ads
CUST-2213,Ulfa Gunawan,Male,27,Unknown,DI Yogyakarta,2023-09-13,Marketplace
CUST-2214,Prita Purnama,Male,19,Bekasi,Jawa Barat,2025-07-14,Instagram Ads
CUST-2215,Wulan Kusuma,Male,26,Bandung,Jawa Barat,2023-05-19,Instagram Ads
CUST-2216,Oki Hartono,Female,20,Jakarta,DKI Jakarta,2023-02-27,Instagram Ads
CUST-2217,Umar Prakoso,Female,43,Jakarta,DKI Jakarta,2023-07-24,Referral
CUST-2218,Adit Kusuma,Male,24,Jakarta,DKI Jakarta,2022-10-08,TikTok Ads
CUST-2219,Eka Halim,Female,43,Semarang,Jawa Tengah,2024-10-08,TikTok Ads
CUST-2220,Hilda Ramadhan,Female,35,Surabaya,Jawa Timur,2023-05-07,TikTok Ads
CUST-2221,Nadia Setiawan,Male,33,Palembang,Sumatera Selatan,2025-09-12,Google Search
CUST-2222,Doni Hidayat,Female,38,Jakarta,DKI Jakarta,2024-12-06,TikTok Ads
CUST-2223,Jihan Anggraini,Female,28,Medan,Sumatera Utara,2022-07-12,Marketplace
CUST-2224,Oki Sukmawati,Male,23,Malang,Jawa Timur,2023-01-23,Referral
CUST-2225,Mega Cahyani,Female,31,Pekanbaru,Riau,2023-01-18,Referral
CUST-2226,Putri Kurniawan,Female,26,Jakarta,DKI Jakarta,2025-04-26,Instagram Ads
CUST-2227,Fajar Lestari,Male,26,Bogor,Jawa Barat,2025-06-18,TikTok Ads
CUST-2228,Cindy Maulana,Female,23,Jakarta,DKI Jakarta,2023-11-17,TikTok Ads
CUST-2229,Fajar Rahayu,Male,26,Bogor,Jawa Barat,2023-03-14,Instagram Ads
CUST-2230,Zahra Lestari,Male,36,surabaya,Jawa Timur,2024-10-12,TikTok Ads
CUST-2231,Bagus Darmawan,Female,43,Denpasar,Bali,2024-04-22,Google Search
CUST-2232,Cahya Firmansyah,Female,24,Jakarta,DKI Jakarta,2022-08-02,Google Search
CUST-2233,Beni Marliana,Female,44,Jakarta,DKI Jakarta,2023-06-25,TikTok Ads
CUST-2234,Taufik Nugroho,Male,30,Surabaya,Jawa Timur,2022-07-23,Organic Social
CUST-2235,Jihan Prakoso,Male,27,Yogyakarta,DI Yogyakarta,2024-01-15,Instagram Ads
CUST-2236,Anwar Santoso,Female,34,denpasar,Bali,2025-06-10,Instagram Ads
CUST-2237,Rizky Suryadi,Female,44,Bogor,Jawa Barat,2024-01-13,Instagram Ads
CUST-2238,Rangga Marliana,Female,20,Surabaya,Jawa Timur,2022-07-24,Instagram Ads
CUST-2239,Ivan Halim,Female,42,Bandung,Jawa Barat,2024-04-30,TikTok Ads
CUST-2240,Oki Lestari,Female,44,Medan,Sumatera Utara,2023-09-26,TikTok Ads
CUST-2241,Wulan Wijaya,Male,44,Jakarta,DKI Jakarta,2024-02-26,Google Search
CUST-2242,Nadia Handoko,Female,25,Jakarta,DKI Jakarta,2025-01-18,Google Search
CUST-2243,Anwar Firmansyah,Male,19,yogyakarta,DI Yogyakarta,2024-05-28,Marketplace
CUST-2244,Cahya Wijaya,Female,21,Bogor,Jawa Barat,2025-05-12,Marketplace
CUST-2245,Jasmine Rahayu,Male,22,Malang,Jawa Timur,2023-10-31,Referral
CUST-2246,Faisal Suryadi,Male,39,Bandung,Jawa Barat,2023-11-12,Organic Social
CUST-2247,Reza Santoso,Female,43,Bandung,Jawa Barat,2023-07-03,TikTok Ads
CUST-2248,Tono Sukmawati,Female,31,jakarta,DKI Jakarta,2022-10-13,Instagram Ads
CUST-2249,Hilda Maulana,Female,24,Medan,Sumatera Utara,2024-02-20,Referral
CUST-2250,Anwar Hidayat,Female,22,Jakarta,DKI Jakarta,2025-05-18,Instagram Ads
CUST-2251,Yuni Darmawan,Female,39,Malang,Jawa Timur,2024-08-08,TikTok Ads
CUST-2252,Taufik Gunawan,Female,44,Bandung,Jawa Barat,2022-08-26,TikTok Ads
CUST-2253,Fajar Suryadi,Female,42,Denpasar,Bali,2024-01-23,TikTok Ads
CUST-2254,Dinda Rahayu,Male,35,Surabaya,Jawa Timur,2023-12-26,TikTok Ads
CUST-2255,Ulfa Rahayu,Male,30,Bandar Lampung,Lampung,2023-09-06,TikTok Ads
CUST-2256,Erik Cahyani,Female,23,Bogor,Jawa Barat,2023-12-17,Instagram Ads
CUST-2257,Farah Permana,Female,39,Denpasar,Bali,2022-08-16,Instagram Ads
CUST-2258,Erik Rahayu,Male,45,Bandar Lampung,Lampung,2023-08-02,Instagram Ads
CUST-2259,Cahya Nugroho,Female,26,Bandung,Jawa Barat,2023-02-06,Instagram Ads
CUST-2260,Hana Setiawan,Female,42,Tangerang,Banten,2024-12-18,Instagram Ads
CUST-2261,Galih Saputra,Male,39,Solo,Jawa Tengah,2023-10-07,Instagram Ads
CUST-2262,Wulan Santoso,Female,32,Makassar,Sulawesi Selatan,2023-09-06,Marketplace
CUST-2263,Gita Anggraini,Female,29,Bandar Lampung,Lampung,2025-03-31,Marketplace
CUST-2264,Adit Kurniawan,Male,35,Bogor,Jawa Barat,2025-07-06,Instagram Ads
CUST-2265,Hana Setiawan,Male,29,Depok,Jawa Barat,2022-07-31,Instagram Ads
CUST-2266,Prita Cahyani,Female,31,Medan,Sumatera Utara,2022-06-27,TikTok Ads
CUST-2267,Hilda Hartono,Male,32,Tangerang,Banten,2023-02-01,Referral
CUST-2268,Nadia Santoso,Female,20,Surabaya,Jawa Timur,2024-05-09,Organic Social
CUST-2269,Oki Wibowo,Female,36,Malang,Jawa Timur,2025-08-21,TikTok Ads
CUST-2270,Maya Kusuma,Male,43,Bandung,Jawa Barat,2022-07-25,Organic Social
CUST-2271,Putri Anggraini,Male,35,Jakarta,DKI Jakarta,2023-08-16,Instagram Ads
CUST-2272,Farah Sukmawati,Female,20,Bandung,Jawa Barat,2022-11-05,Instagram Ads
CUST-2273,Prita Pratama,Male,20,Semarang,Jawa Tengah,2024-09-12,Organic Social
CUST-2274,Beni Sukmawati,Male,32,Bandung,Jawa Barat,2025-03-05,Instagram Ads
CUST-2275,Bagus Wijaya,Male,32,Tangerang,Banten,2023-01-25,Marketplace
CUST-2276,Ayu Marliana,Female,25,Unknown,Jawa Timur,2022-09-22,Google Search
CUST-2277,Vina Sukmawati,Female,40,Depok,Jawa Barat,2022-07-26,Instagram Ads
CUST-2278,Dinda Maulana,Female,29,Pekanbaru,Riau,2023-08-22,TikTok Ads
CUST-2279,Citra Darmawan,Female,39,Jakarta,DKI Jakarta,2025-08-15,Google Search
CUST-2280,Yoga Wijaya,Male,45,Palembang,Sumatera Selatan,2023-08-06,Instagram Ads
CUST-2281,Anwar Saputra,Female,35,Bandung,Jawa Barat,2025-07-10,TikTok Ads
CUST-2282,Cindy Saputra,Male,35,Jakarta,DKI Jakarta,2025-07-01,Instagram Ads
CUST-2283,Ulfa Cahyani,Female,40,Unknown,Jawa Timur,2023-02-10,Instagram Ads
CUST-2284,Eka Yulianti,Female,37,Depok,Jawa Barat,2025-04-05,Instagram Ads
CUST-2285,Mega Yulianti,Male,33,Medan,Sumatera Utara,2022-07-03,Instagram Ads
CUST-2286,Omar Purnama,Male,39,Bekasi,Jawa Barat,2025-08-17,Organic Social
CUST-2287,Nadia Sukmawati,Male,39,Unknown,Jawa Timur,2024-01-29,Referral
CUST-2288,Jihan Yulianti,Female,35,Denpasar,Bali,2024-12-21,TikTok Ads
CUST-2289,Tono Pratama,Female,29,Surabaya,Jawa Timur,2025-08-08,Organic Social
CUST-2290,Hilda Saputra,Male,25,Malang,Jawa Timur,2025-08-10,Instagram Ads
CUST-2291,Citra Wibowo,Female,23,Unknown,Jawa Barat,2023-08-31,Google Search
CUST-2292,Krisna Suryadi,Female,41,Balikpapan,Kalimantan Timur,2022-09-21,Instagram Ads
CUST-2293,Lukman Sukmawati,Male,19,Makassar,Sulawesi Selatan,2024-12-23,Instagram Ads
CUST-2294,Sinta Hartono,Female,26,medan,Sumatera Utara,2023-09-11,Marketplace
CUST-2295,Erik Prakoso,Female,36,Denpasar,Bali,2025-05-01,Marketplace
CUST-2296,Joko Marliana,Male,40,Bogor,Jawa Barat,2024-05-06,Referral
CUST-2297,Joko Wibowo,Female,44,Makassar,Sulawesi Selatan,2024-04-30,Google Search
CUST-2298,Krisna Wibowo,Female,27,Surabaya,Jawa Timur,2023-03-28,Google Search
CUST-2299,Faisal Yulianti,Male,25,Bandung,Jawa Barat,2022-10-28,TikTok Ads
CUST-2300,Laras Lestari,Male,44,Denpasar,Bali,2023-03-26,Marketplace
CUST-2301,Jihan Halim,Male,43,Bekasi,Jawa Barat,2023-10-29,Instagram Ads
CUST-2302,Cindy Handoko,Male,27,Depok,Jawa Barat,2024-02-27,Instagram Ads
CUST-2303,Farah Rahayu,Male,19,Balikpapan,Kalimantan Timur,2025-02-04,TikTok Ads
CUST-2304,Zahra Wibowo,Female,20,surabaya,Jawa Timur,2024-08-06,TikTok Ads
CUST-2305,Dinda Handoko,Male,29,Jakarta,DKI Jakarta,2023-07-01,Instagram Ads
CUST-2306,Fajar Permana,Female,38,Pekanbaru,Riau,2024-07-08,Google Search
CUST-2307,Guntur Firmansyah,Female,32,Jakarta,DKI Jakarta,2024-03-20,TikTok Ads
CUST-2308,Wulan Gunawan,Male,39,Malang,Jawa Timur,2024-11-24,Instagram Ads
CUST-2309,Tono Wibowo,Male,33,Bandung,Jawa Barat,2022-07-05,Instagram Ads
CUST-2310,Guntur Maulana,Male,42,Tangerang,Banten,2024-12-06,Referral
CUST-2311,Guntur Suryadi,Female,44,Medan,Sumatera Utara,2024-05-06,Referral
CUST-2312,Kevin Hartono,Male,24,Bogor,Jawa Barat,2024-07-27,Instagram Ads
CUST-2313,Rangga Santoso,Female,35,Bekasi,Jawa Barat,2022-07-17,Marketplace
CUST-2314,Vina Gunawan,Female,23,Jakarta,DKI Jakarta,2024-12-16,Referral
CUST-2315,Jihan Kurniawan,Male,31,Jakarta,DKI Jakarta,2024-05-07,Instagram Ads
CUST-2316,Adit Wibowo,Male,21,Jakarta,DKI Jakarta,2023-05-03,Instagram Ads
CUST-2317,Endah Suryadi,Male,40,Bekasi,Jawa Barat,2023-10-01,TikTok Ads
CUST-2318,Irfan Ramadhan,Female,25,Solo,Jawa Tengah,2024-07-10,TikTok Ads
CUST-2319,Vina Wijaya,Male,24,Bandung,Jawa Barat,2022-09-09,Instagram Ads
CUST-2320,Sari Permana,Female,45,Surabaya,Jawa Timur,2025-04-11,Marketplace
CUST-2321,Faisal Setiawan,Male,45,Jakarta,DKI Jakarta,2023-07-25,Instagram Ads
CUST-2322,Kartika Kurniawan,Male,34,Jakarta,DKI Jakarta,2025-01-04,Instagram Ads
CUST-2323,Mega Setiawan,Male,34,Jakarta,DKI Jakarta,2023-04-27,Organic Social
CUST-2324,Jihan Lestari,Female,32,Jakarta,DKI Jakarta,2023-07-02,Referral
CUST-2325,Oki Handoko,Female,32,Yogyakarta,DI Yogyakarta,2024-11-13,Organic Social
CUST-2326,Vina Maulana,Male,24,Bandung,Jawa Barat,2023-01-22,Instagram Ads
CUST-2327,Ulfa Purnama,Male,19,Jakarta,DKI Jakarta,2024-12-07,TikTok Ads
CUST-2328,Ulfa Wijaya,Male,22,Makassar,Sulawesi Selatan,2024-09-02,TikTok Ads
CUST-2329,Joko Handoko,Male,35,Pekanbaru,Riau,2023-09-27,Organic Social
CUST-2330,Erik Kusuma,Female,23,Surabaya,Jawa Timur,2022-06-05,Instagram Ads
CUST-2331,Taufik Handoko,Male,21,Makassar,Sulawesi Selatan,2024-04-02,Google Search
CUST-2332,Taufik Hidayat,Female,33,Jakarta,DKI Jakarta,2024-04-17,TikTok Ads
CUST-2333,Eka Purnama,Female,43,Jakarta,DKI Jakarta,2022-10-28,Instagram Ads
CUST-2334,Jihan Darmawan,Male,20,Medan,Sumatera Utara,2024-12-22,Referral
CUST-2335,Kartika Halim,Female,36,Jakarta,DKI Jakarta,2025-06-14,Organic Social
CUST-2336,Oki Ramadhan,Male,38,Jakarta,DKI Jakarta,2024-04-08,Organic Social
CUST-2337,Umar Marliana,Female,28,Surabaya,Jawa Timur,2023-10-27,Google Search
CUST-2338,Tono Gunawan,Female,21,Bogor,Jawa Barat,2025-04-14,TikTok Ads
CUST-2339,Ulfa Firmansyah,Male,43,Semarang,Jawa Tengah,2024-12-24,TikTok Ads
CUST-2340,Rizky Suryadi,Female,36,Surabaya,Jawa Timur,2023-06-02,Instagram Ads
CUST-2341,Rizky Darmawan,Female,38,Bekasi,Jawa Barat,2023-06-18,Instagram Ads
CUST-2342,Jihan Halim,Female,36,Makassar,Sulawesi Selatan,2024-12-31,Organic Social
CUST-2343,Erik Prakoso,Female,41,Medan,Sumatera Utara,2024-11-10,Instagram Ads
CUST-2344,Reza Setiawan,Female,42,Semarang,Jawa Tengah,2023-07-07,TikTok Ads
CUST-2345,Putri Gunawan,Male,40,Semarang,Jawa Tengah,2024-08-25,Instagram Ads
CUST-2346,Rizky Wibowo,Male,30,Bandung,Jawa Barat,2022-08-01,Referral
CUST-2347,Kartika Hidayat,Female,19,Bandung,Jawa Barat,2024-12-22,Organic Social
CUST-2348,Kevin Rahayu,Male,27,Jakarta,DKI Jakarta,2024-05-02,TikTok Ads
CUST-2349,Tono Kusuma,Female,45,Medan,Sumatera Utara,2023-07-07,Google Search
CUST-2350,Sari Yulianti,Male,42,Makassar,Sulawesi Selatan,2023-02-28,TikTok Ads
CUST-2351,Wawan Wibowo,Female,37,malang,Jawa Timur,2023-07-04,Instagram Ads
CUST-2352,Kevin Suryadi,Female,43,Jakarta,DKI Jakarta,2024-04-02,Instagram Ads
CUST-2353,Mega Utami,Female,37,Pekanbaru,Riau,2024-08-05,Organic Social
CUST-2354,Oki Handoko,Male,40,Jakarta,DKI Jakarta,2025-05-20,Marketplace
CUST-2355,Reza Suryadi,Male,30,Yogyakarta,DI Yogyakarta,2025-07-21,TikTok Ads
CUST-2356,Galih Darmawan,Female,38,Unknown,Kalimantan Timur,2025-07-19,Referral
CUST-2357,Hana Marliana,Female,28,Bogor,Jawa Barat,2023-09-03,Referral
CUST-2358,Faisal Hartono,Female,45,semarang,Jawa Tengah,2025-08-25,TikTok Ads
CUST-2359,Sari Yulianti,Male,29,Jakarta,DKI Jakarta,2025-05-04,Instagram Ads
CUST-2360,Endah Nugroho,Female,21,Bogor,Jawa Barat,2023-08-05,TikTok Ads
CUST-2361,Hilda Saputra,Female,24,Bandung,Jawa Barat,2023-01-06,Organic Social
CUST-2362,Farah Lestari,Female,44,Yogyakarta,DI Yogyakarta,2025-05-10,Instagram Ads
CUST-2363,Reza Yulianti,Male,23,Balikpapan,Kalimantan Timur,2023-11-27,Instagram Ads
CUST-2364,Rizky Hartono,Female,30,Pekanbaru,Riau,2022-11-26,TikTok Ads
CUST-2365,Erik Halim,Female,20,Solo,Jawa Tengah,2025-05-08,Referral
CUST-2366,Farah Darmawan,Female,35,Jakarta,DKI Jakarta,2024-06-09,TikTok Ads
CUST-2367,Cahya Darmawan,Male,36,Jakarta,DKI Jakarta,2023-03-08,TikTok Ads
CUST-2368,Beni Darmawan,Male,37,Jakarta,DKI Jakarta,2024-03-26,TikTok Ads
CUST-2369,Wawan Rahayu,Male,23,Surabaya,Jawa Timur,2024-02-02,TikTok Ads
CUST-2370,Citra Gunawan,Female,29,Bekasi,Jawa Barat,2023-12-25,Organic Social
CUST-2371,Omar Kurniawan,Female,23,Bandung,Jawa Barat,2024-01-11,Instagram Ads
CUST-2372,Farah Pratama,Male,19,Jakarta,DKI Jakarta,2024-10-24,Organic Social
CUST-2373,Hilda Utami,Female,26,Jakarta,DKI Jakarta,2024-02-19,Instagram Ads
CUST-2374,Adit Lestari,Male,29,Jakarta,DKI Jakarta,2023-01-24,TikTok Ads
CUST-2375,Lukman Ramadhan,Male,32,Jakarta,DKI Jakarta,2023-07-23,Instagram Ads
CUST-2376,Omar Cahyani,Female,31,Bandung,Jawa Barat,2025-04-30,TikTok Ads
CUST-2377,Wulan Permana,Female,39,Yogyakarta,DI Yogyakarta,2023-08-29,Google Search
CUST-2378,Vero Kusuma,Female,35,Jakarta,DKI Jakarta,2022-06-14,Marketplace
CUST-2379,Vero Setiawan,Female,44,Bandung,Jawa Barat,2022-10-21,Organic Social
CUST-2380,Nadia Halim,Female,21,jakarta,DKI Jakarta,2023-03-01,Organic Social
CUST-2381,Adit Marliana,Male,20,Denpasar,Bali,2024-02-15,Instagram Ads
CUST-2382,Endah Gunawan,Female,25,bandung,Jawa Barat,2023-11-20,Instagram Ads
CUST-2383,Endah Kusuma,Female,41,Jakarta,DKI Jakarta,2025-01-21,Organic Social
CUST-2384,Zaki Setiawan,Female,27,Palembang,Sumatera Selatan,2025-02-08,Google Search
CUST-2385,Vina Halim,Female,37,Yogyakarta,DI Yogyakarta,2024-07-16,Google Search
CUST-2386,Wulan Nugroho,Female,40,Semarang,Jawa Tengah,2024-12-15,TikTok Ads
CUST-2387,Lukman Santoso,Male,22,Semarang,Jawa Tengah,2023-06-08,TikTok Ads
CUST-2388,Laras Firmansyah,Male,42,Jakarta,DKI Jakarta,2024-11-24,Google Search
CUST-2389,Laras Kurniawan,Female,24,Jakarta,DKI Jakarta,2022-07-30,Google Search
CUST-2390,Vina Ramadhan,Male,42,Bekasi,Jawa Barat,2023-05-17,Organic Social
CUST-2391,Irfan Kusuma,Female,36,Jakarta,DKI Jakarta,2024-02-11,TikTok Ads
CUST-2392,Krisna Permana,Male,36,Surabaya,Jawa Timur,2023-10-14,Instagram Ads
CUST-2393,Cahya Wibowo,Male,34,Jakarta,DKI Jakarta,2025-01-04,Instagram Ads
CUST-2394,Anwar Suryadi,Female,27,Pekanbaru,Riau,2025-08-13,Google Search
CUST-2395,Guntur Purnama,Male,38,Tangerang,Banten,2023-06-05,TikTok Ads
CUST-2396,Putri Ramadhan,Female,24,Jakarta,DKI Jakarta,2023-05-24,Marketplace
CUST-2397,Galih Cahyani,Male,42,Yogyakarta,DI Yogyakarta,2025-05-15,Organic Social
CUST-2398,Joko Pratama,Male,35,Bandung,Jawa Barat,2025-08-30,Organic Social
CUST-2399,Beni Sukmawati,Female,30,Bekasi,Jawa Barat,2022-12-19,Organic Social
CUST-2400,Krisna Suryadi,Female,20,Semarang,Jawa Tengah,2023-05-21,Google Search
CUST-2401,Doni Gunawan,Female,35,Pekanbaru,Riau,2025-01-09,Referral
CUST-2402,Prita Setiawan,Male,30,Tangerang,Banten,2024-07-02,TikTok Ads
CUST-2403,Putri Kurniawan,Female,27,Jakarta,DKI Jakarta,2022-08-22,TikTok Ads
CUST-2404,Endah Santoso,Male,37,Jakarta,DKI Jakarta,2025-08-16,TikTok Ads
CUST-2405,Guntur Santoso,Male,37,Malang,Jawa Timur,2023-08-05,Instagram Ads
CUST-2406,Yoga Gunawan,Female,42,Jakarta,DKI Jakarta,2025-08-26,Google Search
CUST-2407,Hesti Saputra,Female,39,Jakarta,DKI Jakarta,2023-07-13,Instagram Ads
CUST-2408,Taufik Purnama,Female,34,Unknown,Jawa Barat,2022-06-11,TikTok Ads
CUST-2409,Wulan Halim,Female,20,makassar,Sulawesi Selatan,2023-01-22,Instagram Ads
CUST-2410,Dewi Nugroho,Female,43,Jakarta,DKI Jakarta,2024-12-29,Google Search
CUST-2411,Indra Kurniawan,Female,31,Bekasi,Jawa Barat,2022-11-30,Instagram Ads
CUST-2412,Yoga Kurniawan,Female,42,Jakarta,DKI Jakarta,2022-08-05,TikTok Ads
CUST-2413,Nanda Wijaya,Female,38,Surabaya,Jawa Timur,2023-10-23,Instagram Ads
CUST-2414,Lukman Anggraini,Female,36,Jakarta,DKI Jakarta,2024-07-18,Google Search
CUST-2415,Beni Permana,Male,22,Unknown,Bali,2024-02-08,Instagram Ads
CUST-2416,Ivan Halim,Male,40,Jakarta,DKI Jakarta,2022-07-17,Marketplace
CUST-2417,Tono Wibowo,Male,23,Malang,Jawa Timur,2025-08-24,Instagram Ads
CUST-2418,Yuni Sukmawati,Male,30,Bogor,Jawa Barat,2023-07-02,TikTok Ads
CUST-2419,Laras Hartono,Male,25,Depok,Jawa Barat,2022-06-03,TikTok Ads
CUST-2420,Oki Anggraini,Female,19,Bekasi,Jawa Barat,2025-09-07,Instagram Ads
CUST-2421,Zaki Wibowo,Male,36,Bandung,Jawa Barat,2024-10-16,TikTok Ads
CUST-2422,Hilda Sukmawati,Male,27,Bandar Lampung,Lampung,2023-08-09,Organic Social
CUST-2423,Omar Kusuma,Male,32,Jakarta,DKI Jakarta,2025-02-11,TikTok Ads
CUST-2424,Doni Sukmawati,Female,38,Semarang,Jawa Tengah,2023-12-22,Referral
CUST-2425,Indra Halim,Male,19,Jakarta,DKI Jakarta,2024-10-20,Organic Social
CUST-2426,Kartika Prakoso,Female,27,Semarang,Jawa Tengah,2023-01-06,Organic Social
CUST-2427,Cindy Utami,Female,41,Makassar,Sulawesi Selatan,2022-06-16,Instagram Ads
CUST-2428,Laras Kurniawan,Male,31,Jakarta,DKI Jakarta,2024-06-13,Referral
CUST-2429,Zaki Anggraini,Male,28,Yogyakarta,DI Yogyakarta,2024-10-14,Google Search
CUST-2430,Putri Hidayat,Female,32,Bekasi,Jawa Barat,2024-05-13,TikTok Ads
CUST-2431,Krisna Wijaya,Female,19,Jakarta,DKI Jakarta,2023-10-28,Referral
CUST-2432,Jasmine Sukmawati,Female,25,Depok,Jawa Barat,2025-04-19,Organic Social
CUST-2433,Fajar Suryadi,Female,27,Semarang,Jawa Tengah,2022-12-23,Instagram Ads
CUST-2434,Sinta Gunawan,Female,22,Semarang,Jawa Tengah,2025-06-19,TikTok Ads
CUST-2435,Vero Wijaya,Male,22,Jakarta,DKI Jakarta,2022-08-02,TikTok Ads
CUST-2436,Endah Cahyani,Female,22,Jakarta,DKI Jakarta,2022-08-26,Instagram Ads
CUST-2437,Ivan Hidayat,Male,28,Jakarta,DKI Jakarta,2022-09-06,TikTok Ads
CUST-2438,Bagus Purnama,Female,41,Jakarta,DKI Jakarta,2024-08-29,TikTok Ads
CUST-2439,Citra Hartono,Male,33,Bandung,Jawa Barat,2025-05-17,Instagram Ads
CUST-2440,Sinta Yulianti,Female,29,Jakarta,DKI Jakarta,2023-02-02,Organic Social
CUST-2441,Doni Kurniawan,Female,44,Jakarta,DKI Jakarta,2024-09-02,Instagram Ads
CUST-2442,Mega Santoso,Female,23,Surabaya,Jawa Timur,2024-08-15,TikTok Ads
CUST-2443,Ayu Maulana,Female,20,Bogor,Jawa Barat,2025-01-28,TikTok Ads
CUST-2444,Beni Nugroho,Male,19,bandung,Jawa Barat,2024-04-07,Instagram Ads
CUST-2445,Yoga Firmansyah,Female,27,Medan,Sumatera Utara,2025-01-13,Instagram Ads
CUST-2446,Ulfa Handoko,Female,41,Jakarta,DKI Jakarta,2025-07-05,Referral
CUST-2447,Vero Santoso,Female,26,Tangerang,Banten,2025-08-19,TikTok Ads
CUST-2448,Mega Permana,Male,35,jakarta,DKI Jakarta,2023-11-06,Google Search
CUST-2449,Ivan Suryadi,Male,31,Medan,Sumatera Utara,2025-03-14,Google Search
CUST-2450,Dinda Maulana,Female,33,Denpasar,Bali,2023-07-12,TikTok Ads
CUST-2451,Joko Saputra,Female,31,semarang,Jawa Tengah,2024-01-21,TikTok Ads
CUST-2452,Erik Kusuma,Female,27,Pekanbaru,Riau,2025-02-18,Referral
CUST-2453,Nadia Permana,Male,35,Unknown,Jawa Timur,2023-08-06,Google Search
CUST-2454,Jasmine Hidayat,Male,21,Palembang,Sumatera Selatan,2024-11-30,Instagram Ads
CUST-2455,Endah Prakoso,Female,33,Surabaya,Jawa Timur,2023-03-13,Marketplace
CUST-2456,Sinta Ramadhan,Female,20,Bogor,Jawa Barat,2023-01-03,Google Search
CUST-2457,Cahya Santoso,Female,36,Makassar,Sulawesi Selatan,2023-11-14,Instagram Ads
CUST-2458,Anwar Purnama,Female,35,Denpasar,Bali,2025-08-14,TikTok Ads
CUST-2459,Wulan Prakoso,Female,33,Jakarta,DKI Jakarta,2023-01-16,TikTok Ads
CUST-2460,Dinda Handoko,Male,35,Makassar,Sulawesi Selatan,2024-01-15,Instagram Ads
CUST-2461,Kartika Darmawan,Male,28,Semarang,Jawa Tengah,2024-08-26,Instagram Ads
CUST-2462,Laras Anggraini,Female,42,Pekanbaru,Riau,2024-05-30,Marketplace
CUST-2463,Rangga Setiawan,Female,20,Surabaya,Jawa Timur,2022-06-24,Instagram Ads
CUST-2464,Erik Saputra,Male,45,Yogyakarta,DI Yogyakarta,2025-01-25,TikTok Ads
CUST-2465,Kevin Kusuma,Female,39,Jakarta,DKI Jakarta,2024-09-03,TikTok Ads
CUST-2466,Krisna Marliana,Male,38,Yogyakarta,DI Yogyakarta,2023-12-06,TikTok Ads
CUST-2467,Faisal Ramadhan,Female,40,Yogyakarta,DI Yogyakarta,2024-08-12,Google Search
CUST-2468,Beni Santoso,Female,22,Bandung,Jawa Barat,2024-05-27,Organic Social
CUST-2469,Reza Utami,Female,34,Surabaya,Jawa Timur,2024-05-27,Instagram Ads
CUST-2470,Yuni Nugroho,Female,29,Bandung,Jawa Barat,2025-07-07,Organic Social
CUST-2471,Nadia Kurniawan,Female,39,Yogyakarta,DI Yogyakarta,2024-08-24,TikTok Ads
CUST-2472,Kevin Hartono,Female,26,Unknown,Sulawesi Selatan,2024-07-10,TikTok Ads
CUST-2473,Joko Setiawan,Female,21,Bandung,Jawa Barat,2025-04-13,TikTok Ads
CUST-2474,Putri Prakoso,Male,30,surabaya,Jawa Timur,2023-04-24,Google Search
CUST-2475,Beni Darmawan,Female,35,Bandung,Jawa Barat,2025-06-24,Instagram Ads
CUST-2476,Hilda Maulana,Male,26,Semarang,Jawa Tengah,2025-05-26,Instagram Ads
CUST-2477,Nadia Purnama,Female,43,Bandung,Jawa Barat,2025-02-07,Instagram Ads
CUST-2478,Erik Nugroho,Female,21,Jakarta,DKI Jakarta,2022-10-08,Google Search
CUST-2479,Prita Prakoso,Female,43,Bekasi,Jawa Barat,2023-10-22,Instagram Ads
CUST-2480,Faisal Sukmawati,Male,22,Depok,Jawa Barat,2023-07-24,TikTok Ads
CUST-2481,Vina Setiawan,Male,20,Jakarta,DKI Jakarta,2023-06-18,TikTok Ads
CUST-2482,Sari Darmawan,Male,30,Surabaya,Jawa Timur,2022-07-15,TikTok Ads
CUST-2483,Cindy Handoko,Male,32,Jakarta,DKI Jakarta,2023-02-11,Instagram Ads
CUST-2484,Eka Suryadi,Male,32,Bandung,Jawa Barat,2022-07-28,Referral
CUST-2485,Nadia Setiawan,Male,23,Yogyakarta,DI Yogyakarta,2022-10-12,Google Search
CUST-2486,Ayu Anggraini,Female,42,semarang,Jawa Tengah,2022-08-25,Organic Social
CUST-2487,Farah Nugroho,Female,27,Jakarta,DKI Jakarta,2023-12-09,Organic Social
CUST-2488,Rangga Setiawan,Male,39,Bogor,Jawa Barat,2023-06-14,TikTok Ads
CUST-2489,Omar Setiawan,Male,37,Denpasar,Bali,2023-10-23,TikTok Ads
CUST-2490,Fajar Lestari,Female,41,Bandar Lampung,Lampung,2024-07-20,TikTok Ads
CUST-2491,Omar Halim,Male,20,Bandung,Jawa Barat,2024-03-04,Referral
CUST-2492,Zaki Utami,Male,43,Unknown,Bali,2022-09-28,Referral
CUST-2493,Citra Ramadhan,Female,21,Surabaya,Jawa Timur,2022-08-31,Referral
CUST-2494,Nanda Maulana,Male,36,Jakarta,DKI Jakarta,2025-06-06,TikTok Ads
CUST-2495,Zaki Hartono,Female,37,Surabaya,Jawa Timur,2023-02-13,Instagram Ads
CUST-2496,Umar Yulianti,Female,39,Yogyakarta,DI Yogyakarta,2022-09-09,Instagram Ads
CUST-2497,Rizky Wibowo,Female,20,Semarang,Jawa Tengah,2025-09-01,Referral
CUST-2498,Dewi Lestari,Male,32,Bandung,Jawa Barat,2025-07-15,Organic Social
CUST-2499,Guntur Gunawan,Male,28,Bandung,Jawa Barat,2022-06-30,TikTok Ads
CUST-2500,Umar Darmawan,Male,37,Surabaya,Jawa Timur,2025-06-05,TikTok Ads
CUST-2501,Putri Handoko,Male,19,Jakarta,DKI Jakarta,2025-04-03,Organic Social
CUST-2502,Prita Kusuma,Male,44,Bandung,Jawa Barat,2024-09-06,Organic Social
CUST-2503,Nadia Hartono,Female,31,Bandung,Jawa Barat,2024-01-14,TikTok Ads
CUST-2504,Farah Kusuma,Male,40,Bandar Lampung,Lampung,2022-06-19,Instagram Ads
CUST-2505,Hilda Suryadi,Male,44,Jakarta,DKI Jakarta,2023-06-06,Referral
CUST-2506,Rizky Pratama,Female,29,Yogyakarta,DI Yogyakarta,2024-08-30,Instagram Ads
CUST-2507,Rangga Setiawan,Female,35,Jakarta,DKI Jakarta,2022-12-22,Organic Social
CUST-2508,Faisal Purnama,Female,36,Unknown,Sulawesi Selatan,2022-10-01,TikTok Ads
CUST-2509,Fajar Kusuma,Male,23,Surabaya,Jawa Timur,2025-03-09,Google Search
CUST-2510,Kevin Yulianti,Female,44,Malang,Jawa Timur,2024-06-03,Instagram Ads
CUST-2511,Citra Santoso,Male,24,Jakarta,DKI Jakarta,2024-09-14,Instagram Ads
CUST-2512,Yoga Darmawan,Female,35,Jakarta,DKI Jakarta,2023-05-04,Organic Social
CUST-2513,Guntur Darmawan,Female,37,Bandung,Jawa Barat,2024-10-28,TikTok Ads
CUST-2514,Rangga Rahayu,Male,39,Yogyakarta,DI Yogyakarta,2024-05-18,Instagram Ads
CUST-2515,Hilda Hidayat,Male,26,Jakarta,DKI Jakarta,2025-07-16,TikTok Ads
CUST-2516,Rangga Permana,Female,40,Bekasi,Jawa Barat,2023-12-02,Google Search
CUST-2517,Farah Marliana,Female,23,Bandung,Jawa Barat,2025-01-12,Instagram Ads
CUST-2518,Tono Darmawan,Female,41,Jakarta,DKI Jakarta,2023-07-02,TikTok Ads
CUST-2519,Fajar Anggraini,Male,38,Bekasi,Jawa Barat,2025-03-03,TikTok Ads
CUST-2520,Taufik Sukmawati,Female,28,Bekasi,Jawa Barat,2023-07-28,Instagram Ads
CUST-2521,Taufik Kusuma,Male,36,Jakarta,DKI Jakarta,2023-06-28,Organic Social
CUST-2522,Cahya Handoko,Male,39,Palembang,Sumatera Selatan,2024-05-25,Instagram Ads
CUST-2523,Prita Saputra,Male,27,Bekasi,Jawa Barat,2023-10-19,Instagram Ads
CUST-2524,Joko Hidayat,Female,36,Makassar,Sulawesi Selatan,2023-09-14,Google Search
CUST-2525,Jasmine Handoko,Male,19,Jakarta,DKI Jakarta,2023-09-14,Referral
CUST-2526,Doni Suryadi,Female,41,Makassar,Sulawesi Selatan,2022-12-30,TikTok Ads
CUST-2527,Sari Hidayat,Male,30,Semarang,Jawa Tengah,2022-10-16,Instagram Ads
CUST-2528,Jihan Saputra,Female,32,Denpasar,Bali,2024-06-06,Organic Social
CUST-2529,Vero Yulianti,Female,38,Malang,Jawa Timur,2022-10-14,Google Search
CUST-2530,Jihan Anggraini,Female,38,Jakarta,DKI Jakarta,2024-03-18,Marketplace
CUST-2531,Omar Purnama,Male,42,Semarang,Jawa Tengah,2023-11-06,Google Search
CUST-2532,Zahra Cahyani,Female,23,Solo,Jawa Tengah,2025-05-16,Google Search
CUST-2533,Faisal Nugroho,Female,41,Bandung,Jawa Barat,2024-03-06,Instagram Ads
CUST-2534,Fajar Handoko,Female,26,Yogyakarta,DI Yogyakarta,2023-03-09,Referral
CUST-2535,Irfan Saputra,Male,24,Medan,Sumatera Utara,2024-07-20,Organic Social
CUST-2536,Beni Nugroho,Female,26,Denpasar,Bali,2024-12-07,Instagram Ads
CUST-2537,Kartika Marliana,Female,31,Jakarta,DKI Jakarta,2025-06-30,Google Search
CUST-2538,Krisna Kurniawan,Male,20,Solo,Jawa Tengah,2025-04-24,Instagram Ads
CUST-2539,Lukman Marliana,Male,19,Jakarta,DKI Jakarta,2022-08-31,Instagram Ads
CUST-2540,Cindy Kurniawan,Female,32,Jakarta,DKI Jakarta,2025-05-05,Instagram Ads
CUST-2541,Rizky Nugroho,Male,40,Bogor,Jawa Barat,2025-07-18,Instagram Ads
CUST-2542,Tono Wijaya,Female,31,Jakarta,DKI Jakarta,2024-01-27,Marketplace
CUST-2543,Reza Santoso,Female,29,Jakarta,DKI Jakarta,2025-07-07,Google Search
CUST-2544,Farah Setiawan,Female,44,Bekasi,Jawa Barat,2025-02-13,Google Search
CUST-2545,Taufik Yulianti,Female,37,Jakarta,DKI Jakarta,2024-02-24,Instagram Ads
CUST-2546,Lukman Pratama,Female,43,Jakarta,DKI Jakarta,2022-07-05,TikTok Ads
CUST-2547,Erik Santoso,Male,37,Depok,Jawa Barat,2024-04-05,TikTok Ads
CUST-2548,Sari Santoso,Female,40,Palembang,Sumatera Selatan,2022-09-03,Instagram Ads
CUST-2549,Vero Santoso,Male,28,Palembang,Sumatera Selatan,2024-08-13,Referral
CUST-2550,Jihan Lestari,Male,19,Palembang,Sumatera Selatan,2023-09-04,Instagram Ads
CUST-2551,Omar Pratama,Male,34,Makassar,Sulawesi Selatan,2023-12-03,TikTok Ads
CUST-2552,Krisna Halim,Female,36,Medan,Sumatera Utara,2023-07-04,TikTok Ads
CUST-2553,Endah Yulianti,Male,24,Tangerang,Banten,2025-07-31,Instagram Ads
CUST-2554,Laras Nugroho,Female,35,Jakarta,DKI Jakarta,2024-11-04,TikTok Ads
CUST-2555,Zaki Yulianti,Male,21,Solo,Jawa Tengah,2025-02-18,Google Search
CUST-2556,Rizky Pratama,Male,37,Jakarta,DKI Jakarta,2024-12-15,Referral
CUST-2557,Ulfa Darmawan,Male,23,Jakarta,DKI Jakarta,2022-07-16,Marketplace
CUST-2558,Rizky Pratama,Female,45,Yogyakarta,DI Yogyakarta,2025-05-05,TikTok Ads
CUST-2559,Indra Santoso,Male,37,Jakarta,DKI Jakarta,2022-06-12,Organic Social
CUST-2560,Endah Permana,Female,22,Surabaya,Jawa Timur,2025-04-11,Referral
CUST-2561,Beni Santoso,Female,31,Denpasar,Bali,2023-03-10,Instagram Ads
CUST-2562,Mega Wibowo,Female,21,Denpasar,Bali,2025-07-04,Marketplace
CUST-2563,Wawan Rahayu,Female,38,Surabaya,Jawa Timur,2023-05-29,Google Search
CUST-2564,Indra Nugroho,Male,30,Unknown,DI Yogyakarta,2023-11-24,Organic Social
CUST-2565,Vina Maulana,Female,45,Bandung,Jawa Barat,2024-01-23,Organic Social
CUST-2566,Adit Cahyani,Female,30,Jakarta,DKI Jakarta,2025-08-27,Google Search
CUST-2567,Vero Marliana,Female,31,Pekanbaru,Riau,2022-09-10,TikTok Ads
CUST-2568,Sari Handoko,Female,25,Bandung,Jawa Barat,2022-09-17,Organic Social
CUST-2569,Hilda Sukmawati,Female,36,Solo,Jawa Tengah,2025-03-27,Organic Social
CUST-2570,Jasmine Prakoso,Female,35,Bandung,Jawa Barat,2022-09-28,TikTok Ads
CUST-2571,Bayu Santoso,Male,26,Jakarta,DKI Jakarta,2023-11-19,TikTok Ads
CUST-2572,Yuni Setiawan,Female,21,Bandar Lampung,Lampung,2024-07-04,Google Search
CUST-2573,Adit Hartono,Female,37,Bekasi,Jawa Barat,2022-09-29,Instagram Ads
CUST-2574,Lukman Maulana,Male,40,Yogyakarta,DI Yogyakarta,2023-01-10,Instagram Ads
CUST-2575,Doni Wijaya,Female,45,Malang,Jawa Timur,2024-06-12,Organic Social
CUST-2576,Mega Lestari,Female,21,jakarta,DKI Jakarta,2022-08-29,Referral
CUST-2577,Reza Santoso,Female,41,Jakarta,DKI Jakarta,2025-02-15,Organic Social
CUST-2578,Oki Yulianti,Female,29,Unknown,Sumatera Utara,2024-03-01,Google Search
CUST-2579,Nanda Handoko,Female,37,Depok,Jawa Barat,2025-05-04,Organic Social
CUST-2580,Bayu Prakoso,Female,34,Bandung,Jawa Barat,2023-11-09,Referral
CUST-2581,Umar Yulianti,Male,34,Balikpapan,Kalimantan Timur,2025-04-20,TikTok Ads
CUST-2582,Yuni Darmawan,Female,29,Jakarta,DKI Jakarta,2022-10-23,Google Search
CUST-2583,Tono Saputra,Male,21,Makassar,Sulawesi Selatan,2023-08-29,Marketplace
CUST-2584,Dinda Utami,Female,35,Bekasi,Jawa Barat,2024-06-07,TikTok Ads
CUST-2585,Jihan Maulana,Female,31,Bandar Lampung,Lampung,2024-10-09,Instagram Ads
CUST-2586,Rangga Marliana,Male,26,Surabaya,Jawa Timur,2023-07-02,Instagram Ads
CUST-2587,Oki Wibowo,Female,24,Semarang,Jawa Tengah,2023-07-05,Marketplace
CUST-2588,Wawan Lestari,Female,23,Depok,Jawa Barat,2024-02-01,Instagram Ads
CUST-2589,Omar Lestari,Male,31,Depok,Jawa Barat,2023-12-19,TikTok Ads
CUST-2590,Dinda Pratama,Female,37,Surabaya,Jawa Timur,2024-08-22,Google Search
CUST-2591,Galih Firmansyah,Male,29,Semarang,Jawa Tengah,2024-04-13,Referral
CUST-2592,Gita Anggraini,Male,22,Tangerang,Banten,2022-12-26,Organic Social
CUST-2593,Wawan Yulianti,Male,40,Pekanbaru,Riau,2022-12-12,Instagram Ads
CUST-2594,Prita Pratama,Female,41,Pekanbaru,Riau,2024-08-05,TikTok Ads
CUST-2595,Fajar Ramadhan,Female,27,Makassar,Sulawesi Selatan,2023-09-22,Instagram Ads
CUST-2596,Vina Yulianti,Male,24,Jakarta,DKI Jakarta,2022-11-17,Organic Social
CUST-2597,Ulfa Kurniawan,Female,32,Medan,Sumatera Utara,2022-09-30,Instagram Ads
CUST-2598,Jasmine Marliana,Female,42,Bandung,Jawa Barat,2024-04-21,TikTok Ads
CUST-2599,Doni Permana,Female,38,Depok,Jawa Barat,2023-11-14,Instagram Ads
CUST-2600,Indra Anggraini,Male,41,Bogor,Jawa Barat,2022-12-22,Google Search
CUST-2601,Reza Pratama,Male,37,Jakarta,DKI Jakarta,2024-05-25,Marketplace
CUST-2602,Taufik Hartono,Female,31,Denpasar,Bali,2022-10-13,Instagram Ads
CUST-2603,Sari Gunawan,Female,37,Bandung,Jawa Barat,2022-06-25,Instagram Ads
CUST-2604,Zahra Permana,Female,35,Jakarta,DKI Jakarta,2023-08-14,Instagram Ads
CUST-2605,Omar Hartono,Male,39,Semarang,Jawa Tengah,2022-12-10,Organic Social
CUST-2606,Zaki Ramadhan,Female,43,Balikpapan,Kalimantan Timur,2024-06-05,Google Search
CUST-2607,Galih Purnama,Female,20,Jakarta,DKI Jakarta,2024-06-10,Marketplace
CUST-2608,Jasmine Prakoso,Female,32,Jakarta,DKI Jakarta,2022-07-10,TikTok Ads
CUST-2609,Anwar Cahyani,Male,34,Jakarta,DKI Jakarta,2024-08-01,Organic Social
CUST-2610,Hilda Saputra,Female,40,Solo,Jawa Tengah,2025-03-22,Google Search
CUST-2611,Zaki Handoko,Female,41,Medan,Sumatera Utara,2024-01-13,Instagram Ads
CUST-2612,Kartika Lestari,Female,43,Jakarta,DKI Jakarta,2025-03-02,TikTok Ads
CUST-2613,Rizky Lestari,Male,21,Jakarta,DKI Jakarta,2024-05-13,Instagram Ads
CUST-2614,Lukman Purnama,Female,33,Palembang,Sumatera Selatan,2023-06-12,Instagram Ads
CUST-2615,Oki Permana,Male,23,Jakarta,DKI Jakarta,2025-08-16,TikTok Ads
CUST-2616,Reza Marliana,Male,20,Jakarta,DKI Jakarta,2022-07-02,Organic Social
CUST-2617,Jihan Setiawan,Female,19,Bogor,Jawa Barat,2022-09-04,Marketplace
CUST-2618,Ayu Anggraini,Female,22,Semarang,Jawa Tengah,2023-10-11,Instagram Ads
CUST-2619,Kevin Kurniawan,Female,40,Jakarta,DKI Jakarta,2022-06-14,TikTok Ads
CUST-2620,Farah Purnama,Female,36,Bekasi,Jawa Barat,2025-07-27,Organic Social
CUST-2621,Erik Utami,Female,31,Jakarta,DKI Jakarta,2024-10-15,TikTok Ads
CUST-2622,Zaki Gunawan,Male,41,Depok,Jawa Barat,2023-06-02,TikTok Ads
CUST-2623,Indra Pratama,Male,19,Jakarta,DKI Jakarta,2025-01-02,Marketplace
CUST-2624,Krisna Pratama,Male,26,Jakarta,DKI Jakarta,2024-05-06,Instagram Ads
CUST-2625,Sinta Kusuma,Female,44,Surabaya,Jawa Timur,2023-05-11,Instagram Ads
CUST-2626,Galih Sukmawati,Male,35,Palembang,Sumatera Selatan,2025-05-10,Instagram Ads
CUST-2627,Citra Saputra,Female,43,Surabaya,Jawa Timur,2022-12-11,TikTok Ads
CUST-2628,Laras Sukmawati,Female,37,Bandung,Jawa Barat,2025-07-02,TikTok Ads
CUST-2629,Ivan Wijaya,Male,22,Solo,Jawa Tengah,2023-05-09,Referral
CUST-2630,Cahya Cahyani,Male,34,Bekasi,Jawa Barat,2024-04-26,Google Search
CUST-2631,Hesti Kurniawan,Male,38,Jakarta,DKI Jakarta,2025-06-26,Google Search
CUST-2632,Sinta Nugroho,Female,28,Palembang,Sumatera Selatan,2025-04-08,Marketplace
CUST-2633,Nanda Hartono,Female,20,Jakarta,DKI Jakarta,2025-02-01,Instagram Ads
CUST-2634,Fajar Hidayat,Female,23,Jakarta,DKI Jakarta,2023-09-12,Instagram Ads
CUST-2635,Yoga Nugroho,Male,42,Solo,Jawa Tengah,2023-08-07,Instagram Ads
CUST-2636,Adit Ramadhan,Female,41,Solo,Jawa Tengah,2024-06-07,Instagram Ads
CUST-2637,Dewi Hidayat,Female,39,Makassar,Sulawesi Selatan,2022-06-27,Marketplace
CUST-2638,Galih Gunawan,Male,23,Tangerang,Banten,2023-08-23,Organic Social
CUST-2639,Irfan Darmawan,Female,41,Jakarta,DKI Jakarta,2022-12-29,Referral
CUST-2640,Ayu Saputra,Female,20,Yogyakarta,DI Yogyakarta,2024-10-03,Instagram Ads
CUST-2641,Kevin Prakoso,Female,44,Solo,Jawa Tengah,2022-09-26,TikTok Ads
CUST-2642,Oki Halim,Male,22,Yogyakarta,DI Yogyakarta,2024-08-23,Referral
CUST-2643,Hilda Prakoso,Male,21,Denpasar,Bali,2023-04-28,Referral
CUST-2644,Kartika Purnama,Female,38,Bekasi,Jawa Barat,2025-01-17,Referral
CUST-2645,Erik Sukmawati,Male,19,Semarang,Jawa Tengah,2023-01-31,TikTok Ads
CUST-2646,Cahya Handoko,Female,23,Bandung,Jawa Barat,2024-08-01,Instagram Ads
CUST-2647,Krisna Marliana,Female,20,Jakarta,DKI Jakarta,2025-02-22,TikTok Ads
CUST-2648,Cindy Wibowo,Female,43,Bogor,Jawa Barat,2024-08-14,Instagram Ads
CUST-2649,Zaki Gunawan,Female,35,Surabaya,Jawa Timur,2023-04-10,Instagram Ads
CUST-2650,Citra Wibowo,Female,20,Medan,Sumatera Utara,2023-11-04,Marketplace
CUST-2651,Adit Permana,Male,37,Denpasar,Bali,2023-06-22,Google Search
CUST-2652,Citra Marliana,Female,24,Surabaya,Jawa Timur,2024-12-16,Organic Social
CUST-2653,Indra Kurniawan,Female,44,Jakarta,DKI Jakarta,2023-03-28,Organic Social
CUST-2654,Gita Ramadhan,Male,27,Bandung,Jawa Barat,2025-07-11,TikTok Ads
CUST-2655,Nadia Ramadhan,Female,34,Semarang,Jawa Tengah,2022-08-20,Google Search
CUST-2656,Jasmine Prakoso,Female,26,Bekasi,Jawa Barat,2024-09-12,Referral
CUST-2657,Krisna Lestari,Male,27,Denpasar,Bali,2025-08-13,Organic Social
CUST-2658,Sinta Wijaya,Male,24,Malang,Jawa Timur,2023-12-29,TikTok Ads
CUST-2659,Cindy Yulianti,Female,25,Jakarta,DKI Jakarta,2023-10-16,Referral
CUST-2660,Bagus Gunawan,Male,35,Jakarta,DKI Jakarta,2024-06-19,Marketplace
CUST-2661,Laras Ramadhan,Male,31,Bandung,Jawa Barat,2025-01-12,Instagram Ads
CUST-2662,Cahya Hidayat,Female,41,Bandung,Jawa Barat,2024-12-15,Referral
CUST-2663,Citra Gunawan,Male,30,Pekanbaru,Riau,2024-04-18,Google Search
CUST-2664,Hesti Wibowo,Female,42,Solo,Jawa Tengah,2023-12-07,Marketplace
CUST-2665,Wawan Permana,Male,23,Jakarta,DKI Jakarta,2023-08-02,TikTok Ads
CUST-2666,Jasmine Permana,Female,45,Semarang,Jawa Tengah,2022-06-17,TikTok Ads
CUST-2667,Beni Gunawan,Male,38,Depok,Jawa Barat,2023-06-15,Google Search
CUST-2668,Guntur Hidayat,Female,26,Surabaya,Jawa Timur,2024-12-01,Instagram Ads
CUST-2669,Dinda Permana,Female,31,Surabaya,Jawa Timur,2023-01-30,Instagram Ads
CUST-2670,Beni Marliana,Male,37,Denpasar,Bali,2023-11-25,Instagram Ads
CUST-2671,Nanda Cahyani,Female,29,Surabaya,Jawa Timur,2023-01-25,Organic Social
CUST-2672,Gita Kurniawan,Female,43,Yogyakarta,DI Yogyakarta,2024-09-23,Referral
CUST-2673,Ivan Prakoso,Male,42,Jakarta,DKI Jakarta,2025-05-29,TikTok Ads
CUST-2674,Fajar Kurniawan,Female,42,Jakarta,DKI Jakarta,2023-02-02,Marketplace
CUST-2675,Sari Sukmawati,Female,45,Bandung,Jawa Barat,2023-04-17,Organic Social
CUST-2676,Taufik Firmansyah,Male,27,Surabaya,Jawa Timur,2025-04-01,Organic Social
CUST-2677,Guntur Firmansyah,Female,39,Yogyakarta,DI Yogyakarta,2023-01-17,Marketplace
CUST-2678,Dinda Halim,Female,29,Denpasar,Bali,2025-05-19,Instagram Ads
CUST-2679,Vina Maulana,Female,32,Surabaya,Jawa Timur,2024-12-14,Instagram Ads
CUST-2680,Cindy Kurniawan,Female,20,Yogyakarta,DI Yogyakarta,2023-01-15,Referral
CUST-2681,Kevin Kurniawan,Male,36,Tangerang,Banten,2023-04-09,TikTok Ads
CUST-2682,Taufik Kusuma,Female,23,Denpasar,Bali,2022-09-02,Referral
CUST-2683,Maya Nugroho,Female,40,Jakarta,DKI Jakarta,2023-06-17,TikTok Ads
CUST-2684,Anwar Kurniawan,Male,41,Medan,Sumatera Utara,2023-09-08,Instagram Ads
CUST-2685,Maya Nugroho,Female,24,Surabaya,Jawa Timur,2022-11-25,Instagram Ads
CUST-2686,Lukman Kurniawan,Male,35,Makassar,Sulawesi Selatan,2024-05-19,Referral
CUST-2687,Beni Utami,Female,39,Medan,Sumatera Utara,2023-06-17,TikTok Ads
CUST-2688,Jasmine Utami,Male,40,Tangerang,Banten,2024-05-22,Instagram Ads
CUST-2689,Ivan Hartono,Female,38,Jakarta,DKI Jakarta,2024-11-23,Google Search
CUST-2690,Irfan Yulianti,Male,41,Jakarta,DKI Jakarta,2024-06-14,Organic Social
CUST-2691,Hesti Gunawan,Female,32,Bekasi,Jawa Barat,2023-09-05,Marketplace
CUST-2692,Cindy Rahayu,Male,36,Yogyakarta,DI Yogyakarta,2022-12-05,Instagram Ads
CUST-2693,Farah Saputra,Male,44,Medan,Sumatera Utara,2023-02-03,TikTok Ads
CUST-2694,Reza Handoko,Female,31,Jakarta,DKI Jakarta,2025-03-03,Marketplace
CUST-2695,Prita Kusuma,Male,36,Solo,Jawa Tengah,2023-08-30,Referral
CUST-2696,Kevin Cahyani,Male,45,Balikpapan,Kalimantan Timur,2025-03-06,Referral
CUST-2697,Doni Darmawan,Male,34,Unknown,Jawa Tengah,2023-11-11,Instagram Ads
CUST-2698,Kartika Kurniawan,Male,23,Jakarta,DKI Jakarta,2023-08-18,Referral
CUST-2699,Joko Gunawan,Male,28,Jakarta,DKI Jakarta,2023-01-04,Google Search
CUST-2700,Taufik Firmansyah,Female,45,Denpasar,Bali,2025-08-03,Organic Social
CUST-2701,Hilda Hartono,Female,31,Jakarta,DKI Jakarta,2024-05-25,Marketplace
CUST-2702,Irfan Firmansyah,Male,31,Bandung,Jawa Barat,2024-07-01,Organic Social
CUST-2703,Dewi Hidayat,Female,39,yogyakarta,DI Yogyakarta,2023-10-15,TikTok Ads
CUST-2704,Sinta Lestari,Female,26,Depok,Jawa Barat,2023-12-17,Instagram Ads
CUST-2705,Joko Pratama,Male,39,Semarang,Jawa Tengah,2024-02-15,Organic Social
CUST-2706,Beni Permana,Female,40,Jakarta,DKI Jakarta,2024-07-29,Google Search
CUST-2707,Wulan Hidayat,Male,31,Jakarta,DKI Jakarta,2025-01-25,Organic Social
CUST-2708,Kevin Firmansyah,Female,21,Jakarta,DKI Jakarta,2024-03-14,Google Search
CUST-2709,Laras Darmawan,Male,27,Surabaya,Jawa Timur,2024-10-24,Marketplace
CUST-2710,Fajar Purnama,Female,37,bandung,Jawa Barat,2024-10-25,Referral
CUST-2711,Yuni Yulianti,Male,33,Medan,Sumatera Utara,2023-08-08,Instagram Ads
CUST-2712,Citra Kusuma,Male,19,Yogyakarta,DI Yogyakarta,2022-06-02,Google Search
CUST-2713,Joko Permana,Female,42,Jakarta,DKI Jakarta,2025-03-13,Instagram Ads
CUST-2714,Omar Wibowo,Male,32,Jakarta,DKI Jakarta,2023-10-12,TikTok Ads
CUST-2715,Faisal Saputra,Female,37,Medan,Sumatera Utara,2024-12-16,Instagram Ads
CUST-2716,Anwar Kusuma,Female,44,surabaya,Jawa Timur,2025-02-15,Instagram Ads
CUST-2717,Ivan Setiawan,Female,29,Denpasar,Bali,2022-07-28,Google Search
CUST-2718,Nanda Firmansyah,Female,45,denpasar,Bali,2024-10-08,Referral
CUST-2719,Anwar Wibowo,Female,38,Palembang,Sumatera Selatan,2024-02-23,TikTok Ads
CUST-2720,Wawan Kusuma,Male,44,Jakarta,DKI Jakarta,2025-04-15,Instagram Ads
CUST-2721,Bagus Darmawan,Female,21,Jakarta,DKI Jakarta,2023-04-21,TikTok Ads
CUST-2722,Cahya Kurniawan,Male,37,Depok,Jawa Barat,2023-12-10,Instagram Ads
CUST-2723,Endah Wibowo,Female,32,Jakarta,DKI Jakarta,2022-09-11,TikTok Ads
CUST-2724,Mega Anggraini,Female,28,Semarang,Jawa Tengah,2024-11-08,Marketplace
CUST-2725,Yuni Maulana,Female,25,Malang,Jawa Timur,2022-11-30,Referral
CUST-2726,Vina Cahyani,Female,32,Jakarta,DKI Jakarta,2024-04-08,Instagram Ads
CUST-2727,Lukman Anggraini,Male,37,Jakarta,DKI Jakarta,2024-07-30,TikTok Ads
CUST-2728,Rizky Utami,Male,23,Jakarta,DKI Jakarta,2025-08-02,TikTok Ads
CUST-2729,Zaki Gunawan,Male,42,Jakarta,DKI Jakarta,2024-06-29,Instagram Ads
CUST-2730,Putri Santoso,Female,25,Semarang,Jawa Tengah,2025-01-03,Organic Social
CUST-2731,Zahra Lestari,Male,36,Makassar,Sulawesi Selatan,2025-05-10,Google Search
CUST-2732,Wawan Darmawan,Female,32,Bandung,Jawa Barat,2023-12-29,Instagram Ads
CUST-2733,Beni Santoso,Male,28,Palembang,Sumatera Selatan,2024-01-20,Organic Social
CUST-2734,Zahra Hartono,Female,38,Bandung,Jawa Barat,2023-02-04,Instagram Ads
CUST-2735,Laras Marliana,Female,33,Tangerang,Banten,2023-11-12,Instagram Ads
CUST-2736,Ulfa Setiawan,Female,40,Surabaya,Jawa Timur,2022-07-06,Instagram Ads
CUST-2737,Faisal Sukmawati,Female,23,Jakarta,DKI Jakarta,2024-04-03,Marketplace
CUST-2738,Kevin Hidayat,Male,35,Solo,Jawa Tengah,2025-05-27,Instagram Ads
CUST-2739,Indra Wijaya,Male,43,jakarta,DKI Jakarta,2022-06-17,Referral
CUST-2740,Irfan Handoko,Male,34,Jakarta,DKI Jakarta,2025-02-05,TikTok Ads
CUST-2741,Indra Handoko,Female,34,Jakarta,DKI Jakarta,2024-09-23,Organic Social
CUST-2742,Farah Permana,Female,27,Jakarta,DKI Jakarta,2022-06-21,TikTok Ads
CUST-2743,Irfan Sukmawati,Female,45,Jakarta,DKI Jakarta,2023-09-01,Organic Social
CUST-2744,Ayu Handoko,Female,33,Jakarta,DKI Jakarta,2023-01-22,TikTok Ads
CUST-2745,Taufik Prakoso,Female,37,Tangerang,Banten,2024-08-11,TikTok Ads
CUST-2746,Omar Saputra,Male,21,Jakarta,DKI Jakarta,2024-10-29,Marketplace
CUST-2747,Vina Wibowo,Female,25,Bandung,Jawa Barat,2024-06-08,TikTok Ads
CUST-2748,Hilda Saputra,Male,36,Jakarta,DKI Jakarta,2023-08-31,Instagram Ads
CUST-2749,Cindy Handoko,Female,40,jakarta,DKI Jakarta,2024-09-12,Instagram Ads
CUST-2750,Gita Pratama,Female,32,Bandung,Jawa Barat,2024-01-21,TikTok Ads
CUST-2751,Cahya Ramadhan,Female,42,Denpasar,Bali,2025-08-30,TikTok Ads
CUST-2752,Reza Lestari,Female,44,Depok,Jawa Barat,2022-07-28,Referral
CUST-2753,Dewi Halim,Male,31,Palembang,Sumatera Selatan,2025-08-09,Organic Social
CUST-2754,Rangga Saputra,Female,28,Denpasar,Bali,2025-02-22,Marketplace
CUST-2755,Beni Prakoso,Female,26,Bandung,Jawa Barat,2024-03-14,TikTok Ads
CUST-2756,Citra Wibowo,Male,38,Jakarta,DKI Jakarta,2023-04-28,TikTok Ads
CUST-2757,Kartika Saputra,Male,43,Surabaya,Jawa Timur,2024-04-20,Instagram Ads
CUST-2758,Bagus Halim,Male,26,Semarang,Jawa Tengah,2023-04-10,TikTok Ads
CUST-2759,Oki Saputra,Female,19,Medan,Sumatera Utara,2023-01-07,Instagram Ads
CUST-2760,Citra Yulianti,Male,22,Yogyakarta,DI Yogyakarta,2022-10-17,TikTok Ads
CUST-2761,Faisal Hartono,Female,32,Bandar Lampung,Lampung,2022-06-22,Google Search
CUST-2762,Sari Firmansyah,Female,42,Bekasi,Jawa Barat,2024-03-07,TikTok Ads
CUST-2763,Anwar Hidayat,Male,42,Jakarta,DKI Jakarta,2023-05-21,Organic Social
CUST-2764,Beni Halim,Female,41,jakarta,DKI Jakarta,2022-07-30,Instagram Ads
CUST-2765,Yoga Yulianti,Female,44,Semarang,Jawa Tengah,2024-12-25,Marketplace
CUST-2766,Sinta Yulianti,Female,24,Bekasi,Jawa Barat,2022-12-04,Instagram Ads
CUST-2767,Bayu Kurniawan,Female,45,Jakarta,DKI Jakarta,2024-07-04,Organic Social
CUST-2768,Erik Kurniawan,Female,43,Denpasar,Bali,2025-06-24,TikTok Ads
CUST-2769,Omar Yulianti,Female,27,Makassar,Sulawesi Selatan,2025-03-11,Organic Social
CUST-2770,Prita Setiawan,Male,20,Pekanbaru,Riau,2023-06-10,Instagram Ads
CUST-2771,Joko Lestari,Female,40,Malang,Jawa Timur,2024-11-19,TikTok Ads
CUST-2772,Mega Yulianti,Female,38,Bandar Lampung,Lampung,2023-06-04,Referral
CUST-2773,Wulan Sukmawati,Female,27,Surabaya,Jawa Timur,2025-05-29,Instagram Ads
CUST-2774,Eka Yulianti,Male,33,Bandung,Jawa Barat,2023-10-24,Instagram Ads
CUST-2775,Hesti Wijaya,Male,22,Jakarta,DKI Jakarta,2022-11-24,Instagram Ads
CUST-2776,Sinta Kurniawan,Female,42,Bandung,Jawa Barat,2025-07-07,Organic Social
CUST-2777,Ulfa Wijaya,Male,45,Palembang,Sumatera Selatan,2024-12-17,Organic Social
CUST-2778,Omar Hidayat,Female,37,Bandar Lampung,Lampung,2023-04-06,Referral
CUST-2779,Gita Kusuma,Male,43,Jakarta,DKI Jakarta,2024-03-13,Instagram Ads
CUST-2780,Endah Kusuma,Male,26,Palembang,Sumatera Selatan,2024-08-03,Instagram Ads
CUST-2781,Rizky Ramadhan,Female,22,Surabaya,Jawa Timur,2024-01-14,TikTok Ads
CUST-2782,Yoga Sukmawati,Male,25,Depok,Jawa Barat,2024-07-23,Instagram Ads
CUST-2783,Doni Marliana,Female,28,Semarang,Jawa Tengah,2023-07-06,Marketplace
CUST-2784,Mega Kurniawan,Male,34,Jakarta,DKI Jakarta,2025-03-25,TikTok Ads
CUST-2785,Omar Ramadhan,Male,19,Bandung,Jawa Barat,2022-07-13,TikTok Ads
CUST-2786,Maya Yulianti,Female,43,semarang,Jawa Tengah,2024-05-16,Referral
CUST-2787,Kartika Marliana,Female,39,Yogyakarta,DI Yogyakarta,2023-06-08,Google Search
CUST-2788,Faisal Lestari,Female,33,Bandung,Jawa Barat,2023-09-21,Organic Social
CUST-2789,Hilda Wibowo,Female,19,Jakarta,DKI Jakarta,2024-06-04,TikTok Ads
CUST-2790,Kevin Kusuma,Female,30,Jakarta,DKI Jakarta,2023-03-02,Instagram Ads
CUST-2791,Cindy Halim,Female,43,Bandung,Jawa Barat,2022-10-25,Google Search
CUST-2792,Sinta Sukmawati,Female,32,Bandung,Jawa Barat,2025-09-04,Organic Social
CUST-2793,Zahra Kusuma,Male,42,Denpasar,Bali,2023-05-19,Instagram Ads
CUST-2794,Reza Ramadhan,Male,38,surabaya,Jawa Timur,2024-04-17,Google Search
CUST-2795,Zahra Handoko,Male,26,Jakarta,DKI Jakarta,2023-07-25,Instagram Ads
CUST-2796,Kartika Santoso,Male,26,Bandung,Jawa Barat,2025-05-30,Organic Social
CUST-2797,Eka Gunawan,Female,45,Jakarta,DKI Jakarta,2023-04-07,Referral
CUST-2798,Citra Setiawan,Male,36,Semarang,Jawa Tengah,2023-01-17,TikTok Ads
CUST-2799,Mega Nugroho,Female,19,Yogyakarta,DI Yogyakarta,2024-08-31,TikTok Ads
CUST-2800,Zahra Halim,Female,28,Bandung,Jawa Barat,2025-06-05,Organic Social
CUST-2801,Hesti Kurniawan,Male,24,Denpasar,Bali,2022-08-27,Marketplace
CUST-2802,Vina Darmawan,Female,45,Surabaya,Jawa Timur,2025-05-10,Referral
CUST-2803,Anwar Sukmawati,Female,31,Surabaya,Jawa Timur,2024-08-31,Instagram Ads
CUST-2804,Omar Halim,Female,40,Surabaya,Jawa Timur,2023-02-20,Referral
CUST-2805,Umar Cahyani,Female,25,Surabaya,Jawa Timur,2023-03-24,Instagram Ads
CUST-2806,Tono Sukmawati,Female,44,Unknown,Jawa Barat,2023-11-01,TikTok Ads
CUST-2807,Fajar Suryadi,Male,41,Semarang,Jawa Tengah,2025-08-07,Organic Social
CUST-2808,Sari Purnama,Male,38,Surabaya,Jawa Timur,2024-09-10,Referral
CUST-2809,Krisna Pratama,Female,25,Jakarta,DKI Jakarta,2023-04-26,Instagram Ads
CUST-2810,Kartika Cahyani,Female,42,Malang,Jawa Timur,2024-10-12,Instagram Ads
CUST-2811,Jihan Wibowo,Male,36,Jakarta,DKI Jakarta,2023-07-08,Instagram Ads
CUST-2812,Sari Utami,Male,29,Unknown,DKI Jakarta,2024-03-20,Organic Social
CUST-2813,Kartika Kurniawan,Male,30,Palembang,Sumatera Selatan,2025-07-01,TikTok Ads
CUST-2814,Dewi Wijaya,Male,37,Depok,Jawa Barat,2023-05-17,TikTok Ads
CUST-2815,Kevin Utami,Female,33,Semarang,Jawa Tengah,2024-11-02,Organic Social
CUST-2816,Hesti Hartono,Male,25,Jakarta,DKI Jakarta,2025-07-13,Organic Social
CUST-2817,Yoga Santoso,Female,34,Denpasar,Bali,2023-07-23,TikTok Ads
CUST-2818,Ayu Kusuma,Male,43,Makassar,Sulawesi Selatan,2025-06-15,TikTok Ads
CUST-2819,Eka Saputra,Female,43,Jakarta,DKI Jakarta,2024-11-05,Instagram Ads
CUST-2820,Joko Nugroho,Female,26,Semarang,Jawa Tengah,2023-04-18,Referral
CUST-2821,Nadia Sukmawati,Female,24,bogor,Jawa Barat,2023-09-02,Organic Social
CUST-2822,Ulfa Pratama,Male,43,Semarang,Jawa Tengah,2024-03-28,TikTok Ads
CUST-2823,Zahra Firmansyah,Female,39,Palembang,Sumatera Selatan,2025-03-06,Referral
CUST-2824,Farah Firmansyah,Female,36,Bogor,Jawa Barat,2023-05-09,Organic Social
CUST-2825,Bayu Nugroho,Male,33,Bandung,Jawa Barat,2022-11-01,TikTok Ads
CUST-2826,Farah Setiawan,Female,37,Yogyakarta,DI Yogyakarta,2023-01-13,Google Search
CUST-2827,Taufik Pratama,Female,34,Semarang,Jawa Tengah,2024-02-03,Marketplace
CUST-2828,Dinda Wibowo,Male,31,Depok,Jawa Barat,2023-04-05,TikTok Ads
CUST-2829,Doni Saputra,Female,22,Bekasi,Jawa Barat,2024-05-25,TikTok Ads
CUST-2830,Oki Hartono,Male,24,Semarang,Jawa Tengah,2025-08-02,Instagram Ads
CUST-2831,Indra Purnama,Male,42,Surabaya,Jawa Timur,2022-06-19,Organic Social
CUST-2832,Bayu Maulana,Male,23,jakarta,DKI Jakarta,2023-12-02,Google Search
CUST-2833,Galih Pratama,Male,37,Solo,Jawa Tengah,2022-10-07,Google Search
CUST-2834,Krisna Gunawan,Female,40,Semarang,Jawa Tengah,2024-12-23,Referral
CUST-2835,Maya Yulianti,Female,21,Bogor,Jawa Barat,2024-01-04,Google Search
CUST-2836,Erik Anggraini,Female,33,Yogyakarta,DI Yogyakarta,2024-02-10,TikTok Ads
CUST-2837,Jihan Nugroho,Female,37,Unknown,Sulawesi Selatan,2023-07-28,Marketplace
CUST-2838,Adit Yulianti,Female,27,Bandung,Jawa Barat,2025-09-09,Google Search
CUST-2839,Kartika Nugroho,Male,19,Denpasar,Bali,2025-04-20,Organic Social
CUST-2840,Ayu Permana,Female,33,Solo,Jawa Tengah,2023-05-02,Google Search
CUST-2841,Erik Hidayat,Male,24,Palembang,Sumatera Selatan,2022-07-08,TikTok Ads
CUST-2842,Maya Handoko,Female,36,Jakarta,DKI Jakarta,2023-08-28,Google Search
CUST-2843,Putri Hartono,Female,45,Jakarta,DKI Jakarta,2025-02-13,Google Search
CUST-2844,Putri Pratama,Female,32,Yogyakarta,DI Yogyakarta,2023-01-04,Instagram Ads
CUST-2845,Cindy Ramadhan,Male,20,Balikpapan,Kalimantan Timur,2024-06-28,TikTok Ads
CUST-2846,Reza Saputra,Female,43,Surabaya,Jawa Timur,2024-09-03,Instagram Ads
CUST-2847,Anwar Purnama,Female,22,Balikpapan,Kalimantan Timur,2024-06-02,Instagram Ads
CUST-2848,Laras Wijaya,Male,28,Surabaya,Jawa Timur,2025-06-13,TikTok Ads
CUST-2849,Bayu Marliana,Male,35,Yogyakarta,DI Yogyakarta,2022-07-10,Google Search
CUST-2850,Hilda Cahyani,Male,25,Jakarta,DKI Jakarta,2023-01-18,Instagram Ads
CUST-2851,Nadia Wijaya,Female,27,Jakarta,DKI Jakarta,2024-01-27,TikTok Ads
CUST-2852,Ayu Prakoso,Male,36,Bandung,Jawa Barat,2024-05-03,Marketplace
CUST-2853,Hana Lestari,Female,44,Jakarta,DKI Jakarta,2022-08-19,Marketplace
CUST-2854,Citra Darmawan,Male,23,Makassar,Sulawesi Selatan,2024-11-10,Instagram Ads
CUST-2855,Nanda Kurniawan,Female,19,Pekanbaru,Riau,2023-06-06,Google Search
CUST-2856,Faisal Marliana,Male,27,Denpasar,Bali,2024-11-17,TikTok Ads
CUST-2857,Vina Kusuma,Female,26,Semarang,Jawa Tengah,2024-03-28,Instagram Ads
CUST-2858,Erik Santoso,Female,29,Bogor,Jawa Barat,2023-09-18,Marketplace
CUST-2859,Guntur Marliana,Female,24,Bandung,Jawa Barat,2024-05-13,Google Search
CUST-2860,Fajar Kurniawan,Female,40,Jakarta,DKI Jakarta,2023-10-24,Organic Social
CUST-2861,Prita Anggraini,Female,43,Bandar Lampung,Lampung,2025-01-23,TikTok Ads
CUST-2862,Omar Gunawan,Female,36,Surabaya,Jawa Timur,2023-12-07,Google Search
CUST-2863,Sinta Permana,Female,24,Tangerang,Banten,2024-03-19,Instagram Ads
CUST-2864,Hana Rahayu,Male,29,Bogor,Jawa Barat,2023-03-14,TikTok Ads
CUST-2865,Dewi Rahayu,Female,20,Surabaya,Jawa Timur,2022-11-20,Organic Social
CUST-2866,Umar Hidayat,Male,27,Jakarta,DKI Jakarta,2024-02-22,TikTok Ads
CUST-2867,Guntur Rahayu,Female,23,Bekasi,Jawa Barat,2023-08-14,Referral
CUST-2868,Hana Gunawan,Female,44,Bogor,Jawa Barat,2024-01-27,Google Search
CUST-2869,Irfan Hartono,Female,27,Tangerang,Banten,2025-08-13,Instagram Ads
CUST-2870,Hana Rahayu,Female,19,Bandung,Jawa Barat,2025-02-25,Instagram Ads
CUST-2871,Ivan Kurniawan,Male,26,Jakarta,DKI Jakarta,2022-10-19,Google Search
CUST-2872,Lukman Yulianti,Female,35,Jakarta,DKI Jakarta,2022-08-16,Marketplace
CUST-2873,Tono Prakoso,Female,34,Jakarta,DKI Jakarta,2023-05-23,Google Search
CUST-2874,Umar Maulana,Female,22,Jakarta,DKI Jakarta,2022-10-07,TikTok Ads
CUST-2875,Beni Rahayu,Male,34,Denpasar,Bali,2024-04-01,Instagram Ads
CUST-2876,Tono Hidayat,Female,40,Semarang,Jawa Tengah,2023-01-06,Organic Social
CUST-2877,Mega Yulianti,Female,31,Yogyakarta,DI Yogyakarta,2025-02-06,TikTok Ads
CUST-2878,Mega Hartono,Female,45,Bandar Lampung,Lampung,2024-02-26,Google Search
CUST-2879,Mega Purnama,Female,29,Palembang,Sumatera Selatan,2024-10-28,Google Search
CUST-2880,Wawan Suryadi,Female,36,Jakarta,DKI Jakarta,2022-08-15,Instagram Ads
CUST-2881,Kartika Nugroho,Male,40,Unknown,DKI Jakarta,2023-09-23,Referral
CUST-2882,Kartika Firmansyah,Male,28,Semarang,Jawa Tengah,2024-09-16,Instagram Ads
CUST-2883,Irfan Prakoso,Male,28,Bandung,Jawa Barat,2025-04-19,Google Search
CUST-2884,Hilda Gunawan,Female,24,Unknown,Banten,2025-09-06,Organic Social
CUST-2885,Ivan Halim,Male,37,Unknown,Sumatera Selatan,2024-04-03,Marketplace
CUST-2886,Mega Anggraini,Female,21,Bekasi,Jawa Barat,2022-09-14,Referral
CUST-2887,Maya Firmansyah,Male,28,Makassar,Sulawesi Selatan,2022-10-30,Google Search
CUST-2888,Ivan Permana,Female,29,Malang,Jawa Timur,2022-11-15,Marketplace
CUST-2889,Kevin Saputra,Male,44,Bandung,Jawa Barat,2024-04-04,TikTok Ads
CUST-2890,Gita Santoso,Female,31,Bekasi,Jawa Barat,2023-04-24,Instagram Ads
CUST-2891,Citra Handoko,Female,35,Jakarta,DKI Jakarta,2022-07-31,TikTok Ads
CUST-2892,Fajar Hidayat,Female,34,Bekasi,Jawa Barat,2025-08-27,Marketplace
CUST-2893,Omar Ramadhan,Male,19,Bandung,Jawa Barat,2022-06-24,Marketplace
CUST-2894,Doni Anggraini,Male,24,Balikpapan,Kalimantan Timur,2025-08-17,Google Search
CUST-2895,Mega Saputra,Female,32,Surabaya,Jawa Timur,2023-03-30,Instagram Ads
CUST-2896,Hesti Setiawan,Male,40,Depok,Jawa Barat,2022-12-01,Referral
CUST-2897,Sinta Lestari,Male,19,Bekasi,Jawa Barat,2025-01-07,Instagram Ads
CUST-2898,Putri Yulianti,Male,22,Denpasar,Bali,2022-07-11,Google Search
CUST-2899,Umar Halim,Female,37,Jakarta,DKI Jakarta,2025-05-26,Google Search
CUST-2900,Dewi Cahyani,Female,32,Bandung,Jawa Barat,2023-02-04,TikTok Ads
CUST-2901,Tono Lestari,Male,41,Bogor,Jawa Barat,2022-12-24,Instagram Ads
CUST-2902,Irfan Lestari,Male,25,Jakarta,DKI Jakarta,2023-08-09,Marketplace
CUST-2903,Indra Kurniawan,Female,31,Depok,Jawa Barat,2025-05-23,TikTok Ads
CUST-2904,Putri Saputra,Female,38,Jakarta,DKI Jakarta,2024-05-15,TikTok Ads
CUST-2905,Vina Handoko,Male,39,Depok,Jawa Barat,2022-10-02,Marketplace
CUST-2906,Doni Ramadhan,Female,39,Bogor,Jawa Barat,2024-10-29,Instagram Ads
CUST-2907,Laras Kusuma,Male,26,Denpasar,Bali,2024-07-30,TikTok Ads
CUST-2908,Taufik Hartono,Female,28,Depok,Jawa Barat,2023-01-23,Instagram Ads
CUST-2909,Endah Pratama,Male,34,jakarta,DKI Jakarta,2025-04-06,Organic Social
CUST-2910,Adit Lestari,Male,39,Semarang,Jawa Tengah,2024-10-11,Marketplace
CUST-2911,Eka Prakoso,Female,44,Bandung,Jawa Barat,2025-05-03,Referral
CUST-2912,Endah Lestari,Male,38,Surabaya,Jawa Timur,2022-08-11,Google Search
CUST-2913,Bayu Prakoso,Male,39,Jakarta,DKI Jakarta,2025-06-01,Instagram Ads
CUST-2914,Adit Halim,Female,40,Solo,Jawa Tengah,2023-02-10,TikTok Ads
CUST-2915,Indra Kurniawan,Female,32,Jakarta,DKI Jakarta,2023-11-23,Organic Social
CUST-2916,Hana Rahayu,Male,40,malang,Jawa Timur,2023-11-22,Referral
CUST-2917,Laras Yulianti,Male,19,Jakarta,DKI Jakarta,2024-03-11,Instagram Ads
CUST-2918,Prita Cahyani,Male,40,Yogyakarta,DI Yogyakarta,2023-11-15,Marketplace
CUST-2919,Omar Rahayu,Female,43,Medan,Sumatera Utara,2023-05-21,TikTok Ads
CUST-2920,Vero Utami,Male,30,Bandung,Jawa Barat,2024-03-17,Organic Social
CUST-2921,Galih Nugroho,Male,33,Bekasi,Jawa Barat,2025-06-06,TikTok Ads
CUST-2922,Krisna Nugroho,Male,32,Palembang,Sumatera Selatan,2022-07-14,Organic Social
CUST-2923,Maya Permana,Male,43,Bekasi,Jawa Barat,2023-12-07,Marketplace
CUST-2924,Krisna Suryadi,Male,35,Medan,Sumatera Utara,2025-05-06,TikTok Ads
CUST-2925,Tono Darmawan,Female,26,Bekasi,Jawa Barat,2025-04-14,TikTok Ads
CUST-2926,Adit Hartono,Female,41,Jakarta,DKI Jakarta,2023-10-28,Marketplace
CUST-2927,Bayu Pratama,Female,45,Pekanbaru,Riau,2024-05-15,Instagram Ads
CUST-2928,Cindy Kurniawan,Female,44,Jakarta,DKI Jakarta,2023-02-28,Instagram Ads
CUST-2929,Omar Wijaya,Male,26,Denpasar,Bali,2023-05-15,Referral
CUST-2930,Eka Pratama,Female,27,Surabaya,Jawa Timur,2025-01-01,Instagram Ads
CUST-2931,Zaki Darmawan,Female,25,Denpasar,Bali,2023-12-10,Instagram Ads
CUST-2932,Umar Nugroho,Female,34,Semarang,Jawa Tengah,2022-11-02,Marketplace
CUST-2933,Bagus Purnama,Male,36,Bandar Lampung,Lampung,2023-03-23,Referral
CUST-2934,Laras Maulana,Male,27,Semarang,Jawa Tengah,2023-04-06,Instagram Ads
CUST-2935,Joko Kusuma,Male,45,Jakarta,DKI Jakarta,2022-11-08,Instagram Ads
CUST-2936,Erik Hartono,Female,22,Bandung,Jawa Barat,2023-08-13,Instagram Ads
CUST-2937,Nanda Wijaya,Female,22,Jakarta,DKI Jakarta,2024-07-23,TikTok Ads
CUST-2938,Kevin Kurniawan,Female,39,Jakarta,DKI Jakarta,2024-08-26,Instagram Ads
CUST-2939,Cahya Maulana,Male,26,Jakarta,DKI Jakarta,2024-04-17,Referral
CUST-2940,Adit Lestari,Female,36,Jakarta,DKI Jakarta,2024-06-08,TikTok Ads
CUST-2941,Wawan Yulianti,Female,34,Medan,Sumatera Utara,2022-08-01,Google Search
CUST-2942,Zahra Darmawan,Female,33,Jakarta,DKI Jakarta,2024-12-31,Instagram Ads
CUST-2943,Rizky Purnama,Female,25,Yogyakarta,DI Yogyakarta,2023-04-25,Instagram Ads
CUST-2944,Hana Pratama,Male,34,Semarang,Jawa Tengah,2022-11-02,Organic Social
CUST-2945,Galih Nugroho,Male,44,Bandung,Jawa Barat,2023-12-25,Google Search
CUST-2946,Umar Utami,Female,19,Semarang,Jawa Tengah,2022-10-19,TikTok Ads
CUST-2947,Farah Yulianti,Male,43,Solo,Jawa Tengah,2023-03-24,Marketplace
CUST-2948,Joko Lestari,Female,39,Jakarta,DKI Jakarta,2024-06-08,Instagram Ads
CUST-2949,Jasmine Kurniawan,Male,23,Palembang,Sumatera Selatan,2023-12-05,Google Search
CUST-2950,Erik Suryadi,Female,45,Jakarta,DKI Jakarta,2023-12-09,Organic Social
CUST-2951,Prita Gunawan,Female,24,Surabaya,Jawa Timur,2022-07-17,TikTok Ads
CUST-2952,Nadia Prakoso,Female,21,Jakarta,DKI Jakarta,2023-02-23,TikTok Ads
CUST-2953,Yuni Purnama,Female,30,Semarang,Jawa Tengah,2023-03-02,TikTok Ads
CUST-2954,Hana Lestari,Female,22,Jakarta,DKI Jakarta,2022-08-15,Marketplace
CUST-2955,Ayu Darmawan,Female,32,Semarang,Jawa Tengah,2022-12-04,Referral
CUST-2956,Citra Yulianti,Male,27,tangerang,Banten,2025-06-02,Organic Social
CUST-2957,Dewi Kurniawan,Female,33,Solo,Jawa Tengah,2024-10-10,Instagram Ads
CUST-2958,Oki Anggraini,Female,19,Semarang,Jawa Tengah,2024-02-29,Organic Social
CUST-2959,Galih Permana,Male,22,Semarang,Jawa Tengah,2022-11-29,Google Search
CUST-2960,Laras Sukmawati,Female,20,Medan,Sumatera Utara,2022-11-23,Referral
CUST-2961,Erik Saputra,Female,42,semarang,Jawa Tengah,2023-07-18,Organic Social
CUST-2962,Doni Wijaya,Female,35,Solo,Jawa Tengah,2023-12-23,TikTok Ads
CUST-2963,Citra Kusuma,Male,32,Jakarta,DKI Jakarta,2025-08-19,Instagram Ads
CUST-2964,Wulan Suryadi,Female,24,Bogor,Jawa Barat,2023-05-11,Referral
CUST-2965,Nanda Darmawan,Female,29,Bekasi,Jawa Barat,2022-06-30,Instagram Ads
CUST-2966,Tono Sukmawati,Female,31,Jakarta,DKI Jakarta,2022-07-08,Referral
CUST-2967,Ivan Rahayu,Male,38,Surabaya,Jawa Timur,2023-10-04,Google Search
CUST-2968,Adit Pratama,Female,22,Bekasi,Jawa Barat,2022-12-02,Google Search
CUST-2969,Joko Prakoso,Female,43,Bogor,Jawa Barat,2022-12-07,Instagram Ads
CUST-2970,Taufik Setiawan,Male,42,Denpasar,Bali,2023-07-18,Marketplace
CUST-2971,Adit Setiawan,Male,38,Medan,Sumatera Utara,2024-12-28,Organic Social
CUST-2972,Guntur Kurniawan,Male,21,Bandung,Jawa Barat,2025-06-17,TikTok Ads
CUST-2973,Jasmine Hartono,Female,20,Yogyakarta,DI Yogyakarta,2023-11-11,Organic Social
CUST-2974,Hana Marliana,Female,26,Solo,Jawa Tengah,2025-04-20,Instagram Ads
CUST-2975,Fajar Lestari,Female,22,Bogor,Jawa Barat,2024-11-29,Instagram Ads
CUST-2976,Zahra Purnama,Male,29,Medan,Sumatera Utara,2024-06-26,Marketplace
CUST-2977,Sinta Pratama,Female,27,Bandung,Jawa Barat,2022-07-08,Instagram Ads
CUST-2978,Vina Wibowo,Female,32,Jakarta,DKI Jakarta,2023-10-03,Marketplace
CUST-2979,Ayu Maulana,Female,41,medan,Sumatera Utara,2023-10-26,TikTok Ads
CUST-2980,Reza Sukmawati,Female,23,Tangerang,Banten,2022-12-13,Instagram Ads
CUST-2981,Jasmine Halim,Male,41,Jakarta,DKI Jakarta,2025-06-09,Google Search
CUST-2982,Ayu Halim,Male,23,Semarang,Jawa Tengah,2024-01-13,Instagram Ads
CUST-2983,Indra Anggraini,Female,41,Bandung,Jawa Barat,2022-10-22,Instagram Ads
CUST-2984,Oki Gunawan,Female,24,palembang,Sumatera Selatan,2023-06-30,Marketplace
CUST-2985,Anwar Setiawan,Female,38,Jakarta,DKI Jakarta,2024-01-25,Marketplace
CUST-2986,Eka Firmansyah,Female,22,Semarang,Jawa Tengah,2024-04-10,Instagram Ads
CUST-2987,Guntur Marliana,Female,19,Makassar,Sulawesi Selatan,2024-04-01,TikTok Ads
CUST-2988,Rangga Maulana,Female,24,Malang,Jawa Timur,2022-10-03,TikTok Ads
CUST-2989,Fajar Pratama,Female,35,Jakarta,DKI Jakarta,2023-02-17,Instagram Ads
CUST-2990,Kevin Firmansyah,Female,23,Malang,Jawa Timur,2023-05-26,TikTok Ads
CUST-2991,Vero Gunawan,Female,27,bandung,Jawa Barat,2023-02-12,Instagram Ads
CUST-2992,Anwar Marliana,Male,26,tangerang,Banten,2024-11-08,Referral
CUST-2993,Hilda Permana,Female,42,Solo,Jawa Tengah,2023-11-12,Google Search
CUST-2994,Umar Wibowo,Female,26,Palembang,Sumatera Selatan,2024-11-17,Organic Social
CUST-2995,Wulan Sukmawati,Female,19,Jakarta,DKI Jakarta,2022-11-28,Organic Social
CUST-2996,Yuni Setiawan,Female,23,Solo,Jawa Tengah,2024-02-24,Marketplace
CUST-2997,Zahra Nugroho,Female,24,Jakarta,DKI Jakarta,2024-09-17,Referral
CUST-2998,Adit Rahayu,Male,24,Jakarta,DKI Jakarta,2024-12-26,TikTok Ads
CUST-2999,Joko Handoko,Male,41,Surabaya,Jawa Timur,2024-08-02,Instagram Ads
CUST-3000,Doni Rahayu,Male,32,Solo,Jawa Tengah,2024-11-22,Organic Social
CUST-3001,Kartika Purnama,Female,45,bandung,Jawa Barat,2024-01-22,Instagram Ads
CUST-3002,Umar Rahayu,Female,22,Jakarta,DKI Jakarta,2022-07-01,Google Search
CUST-3003,Cahya Saputra,Female,29,Solo,Jawa Tengah,2023-03-26,TikTok Ads
CUST-3004,Joko Nugroho,Male,43,Bandung,Jawa Barat,2024-10-06,Instagram Ads
CUST-3005,Yuni Kusuma,Male,38,Bandung,Jawa Barat,2024-11-03,TikTok Ads
CUST-3006,Sari Yulianti,Female,31,Medan,Sumatera Utara,2023-05-19,Instagram Ads
CUST-3007,Anwar Saputra,Female,41,Depok,Jawa Barat,2023-02-09,TikTok Ads
CUST-3008,Citra Utami,Female,19,Jakarta,DKI Jakarta,2023-03-28,TikTok Ads
CUST-3009,Wulan Santoso,Female,35,Bandung,Jawa Barat,2024-01-10,TikTok Ads
CUST-3010,Guntur Darmawan,Female,31,Bandung,Jawa Barat,2024-10-07,Instagram Ads
CUST-3011,Dinda Marliana,Male,24,Bogor,Jawa Barat,2022-12-24,TikTok Ads
CUST-3012,Guntur Pratama,Female,42,Jakarta,DKI Jakarta,2023-12-24,Instagram Ads
CUST-3013,Dinda Utami,Male,35,Surabaya,Jawa Timur,2024-02-27,TikTok Ads
CUST-3014,Dewi Cahyani,Female,20,Jakarta,DKI Jakarta,2025-03-31,Instagram Ads
CUST-3015,Dewi Santoso,Male,38,Medan,Sumatera Utara,2025-07-02,Instagram Ads
CUST-3016,Putri Nugroho,Female,34,Bandung,Jawa Barat,2022-06-28,Referral
CUST-3017,Krisna Maulana,Male,33,Yogyakarta,DI Yogyakarta,2022-12-20,Instagram Ads
CUST-3018,Yuni Ramadhan,Male,23,Bekasi,Jawa Barat,2024-08-03,Referral
CUST-3019,Reza Permana,Male,27,Solo,Jawa Tengah,2022-09-13,Organic Social
CUST-3020,Prita Nugroho,Female,30,Makassar,Sulawesi Selatan,2025-05-08,Instagram Ads
CUST-3021,Hana Pratama,Female,35,Balikpapan,Kalimantan Timur,2024-04-28,TikTok Ads
CUST-3022,Yoga Pratama,Male,45,Jakarta,DKI Jakarta,2025-05-18,TikTok Ads
CUST-3023,Bayu Nugroho,Male,33,Bekasi,Jawa Barat,2022-09-24,TikTok Ads
CUST-3024,Erik Halim,Female,38,Semarang,Jawa Tengah,2025-04-14,Instagram Ads
CUST-3025,Jihan Saputra,Female,34,Jakarta,DKI Jakarta,2024-07-26,TikTok Ads
CUST-3026,Gita Marliana,Female,32,Bogor,Jawa Barat,2022-08-22,Marketplace
CUST-3027,Krisna Gunawan,Female,40,Jakarta,DKI Jakarta,2024-01-09,Organic Social
CUST-3028,Sinta Handoko,Female,24,Yogyakarta,DI Yogyakarta,2025-03-22,Instagram Ads
CUST-3029,Kartika Prakoso,Female,31,Depok,Jawa Barat,2023-03-04,Instagram Ads
CUST-3030,Yuni Handoko,Male,43,Medan,Sumatera Utara,2024-07-27,TikTok Ads
CUST-3031,Taufik Gunawan,Female,44,Surabaya,Jawa Timur,2025-01-22,Instagram Ads
CUST-3032,Hilda Halim,Female,30,Makassar,Sulawesi Selatan,2023-01-29,Instagram Ads
CUST-3033,Rizky Santoso,Male,28,Jakarta,DKI Jakarta,2023-01-23,Instagram Ads
CUST-3034,Dinda Firmansyah,Female,20,Bandar Lampung,Lampung,2023-08-20,TikTok Ads
CUST-3035,Ulfa Nugroho,Female,25,Bandung,Jawa Barat,2023-04-17,Google Search
CUST-3036,Hesti Santoso,Female,36,Malang,Jawa Timur,2025-08-27,Instagram Ads
CUST-3037,Eka Prakoso,Male,38,Jakarta,DKI Jakarta,2023-01-06,Instagram Ads
CUST-3038,Rizky Suryadi,Female,30,Bogor,Jawa Barat,2022-09-04,Referral
CUST-3039,Vero Yulianti,Male,41,Bekasi,Jawa Barat,2025-07-01,Instagram Ads
CUST-3040,Adit Lestari,Female,36,Denpasar,Bali,2024-04-06,Instagram Ads
CUST-3041,Joko Suryadi,Male,32,Jakarta,DKI Jakarta,2023-12-18,TikTok Ads
CUST-3042,Putri Setiawan,Male,22,Depok,Jawa Barat,2024-10-17,TikTok Ads
CUST-3043,Doni Kurniawan,Female,43,Bekasi,Jawa Barat,2023-01-14,TikTok Ads
CUST-3044,Galih Rahayu,Female,30,Depok,Jawa Barat,2023-03-02,Instagram Ads
CUST-3045,Sinta Yulianti,Female,39,Surabaya,Jawa Timur,2023-04-13,Google Search
CUST-3046,Citra Darmawan,Female,28,Jakarta,DKI Jakarta,2024-07-25,Referral
CUST-3047,Cindy Gunawan,Female,33,Solo,Jawa Tengah,2023-12-26,Instagram Ads
CUST-3048,Hana Gunawan,Female,45,Jakarta,DKI Jakarta,2024-12-30,TikTok Ads
CUST-3049,Faisal Ramadhan,Female,39,Bandung,Jawa Barat,2025-02-09,Referral
CUST-3050,Anwar Kusuma,Female,26,jakarta,DKI Jakarta,2025-02-21,Organic Social
CUST-3051,Vero Anggraini,Male,35,Bandung,Jawa Barat,2022-10-28,Referral
CUST-3052,Zahra Wibowo,Female,29,Surabaya,Jawa Timur,2023-04-28,Referral
CUST-3053,Erik Permana,Male,24,Surabaya,Jawa Timur,2023-03-30,Marketplace
CUST-3054,Irfan Wibowo,Female,19,Yogyakarta,DI Yogyakarta,2024-10-25,Referral
CUST-3055,Wawan Saputra,Male,41,Jakarta,DKI Jakarta,2022-10-17,Referral
CUST-3056,Nadia Halim,Female,41,Balikpapan,Kalimantan Timur,2024-08-30,Instagram Ads
CUST-3057,Irfan Ramadhan,Male,38,Semarang,Jawa Tengah,2025-03-29,Referral
CUST-3058,Mega Ramadhan,Male,35,Depok,Jawa Barat,2025-04-24,Instagram Ads
CUST-3059,Adit Gunawan,Male,43,Jakarta,DKI Jakarta,2024-04-16,Organic Social
CUST-3060,Fajar Marliana,Female,37,Denpasar,Bali,2023-03-24,TikTok Ads
CUST-3061,Maya Ramadhan,Male,43,Bogor,Jawa Barat,2024-10-26,Google Search
CUST-3062,Hilda Anggraini,Female,34,Bandung,Jawa Barat,2024-12-09,TikTok Ads
CUST-3063,Guntur Pratama,Female,21,Bandung,Jawa Barat,2023-11-04,Instagram Ads
CUST-3064,Guntur Wibowo,Female,24,Bekasi,Jawa Barat,2023-11-14,Referral
CUST-3065,Reza Halim,Female,41,Jakarta,DKI Jakarta,2023-07-28,TikTok Ads
CUST-3066,Hilda Suryadi,Male,45,Jakarta,DKI Jakarta,2022-11-01,TikTok Ads
CUST-3067,Tono Kusuma,Female,24,Jakarta,DKI Jakarta,2025-03-04,Google Search
CUST-3068,Laras Setiawan,Female,45,Semarang,Jawa Tengah,2023-01-20,Instagram Ads
CUST-3069,Mega Handoko,Male,37,Surabaya,Jawa Timur,2022-12-30,Organic Social
CUST-3070,Adit Nugroho,Male,37,Jakarta,DKI Jakarta,2023-06-05,Marketplace
CUST-3071,Eka Wijaya,Male,27,Palembang,Sumatera Selatan,2023-06-13,TikTok Ads
CUST-3072,Nanda Yulianti,Female,43,Jakarta,DKI Jakarta,2022-10-25,Marketplace
CUST-3073,Wawan Ramadhan,Female,43,Surabaya,Jawa Timur,2023-07-03,Instagram Ads
CUST-3074,Endah Kusuma,Female,24,Jakarta,DKI Jakarta,2025-09-07,Instagram Ads
CUST-3075,Doni Kusuma,Female,22,Bandung,Jawa Barat,2025-08-26,Google Search
CUST-3076,Oki Purnama,Male,36,Bekasi,Jawa Barat,2024-11-04,Instagram Ads
CUST-3077,Omar Sukmawati,Female,24,Surabaya,Jawa Timur,2024-03-27,Google Search
CUST-3078,Nadia Utami,Female,38,Solo,Jawa Tengah,2024-03-27,Instagram Ads
CUST-3079,Laras Nugroho,Female,21,Tangerang,Banten,2025-03-07,Organic Social
CUST-3080,Citra Wijaya,Female,43,Jakarta,DKI Jakarta,2022-09-06,Instagram Ads
CUST-3081,Kartika Anggraini,Female,39,Surabaya,Jawa Timur,2024-10-07,Organic Social
CUST-3082,Rangga Hartono,Female,25,Semarang,Jawa Tengah,2024-02-13,Referral
CUST-3083,Jihan Maulana,Female,19,Medan,Sumatera Utara,2022-07-18,TikTok Ads
CUST-3084,Guntur Pratama,Male,43,Jakarta,DKI Jakarta,2025-03-11,Instagram Ads
CUST-3085,Nadia Wijaya,Female,45,Semarang,Jawa Tengah,2022-12-29,Instagram Ads
CUST-3086,Putri Hartono,Male,28,Bekasi,Jawa Barat,2024-06-30,Instagram Ads
CUST-3087,Irfan Kusuma,Male,37,Bandung,Jawa Barat,2025-08-16,TikTok Ads
CUST-3088,Eka Wijaya,Female,24,Jakarta,DKI Jakarta,2023-07-28,Instagram Ads
CUST-3089,Hilda Sukmawati,Female,20,Surabaya,Jawa Timur,2024-04-09,Instagram Ads
CUST-3090,Oki Handoko,Male,40,Unknown,Jawa Barat,2024-04-03,TikTok Ads
CUST-3091,Nanda Hartono,Male,28,Yogyakarta,DI Yogyakarta,2025-07-10,Instagram Ads
CUST-3092,Ayu Kurniawan,Male,28,Bekasi,Jawa Barat,2023-06-30,Instagram Ads
CUST-3093,Yoga Sukmawati,Male,19,Surabaya,Jawa Timur,2022-06-15,TikTok Ads
CUST-3094,Sari Santoso,Female,44,Denpasar,Bali,2023-02-06,Instagram Ads
CUST-3095,Vina Kurniawan,Male,43,Medan,Sumatera Utara,2024-11-26,Organic Social
CUST-3096,Galih Wibowo,Male,22,Medan,Sumatera Utara,2023-03-02,Instagram Ads
CUST-3097,Jasmine Pratama,Male,27,Yogyakarta,DI Yogyakarta,2024-02-23,TikTok Ads
CUST-3098,Doni Lestari,Male,37,Medan,Sumatera Utara,2023-12-02,Google Search
CUST-3099,Ulfa Utami,Female,31,Depok,Jawa Barat,2025-09-13,Instagram Ads
CUST-3100,Sari Suryadi,Female,32,Surabaya,Jawa Timur,2024-08-29,TikTok Ads
CUST-3101,Gita Marliana,Male,31,Denpasar,Bali,2025-04-07,Marketplace
CUST-3102,Bagus Pratama,Female,44,tangerang,Banten,2024-10-19,Google Search
CUST-3103,Sari Wijaya,Male,29,Jakarta,DKI Jakarta,2025-05-27,Instagram Ads
CUST-3104,Yuni Pratama,Female,26,Tangerang,Banten,2022-10-07,TikTok Ads
CUST-3105,Putri Ramadhan,Female,39,Bandung,Jawa Barat,2023-03-13,Organic Social
CUST-3106,Indra Hidayat,Female,37,Semarang,Jawa Tengah,2024-11-21,TikTok Ads
CUST-3107,Joko Santoso,Male,27,Solo,Jawa Tengah,2024-07-06,TikTok Ads
CUST-3108,Kevin Setiawan,Male,40,Jakarta,DKI Jakarta,2023-11-03,Organic Social
CUST-3109,Cindy Maulana,Female,36,Medan,Sumatera Utara,2022-06-16,TikTok Ads
CUST-3110,Zahra Kusuma,Female,25,Surabaya,Jawa Timur,2025-08-20,Google Search
CUST-3111,Dewi Kusuma,Female,30,Solo,Jawa Tengah,2024-10-28,TikTok Ads
CUST-3112,Ivan Lestari,Male,27,Tangerang,Banten,2024-01-15,Google Search
CUST-3113,Yoga Setiawan,Male,35,Depok,Jawa Barat,2024-06-05,Instagram Ads
CUST-3114,Beni Kusuma,Male,34,Bekasi,Jawa Barat,2024-11-12,Instagram Ads
CUST-3115,Kartika Gunawan,Female,40,Semarang,Jawa Tengah,2024-08-23,TikTok Ads
CUST-3116,Ayu Kusuma,Male,21,Jakarta,DKI Jakarta,2024-03-15,Google Search
CUST-3117,Yuni Sukmawati,Female,22,Jakarta,DKI Jakarta,2024-05-18,Organic Social
CUST-3118,Krisna Maulana,Female,28,Bandar Lampung,Lampung,2024-09-08,Instagram Ads
CUST-3119,Kartika Yulianti,Male,21,Bekasi,Jawa Barat,2023-06-05,Instagram Ads
CUST-3120,Adit Yulianti,Female,37,bandar lampung,Lampung,2022-11-26,Instagram Ads
CUST-3121,Cindy Halim,Female,45,Tangerang,Banten,2024-10-03,TikTok Ads
CUST-3122,Zaki Maulana,Male,20,Jakarta,DKI Jakarta,2024-05-02,Instagram Ads
CUST-3123,Omar Santoso,Male,19,Jakarta,DKI Jakarta,2024-01-05,Instagram Ads
CUST-3124,Jihan Hartono,Female,30,Bekasi,Jawa Barat,2025-08-21,Instagram Ads
CUST-3125,Farah Pratama,Female,37,Jakarta,DKI Jakarta,2025-01-05,Referral
CUST-3126,Sinta Wijaya,Male,23,Surabaya,Jawa Timur,2022-07-14,TikTok Ads
CUST-3127,Erik Wijaya,Male,42,Bandung,Jawa Barat,2023-01-14,TikTok Ads
CUST-3128,Vero Gunawan,Female,25,Surabaya,Jawa Timur,2023-02-21,Instagram Ads
CUST-3129,Fajar Anggraini,Female,25,Medan,Sumatera Utara,2023-09-11,Organic Social
CUST-3130,Hilda Saputra,Male,25,Denpasar,Bali,2023-08-31,Organic Social
CUST-3131,Umar Halim,Female,21,Jakarta,DKI Jakarta,2023-11-13,Marketplace
CUST-3132,Jasmine Sukmawati,Female,45,Tangerang,Banten,2024-08-05,Instagram Ads
CUST-3133,Faisal Maulana,Male,31,Jakarta,DKI Jakarta,2025-01-18,Organic Social
CUST-3134,Nadia Permana,Male,25,Bekasi,Jawa Barat,2024-10-12,Instagram Ads
CUST-3135,Vina Handoko,Male,44,Solo,Jawa Tengah,2023-12-21,TikTok Ads
CUST-3136,Galih Hartono,Female,21,Semarang,Jawa Tengah,2024-11-20,Google Search
CUST-3137,Tono Setiawan,Male,20,Jakarta,DKI Jakarta,2024-02-04,Instagram Ads
CUST-3138,Sari Gunawan,Female,34,Bandung,Jawa Barat,2023-11-30,TikTok Ads
CUST-3139,Doni Purnama,Female,31,Bandung,Jawa Barat,2023-07-08,Referral
CUST-3140,Yoga Utami,Male,43,Jakarta,DKI Jakarta,2024-06-05,TikTok Ads
CUST-3141,Endah Kusuma,Female,20,Bekasi,Jawa Barat,2024-10-04,Instagram Ads
CUST-3142,Adit Hartono,Female,19,Unknown,Jawa Timur,2023-11-28,TikTok Ads
CUST-3143,Sari Kusuma,Male,29,Yogyakarta,DI Yogyakarta,2024-04-21,Instagram Ads
CUST-3144,Erik Yulianti,Female,37,Tangerang,Banten,2023-09-24,Instagram Ads
CUST-3145,Dewi Permana,Female,27,Bekasi,Jawa Barat,2025-02-01,TikTok Ads
CUST-3146,Hesti Kurniawan,Male,28,Denpasar,Bali,2024-09-18,TikTok Ads
CUST-3147,Jihan Darmawan,Female,42,Bandung,Jawa Barat,2024-12-23,TikTok Ads
CUST-3148,Farah Anggraini,Male,27,Denpasar,Bali,2024-05-20,Instagram Ads
CUST-3149,Beni Santoso,Female,44,Malang,Jawa Timur,2023-09-22,TikTok Ads
CUST-3150,Nadia Purnama,Female,45,Bandung,Jawa Barat,2022-11-26,Instagram Ads
CUST-3151,Erik Nugroho,Female,41,Jakarta,DKI Jakarta,2024-12-14,Instagram Ads
CUST-3152,Erik Setiawan,Female,33,Semarang,Jawa Tengah,2024-04-16,TikTok Ads
CUST-3153,Cindy Lestari,Female,43,Bandung,Jawa Barat,2023-09-27,Organic Social
CUST-3154,Putri Saputra,Female,32,Jakarta,DKI Jakarta,2023-10-21,Instagram Ads
CUST-3155,Faisal Cahyani,Male,19,Yogyakarta,DI Yogyakarta,2024-11-18,Organic Social
CUST-3156,Bayu Maulana,Male,24,Palembang,Sumatera Selatan,2025-06-27,Organic Social
CUST-3157,Bagus Darmawan,Male,43,Yogyakarta,DI Yogyakarta,2025-08-20,TikTok Ads
CUST-3158,Wawan Ramadhan,Female,25,Semarang,Jawa Tengah,2025-04-04,Google Search
CUST-3159,Nanda Permana,Female,25,Bogor,Jawa Barat,2024-08-02,Referral
CUST-3160,Ayu Pratama,Male,35,Jakarta,DKI Jakarta,2025-04-20,Referral
CUST-3161,Laras Halim,Male,40,Bandung,Jawa Barat,2024-03-22,Instagram Ads
CUST-3162,Citra Darmawan,Female,39,Jakarta,DKI Jakarta,2024-12-19,Referral
CUST-3163,Ayu Saputra,Male,33,Jakarta,DKI Jakarta,2024-08-31,Instagram Ads
CUST-3164,Taufik Marliana,Female,24,Jakarta,DKI Jakarta,2022-10-21,Organic Social
CUST-3165,Erik Hartono,Male,43,Yogyakarta,DI Yogyakarta,2025-09-01,Instagram Ads
CUST-3166,Joko Maulana,Male,34,Solo,Jawa Tengah,2025-06-03,Referral
CUST-3167,Endah Sukmawati,Male,26,Balikpapan,Kalimantan Timur,2023-07-23,Marketplace
CUST-3168,Kartika Wibowo,Male,28,Jakarta,DKI Jakarta,2024-10-14,Google Search
CUST-3169,Sinta Utami,Male,37,Jakarta,DKI Jakarta,2023-07-28,Marketplace
CUST-3170,Prita Hartono,Male,28,Jakarta,DKI Jakarta,2023-09-30,Referral
CUST-3171,Doni Pratama,Male,38,Jakarta,DKI Jakarta,2024-06-04,Marketplace
CUST-3172,Maya Pratama,Male,45,Medan,Sumatera Utara,2022-10-09,TikTok Ads
CUST-3173,Jasmine Rahayu,Female,27,Solo,Jawa Tengah,2025-05-22,Referral
CUST-3174,Guntur Cahyani,Male,41,Bandung,Jawa Barat,2023-10-16,Referral
CUST-3175,Hesti Handoko,Male,22,Bekasi,Jawa Barat,2025-01-10,Marketplace
CUST-3176,Taufik Nugroho,Male,27,Surabaya,Jawa Timur,2024-07-11,TikTok Ads
CUST-3177,Dewi Nugroho,Male,43,Denpasar,Bali,2025-08-31,TikTok Ads
CUST-3178,Farah Firmansyah,Male,40,Bogor,Jawa Barat,2025-09-02,TikTok Ads
CUST-3179,Faisal Wijaya,Male,43,Bandung,Jawa Barat,2023-07-15,Marketplace
CUST-3180,Dewi Saputra,Male,20,Solo,Jawa Tengah,2024-09-22,Instagram Ads
CUST-3181,Ayu Halim,Female,21,Makassar,Sulawesi Selatan,2022-08-04,TikTok Ads
CUST-3182,Tono Prakoso,Female,39,Medan,Sumatera Utara,2024-09-27,Instagram Ads
CUST-3183,Ivan Rahayu,Male,19,Semarang,Jawa Tengah,2022-08-01,Google Search
CUST-3184,Sari Santoso,Female,39,balikpapan,Kalimantan Timur,2025-08-01,Instagram Ads
CUST-3185,Nadia Marliana,Male,40,Semarang,Jawa Tengah,2024-10-14,Organic Social
CUST-3186,Adit Setiawan,Male,31,Bogor,Jawa Barat,2023-05-18,Instagram Ads
CUST-3187,Prita Darmawan,Female,22,Jakarta,DKI Jakarta,2022-07-05,Organic Social
CUST-3188,Nanda Lestari,Female,27,Solo,Jawa Tengah,2024-10-10,Organic Social
CUST-3189,Taufik Prakoso,Male,29,Surabaya,Jawa Timur,2023-06-12,Organic Social
CUST-3190,Cahya Ramadhan,Female,42,Palembang,Sumatera Selatan,2022-11-14,Marketplace
CUST-3191,Nadia Pratama,Male,30,Jakarta,DKI Jakarta,2023-04-29,Google Search
CUST-3192,Adit Kusuma,Male,33,Pekanbaru,Riau,2023-04-16,Google Search
CUST-3193,Dewi Utami,Female,45,Bandung,Jawa Barat,2024-12-11,Google Search
CUST-3194,Rizky Lestari,Female,43,Denpasar,Bali,2024-12-06,Instagram Ads
CUST-3195,Zahra Maulana,Female,30,Bekasi,Jawa Barat,2024-02-22,Instagram Ads
CUST-3196,Sari Ramadhan,Male,44,Bekasi,Jawa Barat,2025-05-27,Instagram Ads
CUST-3197,Irfan Rahayu,Male,27,Bandung,Jawa Barat,2024-08-28,TikTok Ads
CUST-3198,Zaki Hidayat,Female,34,Jakarta,DKI Jakarta,2025-08-11,Marketplace
CUST-3199,Cindy Wibowo,Male,23,Surabaya,Jawa Timur,2023-04-08,TikTok Ads
CUST-3200,Zaki Purnama,Female,37,Yogyakarta,DI Yogyakarta,2025-05-19,TikTok Ads
CUST-3201,Lukman Hartono,Female,20,depok,Jawa Barat,2023-05-23,TikTok Ads
CUST-3202,Bayu Wibowo,Female,23,Jakarta,DKI Jakarta,2024-09-19,Instagram Ads
CUST-3203,Yuni Wibowo,Male,24,Yogyakarta,DI Yogyakarta,2025-08-09,Google Search
CUST-3204,Wulan Setiawan,Male,42,Medan,Sumatera Utara,2023-04-13,Instagram Ads
CUST-3205,Endah Cahyani,Male,31,Bandung,Jawa Barat,2025-07-07,TikTok Ads
CUST-3206,Hana Utami,Male,32,Makassar,Sulawesi Selatan,2024-07-02,Instagram Ads
CUST-3207,Nadia Prakoso,Male,44,Jakarta,DKI Jakarta,2025-05-07,Instagram Ads
CUST-3208,Joko Halim,Male,43,Bandung,Jawa Barat,2025-05-17,TikTok Ads
CUST-3209,Sinta Cahyani,Female,20,Unknown,DKI Jakarta,2022-10-15,TikTok Ads
CUST-3210,Sinta Utami,Male,28,Surabaya,Jawa Timur,2022-10-16,Organic Social
CUST-3211,Nanda Rahayu,Female,28,Malang,Jawa Timur,2025-07-30,Organic Social
CUST-3212,Indra Wijaya,Male,45,yogyakarta,DI Yogyakarta,2023-04-08,Google Search
CUST-3213,Yoga Yulianti,Male,31,Semarang,Jawa Tengah,2024-04-01,Google Search
CUST-3214,Vero Firmansyah,Male,29,Tangerang,Banten,2024-01-29,Instagram Ads
CUST-3215,Kevin Suryadi,Female,26,semarang,Jawa Tengah,2023-09-22,Marketplace
CUST-3216,Omar Wibowo,Male,27,Surabaya,Jawa Timur,2022-12-27,Instagram Ads
CUST-3217,Farah Gunawan,Male,45,Pekanbaru,Riau,2025-06-21,TikTok Ads
CUST-3218,Prita Kurniawan,Female,40,Jakarta,DKI Jakarta,2022-06-09,Instagram Ads
CUST-3219,Wawan Suryadi,Female,35,Makassar,Sulawesi Selatan,2024-09-15,Instagram Ads
CUST-3220,Beni Permana,Male,19,Bekasi,Jawa Barat,2024-01-16,TikTok Ads
CUST-3221,Faisal Ramadhan,Female,21,Jakarta,DKI Jakarta,2023-05-01,Google Search
CUST-3222,Maya Firmansyah,Female,34,Bogor,Jawa Barat,2022-12-16,Instagram Ads
CUST-3223,Laras Darmawan,Female,32,Yogyakarta,DI Yogyakarta,2024-05-17,Google Search
CUST-3224,Erik Purnama,Male,45,Balikpapan,Kalimantan Timur,2023-03-28,Google Search
CUST-3225,Cindy Saputra,Female,25,Jakarta,DKI Jakarta,2023-07-12,Instagram Ads
CUST-3226,Doni Permana,Male,28,Jakarta,DKI Jakarta,2024-01-23,TikTok Ads
CUST-3227,Jihan Maulana,Female,19,Jakarta,DKI Jakarta,2023-12-07,Organic Social
CUST-3228,Faisal Maulana,Male,19,Bekasi,Jawa Barat,2024-03-07,TikTok Ads
CUST-3229,Jasmine Cahyani,Male,39,Bekasi,Jawa Barat,2022-10-25,Google Search
CUST-3230,Sinta Kusuma,Female,41,Bekasi,Jawa Barat,2024-06-01,Organic Social
CUST-3231,Rangga Wijaya,Female,31,Medan,Sumatera Utara,2022-11-08,Google Search
CUST-3232,Yoga Santoso,Female,30,Jakarta,DKI Jakarta,2024-05-26,Referral
CUST-3233,Vero Yulianti,Male,33,Depok,Jawa Barat,2024-03-19,Google Search
CUST-3234,Dewi Firmansyah,Male,22,Denpasar,Bali,2023-10-23,TikTok Ads
CUST-3235,Erik Yulianti,Female,37,Yogyakarta,DI Yogyakarta,2022-09-12,Instagram Ads
CUST-3236,Zahra Utami,Female,27,Bandung,Jawa Barat,2024-02-29,Google Search
CUST-3237,Bagus Ramadhan,Female,21,Depok,Jawa Barat,2025-06-23,Instagram Ads
CUST-3238,Putri Rahayu,Male,42,Surabaya,Jawa Timur,2023-04-25,TikTok Ads
CUST-3239,Ulfa Sukmawati,Female,27,Depok,Jawa Barat,2025-07-10,Instagram Ads
CUST-3240,Nadia Cahyani,Female,31,Surabaya,Jawa Timur,2025-06-11,TikTok Ads
CUST-3241,Nanda Handoko,Female,32,Balikpapan,Kalimantan Timur,2024-07-22,Instagram Ads
CUST-3242,Nadia Anggraini,Female,20,Jakarta,DKI Jakarta,2024-10-03,Instagram Ads
CUST-3243,Erik Maulana,Male,20,Bogor,Jawa Barat,2025-03-27,TikTok Ads
CUST-3244,Cindy Ramadhan,Female,20,Semarang,Jawa Tengah,2025-07-18,Referral
CUST-3245,Prita Marliana,Female,42,Medan,Sumatera Utara,2022-12-07,Marketplace
CUST-3246,Joko Yulianti,Female,40,Malang,Jawa Timur,2022-11-09,TikTok Ads
CUST-3247,Dewi Lestari,Female,36,Jakarta,DKI Jakarta,2024-04-17,Instagram Ads
CUST-3248,Ayu Wijaya,Male,22,Surabaya,Jawa Timur,2023-06-17,Instagram Ads
CUST-3249,Irfan Suryadi,Female,29,Yogyakarta,DI Yogyakarta,2023-04-22,Referral
CUST-3250,Wulan Cahyani,Female,27,Yogyakarta,DI Yogyakarta,2023-12-11,Marketplace
CUST-3251,Jasmine Firmansyah,Male,40,Jakarta,DKI Jakarta,2025-05-25,Organic Social
CUST-3252,Omar Purnama,Female,42,Unknown,DKI Jakarta,2022-10-09,TikTok Ads
CUST-3253,Rizky Maulana,Female,44,Bandung,Jawa Barat,2023-12-10,Instagram Ads
CUST-3254,Kevin Pratama,Female,43,Surabaya,Jawa Timur,2023-10-22,TikTok Ads
CUST-3255,Umar Pratama,Male,21,Solo,Jawa Tengah,2023-03-10,Instagram Ads
CUST-3256,Rizky Rahayu,Male,19,Yogyakarta,DI Yogyakarta,2025-07-12,TikTok Ads
CUST-3257,Putri Maulana,Female,20,Bandung,Jawa Barat,2022-09-15,Organic Social
CUST-3258,Prita Maulana,Male,39,Surabaya,Jawa Timur,2023-02-20,Instagram Ads
CUST-3259,Mega Wijaya,Male,19,Jakarta,DKI Jakarta,2025-06-21,Google Search
CUST-3260,Joko Gunawan,Male,26,Solo,Jawa Tengah,2022-09-29,Instagram Ads
CUST-3261,Endah Darmawan,Female,25,Makassar,Sulawesi Selatan,2024-04-25,TikTok Ads
CUST-3262,Dinda Kusuma,Female,22,Yogyakarta,DI Yogyakarta,2024-06-20,Marketplace
CUST-3263,Endah Gunawan,Female,23,Jakarta,DKI Jakarta,2025-05-28,Marketplace
CUST-3264,Prita Purnama,Male,27,Unknown,Riau,2024-01-26,Marketplace
CUST-3265,Tono Kurniawan,Male,38,Jakarta,DKI Jakarta,2024-01-07,TikTok Ads
CUST-3266,Vero Setiawan,Female,39,Semarang,Jawa Tengah,2023-02-10,Google Search
CUST-3267,Farah Permana,Female,28,Bandung,Jawa Barat,2024-05-18,Referral
CUST-3268,Taufik Gunawan,Female,24,Unknown,Jawa Timur,2024-09-09,Instagram Ads
CUST-3269,Adit Utami,Female,41,Yogyakarta,DI Yogyakarta,2025-03-10,Marketplace
CUST-3270,Bagus Anggraini,Male,28,Surabaya,Jawa Timur,2024-10-08,Instagram Ads
CUST-3271,Maya Gunawan,Male,31,Yogyakarta,DI Yogyakarta,2023-04-12,Organic Social
CUST-3272,Maya Ramadhan,Female,21,Jakarta,DKI Jakarta,2025-03-29,Instagram Ads
CUST-3273,Citra Wijaya,Female,44,Surabaya,Jawa Timur,2022-12-02,TikTok Ads
CUST-3274,Eka Saputra,Female,24,surabaya,Jawa Timur,2022-10-05,Instagram Ads
CUST-3275,Rangga Sukmawati,Female,20,Bandung,Jawa Barat,2024-11-22,Referral
CUST-3276,Vina Sukmawati,Male,33,Jakarta,DKI Jakarta,2024-03-17,TikTok Ads
CUST-3277,Jihan Wibowo,Male,35,Medan,Sumatera Utara,2022-11-11,TikTok Ads
CUST-3278,Citra Lestari,Male,31,Unknown,Jawa Barat,2024-02-06,TikTok Ads
CUST-3279,Galih Hidayat,Female,29,Jakarta,DKI Jakarta,2023-09-25,Google Search
CUST-3280,Endah Wijaya,Female,19,Semarang,Jawa Tengah,2024-08-19,Organic Social
CUST-3281,Jihan Hidayat,Male,44,Balikpapan,Kalimantan Timur,2025-02-04,Instagram Ads
CUST-3282,Zaki Maulana,Female,24,Jakarta,DKI Jakarta,2022-12-23,TikTok Ads
CUST-3283,Nanda Yulianti,Male,38,Jakarta,DKI Jakarta,2023-03-22,Referral
CUST-3284,Krisna Kurniawan,Female,20,Jakarta,DKI Jakarta,2024-09-07,Instagram Ads
CUST-3285,Endah Wibowo,Male,44,Jakarta,DKI Jakarta,2023-05-02,Google Search
CUST-3286,Putri Hartono,Female,33,Medan,Sumatera Utara,2023-06-18,Marketplace
CUST-3287,Indra Utami,Male,39,Jakarta,DKI Jakarta,2025-05-31,Referral
CUST-3288,Omar Saputra,Female,19,Jakarta,DKI Jakarta,2022-12-10,Instagram Ads
CUST-3289,Umar Suryadi,Female,23,Depok,Jawa Barat,2025-04-23,Google Search
CUST-3290,Taufik Suryadi,Female,38,Medan,Sumatera Utara,2025-05-11,TikTok Ads
CUST-3291,Indra Marliana,Female,27,Bandung,Jawa Barat,2022-11-20,TikTok Ads
CUST-3292,Omar Santoso,Female,37,Palembang,Sumatera Selatan,2024-11-23,Instagram Ads
CUST-3293,Beni Permana,Female,41,balikpapan,Kalimantan Timur,2023-02-10,Marketplace
CUST-3294,Prita Sukmawati,Female,43,Jakarta,DKI Jakarta,2023-04-13,Organic Social
CUST-3295,Eka Maulana,Female,33,Palembang,Sumatera Selatan,2025-03-06,Organic Social
CUST-3296,Wulan Suryadi,Male,31,Semarang,Jawa Tengah,2022-08-09,Instagram Ads
CUST-3297,Rizky Yulianti,Female,30,Depok,Jawa Barat,2022-06-08,Instagram Ads
CUST-3298,Prita Permana,Male,44,Makassar,Sulawesi Selatan,2023-05-14,Instagram Ads
CUST-3299,Indra Marliana,Male,28,Bogor,Jawa Barat,2025-01-24,TikTok Ads
CUST-3300,Kartika Maulana,Female,43,Jakarta,DKI Jakarta,2024-11-06,TikTok Ads
CUST-3301,Erik Kusuma,Male,45,Jakarta,DKI Jakarta,2025-08-09,Instagram Ads
CUST-3302,Yuni Firmansyah,Female,35,jakarta,DKI Jakarta,2024-09-07,Organic Social
CUST-3303,Bayu Sukmawati,Male,44,Unknown,Jawa Barat,2024-09-04,Instagram Ads
CUST-3304,Nanda Nugroho,Female,34,Medan,Sumatera Utara,2023-11-30,TikTok Ads
CUST-3305,Jihan Cahyani,Male,42,Unknown,DKI Jakarta,2025-08-12,Instagram Ads
CUST-3306,Cindy Purnama,Female,41,Solo,Jawa Tengah,2022-11-06,Referral
CUST-3307,Cahya Ramadhan,Female,28,Palembang,Sumatera Selatan,2024-03-04,Instagram Ads
CUST-3308,Oki Purnama,Female,23,Bogor,Jawa Barat,2024-11-10,Instagram Ads
CUST-3309,Vero Kurniawan,Female,41,Surabaya,Jawa Timur,2023-02-23,Organic Social
CUST-3310,Tono Setiawan,Male,22,depok,Jawa Barat,2022-10-31,Marketplace
CUST-3311,Doni Maulana,Female,21,jakarta,DKI Jakarta,2022-07-04,Referral
CUST-3312,Ivan Cahyani,Female,25,Solo,Jawa Tengah,2023-05-01,Marketplace
CUST-3313,Ayu Cahyani,Female,39,Pekanbaru,Riau,2024-02-05,TikTok Ads
CUST-3314,Ivan Halim,Female,35,Yogyakarta,DI Yogyakarta,2025-03-03,Marketplace
CUST-3315,Dewi Lestari,Female,36,Unknown,DKI Jakarta,2024-12-09,Google Search
CUST-3316,Ulfa Santoso,Female,35,Solo,Jawa Tengah,2024-01-16,Marketplace
CUST-3317,Endah Sukmawati,Female,30,Jakarta,DKI Jakarta,2023-11-06,Marketplace
CUST-3318,Hesti Maulana,Female,43,Medan,Sumatera Utara,2023-12-08,Referral
CUST-3319,Taufik Setiawan,Male,31,Makassar,Sulawesi Selatan,2025-08-05,Instagram Ads
CUST-3320,Dewi Prakoso,Female,31,Jakarta,DKI Jakarta,2024-11-27,TikTok Ads
CUST-3321,Adit Nugroho,Female,31,Medan,Sumatera Utara,2023-03-16,TikTok Ads
CUST-3322,Sari Lestari,Male,40,Surabaya,Jawa Timur,2024-03-14,TikTok Ads
CUST-3323,Hilda Suryadi,Female,43,Bandar Lampung,Lampung,2024-08-25,TikTok Ads
CUST-3324,Adit Wijaya,Female,32,Solo,Jawa Tengah,2023-05-19,TikTok Ads
CUST-3325,Farah Halim,Male,32,Surabaya,Jawa Timur,2025-05-03,Instagram Ads
CUST-3326,Gita Halim,Female,30,Jakarta,DKI Jakarta,2022-10-25,Instagram Ads
CUST-3327,Omar Suryadi,Female,43,Bandung,Jawa Barat,2024-02-10,Marketplace
CUST-3328,Citra Pratama,Female,32,Jakarta,DKI Jakarta,2023-07-19,TikTok Ads
CUST-3329,Doni Pratama,Male,20,Jakarta,DKI Jakarta,2024-03-13,Marketplace
CUST-3330,Sari Halim,Male,28,Surabaya,Jawa Timur,2022-09-02,Marketplace
CUST-3331,Wawan Sukmawati,Female,20,Semarang,Jawa Tengah,2024-09-20,Instagram Ads
CUST-3332,Sari Sukmawati,Female,38,Makassar,Sulawesi Selatan,2025-05-31,Instagram Ads
CUST-3333,Eka Prakoso,Female,43,Bandung,Jawa Barat,2025-08-28,Google Search
CUST-3334,Wawan Halim,Male,23,Medan,Sumatera Utara,2025-08-23,Google Search
CUST-3335,Umar Lestari,Female,27,Jakarta,DKI Jakarta,2024-06-12,Marketplace
CUST-3336,Galih Permana,Male,31,Yogyakarta,DI Yogyakarta,2024-05-25,Marketplace
CUST-3337,Oki Purnama,Female,34,Solo,Jawa Tengah,2022-06-30,Instagram Ads
CUST-3338,Cindy Halim,Male,39,Jakarta,DKI Jakarta,2024-04-20,Google Search
CUST-3339,Reza Handoko,Male,27,Surabaya,Jawa Timur,2023-05-12,Organic Social
CUST-3340,Nadia Darmawan,Male,30,Jakarta,DKI Jakarta,2023-09-21,Instagram Ads
CUST-3341,Oki Nugroho,Female,28,Semarang,Jawa Tengah,2022-07-06,Google Search
CUST-3342,Zaki Hartono,Female,36,Surabaya,Jawa Timur,2024-12-28,TikTok Ads
CUST-3343,Jasmine Ramadhan,Female,32,Pekanbaru,Riau,2024-02-23,TikTok Ads
CUST-3344,Erik Hartono,Female,43,Jakarta,DKI Jakarta,2022-06-08,TikTok Ads
CUST-3345,Gita Purnama,Male,44,Makassar,Sulawesi Selatan,2024-08-20,TikTok Ads
CUST-3346,Reza Gunawan,Female,32,Bandung,Jawa Barat,2023-08-25,Referral
CUST-3347,Tono Kurniawan,Female,32,Surabaya,Jawa Timur,2023-12-26,TikTok Ads
CUST-3348,Lukman Prakoso,Female,19,jakarta,DKI Jakarta,2024-11-25,Google Search
CUST-3349,Irfan Yulianti,Female,44,Denpasar,Bali,2022-11-25,Referral
CUST-3350,Rizky Prakoso,Female,43,Yogyakarta,DI Yogyakarta,2025-03-22,TikTok Ads
CUST-3351,Bagus Kurniawan,Female,36,Bandung,Jawa Barat,2024-03-01,TikTok Ads
CUST-3352,Faisal Nugroho,Female,23,Jakarta,DKI Jakarta,2023-03-01,TikTok Ads
CUST-3353,Oki Suryadi,Female,23,Yogyakarta,DI Yogyakarta,2025-08-30,Referral
CUST-3354,Citra Lestari,Male,44,Medan,Sumatera Utara,2022-08-13,Organic Social
CUST-3355,Hilda Setiawan,Male,33,Malang,Jawa Timur,2025-06-15,Instagram Ads
CUST-3356,Prita Yulianti,Male,41,Yogyakarta,DI Yogyakarta,2024-12-01,TikTok Ads
CUST-3357,Dinda Marliana,Female,35,Yogyakarta,DI Yogyakarta,2024-03-04,Organic Social
CUST-3358,Hesti Santoso,Male,42,semarang,Jawa Tengah,2022-08-21,TikTok Ads
CUST-3359,Zaki Rahayu,Male,36,Jakarta,DKI Jakarta,2025-03-08,Marketplace
CUST-3360,Hesti Hidayat,Female,45,Bekasi,Jawa Barat,2024-08-08,Google Search
CUST-3361,Taufik Suryadi,Female,23,Surabaya,Jawa Timur,2023-07-26,TikTok Ads
CUST-3362,Prita Yulianti,Male,24,Jakarta,DKI Jakarta,2024-08-26,Google Search
CUST-3363,Jihan Nugroho,Male,36,Jakarta,DKI Jakarta,2024-04-14,Instagram Ads
CUST-3364,Beni Darmawan,Female,31,Medan,Sumatera Utara,2025-06-10,Instagram Ads
CUST-3365,Ayu Wibowo,Male,34,Bekasi,Jawa Barat,2022-07-25,Referral
CUST-3366,Indra Utami,Male,20,Bogor,Jawa Barat,2022-08-15,TikTok Ads
CUST-3367,Oki Utami,Female,36,Jakarta,DKI Jakarta,2025-07-11,Instagram Ads
CUST-3368,Jasmine Wijaya,Male,38,Tangerang,Banten,2024-11-11,Instagram Ads
CUST-3369,Bayu Handoko,Female,33,Bandung,Jawa Barat,2024-10-09,TikTok Ads
CUST-3370,Ulfa Anggraini,Male,25,Tangerang,Banten,2023-09-05,Instagram Ads
CUST-3371,Cahya Ramadhan,Male,43,Yogyakarta,DI Yogyakarta,2023-09-27,Organic Social
CUST-3372,Farah Darmawan,Female,39,Jakarta,DKI Jakarta,2024-03-23,TikTok Ads
CUST-3373,Faisal Hartono,Female,39,Denpasar,Bali,2022-08-07,Google Search
CUST-3374,Rangga Wijaya,Female,41,Malang,Jawa Timur,2023-08-30,TikTok Ads
CUST-3375,Umar Marliana,Female,21,Solo,Jawa Tengah,2025-06-05,TikTok Ads
CUST-3376,Beni Lestari,Male,26,Jakarta,DKI Jakarta,2022-12-27,Organic Social
CUST-3377,Zahra Wibowo,Male,22,Jakarta,DKI Jakarta,2025-06-02,Organic Social
CUST-3378,Hilda Handoko,Male,37,Bekasi,Jawa Barat,2022-10-31,TikTok Ads
CUST-3379,Umar Yulianti,Male,23,Surabaya,Jawa Timur,2022-09-18,Organic Social
CUST-3380,Faisal Purnama,Female,27,Bandung,Jawa Barat,2024-10-21,Organic Social
CUST-3381,Citra Permana,Male,32,Jakarta,DKI Jakarta,2023-09-18,Organic Social
CUST-3382,Nanda Darmawan,Male,38,Jakarta,DKI Jakarta,2023-08-21,TikTok Ads
CUST-3383,Vero Kurniawan,Female,34,Denpasar,Bali,2023-01-30,Instagram Ads
CUST-3384,Ayu Setiawan,Male,26,Palembang,Sumatera Selatan,2023-03-29,Organic Social
CUST-3385,Krisna Gunawan,Female,45,Jakarta,DKI Jakarta,2022-08-17,Marketplace
CUST-3386,Umar Santoso,Male,26,Denpasar,Bali,2023-05-02,TikTok Ads
CUST-3387,Rangga Setiawan,Female,30,Solo,Jawa Tengah,2024-07-03,Instagram Ads
CUST-3388,Umar Permana,Female,33,surabaya,Jawa Timur,2024-08-05,Organic Social
CUST-3389,Yoga Firmansyah,Female,42,Bogor,Jawa Barat,2023-11-04,Google Search
CUST-3390,Kevin Kurniawan,Male,34,Semarang,Jawa Tengah,2022-11-16,Marketplace
CUST-3391,Kartika Marliana,Female,29,Jakarta,DKI Jakarta,2022-10-09,Instagram Ads
CUST-3392,Erik Permana,Female,36,Semarang,Jawa Tengah,2022-12-10,Organic Social
CUST-3393,Ulfa Marliana,Male,40,Jakarta,DKI Jakarta,2024-02-05,Instagram Ads
CUST-3394,Tono Pratama,Female,34,Medan,Sumatera Utara,2025-07-26,Referral
CUST-3395,Putri Saputra,Female,28,Jakarta,DKI Jakarta,2023-02-12,Organic Social
CUST-3396,Kevin Sukmawati,Female,39,Jakarta,DKI Jakarta,2023-04-07,Instagram Ads
CUST-3397,Krisna Marliana,Female,45,Tangerang,Banten,2025-09-11,Instagram Ads
CUST-3398,Bayu Maulana,Female,42,Surabaya,Jawa Timur,2024-12-28,TikTok Ads
CUST-3399,Putri Hidayat,Male,42,Jakarta,DKI Jakarta,2023-03-13,Instagram Ads
CUST-3400,Taufik Cahyani,Female,45,Pekanbaru,Riau,2022-08-05,Marketplace
CUST-3401,Citra Setiawan,Female,25,Bandung,Jawa Barat,2025-06-19,Instagram Ads
CUST-3402,Guntur Anggraini,Male,19,Surabaya,Jawa Timur,2024-06-03,Google Search
CUST-3403,Tono Pratama,Female,31,Bandung,Jawa Barat,2024-02-14,Google Search
CUST-3404,Jasmine Gunawan,Female,28,Jakarta,DKI Jakarta,2024-05-18,TikTok Ads
CUST-3405,Putri Suryadi,Male,22,Bandung,Jawa Barat,2024-07-11,Referral
CUST-3406,Yoga Marliana,Female,44,Surabaya,Jawa Timur,2022-10-15,Google Search
CUST-3407,Lukman Suryadi,Female,43,Palembang,Sumatera Selatan,2024-04-16,Referral
CUST-3408,Bagus Saputra,Male,28,Surabaya,Jawa Timur,2023-11-21,Marketplace
CUST-3409,Wawan Lestari,Female,24,Balikpapan,Kalimantan Timur,2025-06-26,Instagram Ads
CUST-3410,Anwar Permana,Male,44,Tangerang,Banten,2023-08-01,Marketplace
CUST-3411,Jasmine Setiawan,Female,23,Bandung,Jawa Barat,2025-06-30,Instagram Ads
CUST-3412,Kevin Gunawan,Male,26,Jakarta,DKI Jakarta,2025-01-16,Instagram Ads
CUST-3413,Erik Saputra,Female,34,Tangerang,Banten,2022-11-19,Instagram Ads
CUST-3414,Ivan Anggraini,Male,37,Jakarta,DKI Jakarta,2023-11-16,Google Search
CUST-3415,Adit Purnama,Female,41,Bandung,Jawa Barat,2022-10-09,TikTok Ads
CUST-3416,Maya Wijaya,Male,32,Bandung,Jawa Barat,2025-03-11,Referral
CUST-3417,Jihan Suryadi,Female,22,Depok,Jawa Barat,2025-03-25,Marketplace
CUST-3418,Eka Hidayat,Male,29,Jakarta,DKI Jakarta,2023-07-28,Instagram Ads
CUST-3419,Adit Suryadi,Female,22,Yogyakarta,DI Yogyakarta,2024-09-22,Organic Social
CUST-3420,Prita Rahayu,Female,38,Jakarta,DKI Jakarta,2024-12-21,TikTok Ads
CUST-3421,Reza Setiawan,Male,45,Bandung,Jawa Barat,2024-04-08,Google Search
CUST-3422,Kevin Yulianti,Male,40,Jakarta,DKI Jakarta,2024-10-24,Referral
CUST-3423,Ayu Wijaya,Female,42,Surabaya,Jawa Timur,2023-11-22,Instagram Ads
CUST-3424,Reza Cahyani,Male,32,Jakarta,DKI Jakarta,2023-06-14,Marketplace
CUST-3425,Tono Sukmawati,Male,45,Palembang,Sumatera Selatan,2022-07-09,Instagram Ads
CUST-3426,Gita Lestari,Female,32,Bandung,Jawa Barat,2023-04-11,Instagram Ads
CUST-3427,Ayu Maulana,Female,22,Bandung,Jawa Barat,2025-08-03,Organic Social
CUST-3428,Sari Wijaya,Female,23,Jakarta,DKI Jakarta,2025-04-29,Instagram Ads
CUST-3429,Rizky Halim,Female,24,Unknown,Jawa Barat,2023-02-23,Google Search
CUST-3430,Rangga Setiawan,Male,22,Jakarta,DKI Jakarta,2022-09-03,TikTok Ads
CUST-3431,Lukman Rahayu,Female,39,Jakarta,DKI Jakarta,2022-12-24,TikTok Ads
CUST-3432,Wawan Prakoso,Female,42,Solo,Jawa Tengah,2023-08-14,Organic Social
CUST-3433,Ayu Permana,Female,28,Denpasar,Bali,2024-04-13,Organic Social
CUST-3434,Mega Rahayu,Female,19,Bandung,Jawa Barat,2024-11-23,TikTok Ads
CUST-3435,Yuni Utami,Male,42,Unknown,DKI Jakarta,2023-05-23,TikTok Ads
CUST-3436,Sinta Purnama,Male,45,Yogyakarta,DI Yogyakarta,2025-01-25,Google Search
CUST-3437,Ayu Prakoso,Male,45,Makassar,Sulawesi Selatan,2023-05-30,Organic Social
CUST-3438,Wawan Purnama,Male,31,Bandung,Jawa Barat,2023-05-30,Organic Social
CUST-3439,Guntur Firmansyah,Male,30,bandung,Jawa Barat,2024-08-07,TikTok Ads
CUST-3440,Beni Gunawan,Female,22,makassar,Sulawesi Selatan,2024-10-01,Instagram Ads
CUST-3441,Doni Darmawan,Male,24,Unknown,Jawa Timur,2025-09-04,Marketplace
CUST-3442,Wawan Saputra,Female,29,Bandung,Jawa Barat,2024-08-15,Google Search
CUST-3443,Laras Setiawan,Female,39,Tangerang,Banten,2024-09-13,Organic Social
CUST-3444,Rizky Suryadi,Female,41,Bekasi,Jawa Barat,2023-04-12,Marketplace
CUST-3445,Endah Handoko,Female,21,Jakarta,DKI Jakarta,2022-12-29,Google Search
CUST-3446,Vina Hidayat,Male,36,Bandar Lampung,Lampung,2023-07-08,Instagram Ads
CUST-3447,Putri Ramadhan,Female,35,Denpasar,Bali,2024-09-19,Google Search
CUST-3448,Laras Suryadi,Female,36,Surabaya,Jawa Timur,2022-12-25,Google Search
CUST-3449,Yuni Handoko,Male,21,Jakarta,DKI Jakarta,2025-06-23,Instagram Ads
CUST-3450,Maya Cahyani,Female,44,Pekanbaru,Riau,2022-11-18,TikTok Ads
CUST-3451,Rizky Wijaya,Female,25,Jakarta,DKI Jakarta,2022-07-18,TikTok Ads
CUST-3452,Citra Prakoso,Male,27,Jakarta,DKI Jakarta,2022-06-09,TikTok Ads
CUST-3453,Sari Purnama,Female,23,Semarang,Jawa Tengah,2022-07-10,Instagram Ads
CUST-3454,Mega Darmawan,Male,31,Jakarta,DKI Jakarta,2023-02-06,Instagram Ads
CUST-3455,Joko Sukmawati,Female,39,Bekasi,Jawa Barat,2024-08-21,Google Search
CUST-3456,Zahra Wibowo,Female,41,Bogor,Jawa Barat,2023-05-03,Instagram Ads
CUST-3457,Guntur Yulianti,Female,42,Depok,Jawa Barat,2023-01-09,Google Search
CUST-3458,Hesti Handoko,Female,45,Palembang,Sumatera Selatan,2022-06-24,Google Search
CUST-3459,Rizky Cahyani,Female,32,Solo,Jawa Tengah,2023-01-11,Instagram Ads
CUST-3460,Taufik Marliana,Female,40,Yogyakarta,DI Yogyakarta,2024-09-17,Google Search
CUST-3461,Rizky Nugroho,Male,20,Jakarta,DKI Jakarta,2023-08-26,Instagram Ads
CUST-3462,Putri Purnama,Female,31,Depok,Jawa Barat,2025-08-13,Google Search
CUST-3463,Oki Hidayat,Male,21,Tangerang,Banten,2022-08-09,Marketplace
CUST-3464,Taufik Hidayat,Male,40,Jakarta,DKI Jakarta,2024-10-06,TikTok Ads
CUST-3465,Rangga Santoso,Male,36,Jakarta,DKI Jakarta,2022-09-02,Referral
CUST-3466,Rangga Kurniawan,Female,25,Balikpapan,Kalimantan Timur,2024-11-06,TikTok Ads
CUST-3467,Mega Ramadhan,Male,37,Jakarta,DKI Jakarta,2022-06-22,Google Search
CUST-3468,Kartika Marliana,Male,39,Bekasi,Jawa Barat,2022-09-06,Marketplace
CUST-3469,Kevin Nugroho,Male,32,Jakarta,DKI Jakarta,2025-07-25,TikTok Ads
CUST-3470,Nadia Wijaya,Male,21,Semarang,Jawa Tengah,2022-08-07,Instagram Ads
CUST-3471,Umar Setiawan,Female,42,Jakarta,DKI Jakarta,2023-07-16,Instagram Ads
CUST-3472,Dewi Cahyani,Female,25,Jakarta,DKI Jakarta,2022-10-01,TikTok Ads
CUST-3473,Jasmine Setiawan,Female,37,Solo,Jawa Tengah,2022-12-14,TikTok Ads
CUST-3474,Beni Suryadi,Female,41,Jakarta,DKI Jakarta,2025-02-09,Instagram Ads
CUST-3475,Dinda Pratama,Male,28,Malang,Jawa Timur,2022-12-18,Marketplace
CUST-3476,Kevin Rahayu,Male,19,Bandung,Jawa Barat,2025-01-06,Google Search
CUST-3477,Endah Handoko,Female,23,Denpasar,Bali,2024-01-14,Google Search
CUST-3478,Nadia Saputra,Male,21,Bandung,Jawa Barat,2025-02-17,Marketplace
CUST-3479,Citra Saputra,Female,31,Yogyakarta,DI Yogyakarta,2025-04-10,Google Search
CUST-3480,Omar Nugroho,Female,39,Jakarta,DKI Jakarta,2022-11-11,Google Search
CUST-3481,Joko Nugroho,Male,24,Surabaya,Jawa Timur,2025-08-26,TikTok Ads
CUST-3482,Nanda Lestari,Male,21,Malang,Jawa Timur,2022-11-03,Instagram Ads
CUST-3483,Bayu Setiawan,Male,24,Medan,Sumatera Utara,2024-11-04,Instagram Ads
CUST-3484,Galih Sukmawati,Male,24,Bandung,Jawa Barat,2023-05-09,TikTok Ads
CUST-3485,Cahya Santoso,Male,28,Jakarta,DKI Jakarta,2023-03-12,Marketplace
CUST-3486,Ivan Kurniawan,Male,38,Yogyakarta,DI Yogyakarta,2025-06-16,Marketplace
CUST-3487,Dewi Pratama,Female,38,Surabaya,Jawa Timur,2023-12-31,TikTok Ads
CUST-3488,Jasmine Wibowo,Female,30,Medan,Sumatera Utara,2024-04-28,Instagram Ads
CUST-3489,Lukman Anggraini,Female,23,Surabaya,Jawa Timur,2025-03-30,Google Search
CUST-3490,Zaki Wibowo,Female,23,Jakarta,DKI Jakarta,2023-04-16,TikTok Ads
CUST-3491,Tono Handoko,Female,40,Bandung,Jawa Barat,2022-06-17,Marketplace
CUST-3492,Rizky Rahayu,Male,19,Bandar Lampung,Lampung,2023-01-14,Google Search
CUST-3493,Doni Darmawan,Female,44,Balikpapan,Kalimantan Timur,2023-06-04,Organic Social
CUST-3494,Jihan Hartono,Male,45,Malang,Jawa Timur,2022-06-08,Instagram Ads
CUST-3495,Faisal Maulana,Female,36,Bandung,Jawa Barat,2022-12-23,Instagram Ads
CUST-3496,Indra Utami,Female,44,Yogyakarta,DI Yogyakarta,2023-01-14,Instagram Ads
CUST-3497,Sari Suryadi,Female,28,Jakarta,DKI Jakarta,2023-05-25,TikTok Ads
CUST-3498,Umar Wijaya,Female,38,Jakarta,DKI Jakarta,2023-06-30,Instagram Ads
CUST-3499,Oki Gunawan,Female,38,jakarta,DKI Jakarta,2025-07-10,Organic Social
CUST-3500,Dinda Handoko,Male,30,Jakarta,DKI Jakarta,2023-01-23,Marketplace
CUST-3501,Kartika Darmawan,Male,33,Bandung,Jawa Barat,2024-03-14,Google Search
CUST-3502,Prita Cahyani,Male,32,Medan,Sumatera Utara,2022-06-16,Marketplace
CUST-3503,Endah Rahayu,Female,20,Surabaya,Jawa Timur,2025-02-27,Instagram Ads
CUST-3504,Umar Nugroho,Female,21,Jakarta,DKI Jakarta,2025-06-11,Google Search
CUST-3505,Guntur Darmawan,Female,21,Palembang,Sumatera Selatan,2024-04-05,Instagram Ads
CUST-3506,Krisna Maulana,Male,27,Bekasi,Jawa Barat,2022-12-13,Organic Social
CUST-3507,Hesti Ramadhan,Female,24,Bandung,Jawa Barat,2023-02-19,Google Search
CUST-3508,Jasmine Setiawan,Female,43,Makassar,Sulawesi Selatan,2022-07-17,Google Search
CUST-3509,Sinta Halim,Female,37,Balikpapan,Kalimantan Timur,2023-09-09,Instagram Ads
CUST-3510,Ayu Hartono,Female,26,Bogor,Jawa Barat,2024-11-27,Google Search
CUST-3511,Beni Gunawan,Female,30,Bandung,Jawa Barat,2024-04-10,Google Search
CUST-3512,Irfan Sukmawati,Female,27,Bandung,Jawa Barat,2022-07-13,Instagram Ads
CUST-3513,Yuni Marliana,Female,20,Surabaya,Jawa Timur,2024-10-28,Instagram Ads
CUST-3514,Dewi Wibowo,Female,31,Makassar,Sulawesi Selatan,2025-06-17,TikTok Ads
CUST-3515,Irfan Wijaya,Female,27,Yogyakarta,DI Yogyakarta,2023-09-22,Instagram Ads
CUST-3516,Krisna Santoso,Female,26,Bandung,Jawa Barat,2024-11-26,Instagram Ads
CUST-3517,Hesti Hidayat,Female,26,Palembang,Sumatera Selatan,2022-09-28,Instagram Ads
CUST-3518,Umar Anggraini,Male,31,Tangerang,Banten,2023-04-26,Organic Social
CUST-3519,Tono Ramadhan,Female,44,Yogyakarta,DI Yogyakarta,2023-06-05,Instagram Ads
CUST-3520,Anwar Wijaya,Female,28,Bekasi,Jawa Barat,2023-10-27,Instagram Ads
CUST-3521,Putri Handoko,Female,42,Yogyakarta,DI Yogyakarta,2023-02-14,TikTok Ads
CUST-3522,Mega Kurniawan,Female,33,Jakarta,DKI Jakarta,2025-05-30,Instagram Ads
CUST-3523,Sari Kusuma,Female,31,Jakarta,DKI Jakarta,2025-03-18,TikTok Ads
CUST-3524,Wawan Ramadhan,Female,23,Jakarta,DKI Jakarta,2023-08-11,Google Search
CUST-3525,Jasmine Yulianti,Male,29,Surabaya,Jawa Timur,2023-08-30,Instagram Ads
CUST-3526,Citra Wibowo,Female,45,Surabaya,Jawa Timur,2022-09-03,Instagram Ads
CUST-3527,Kartika Hartono,Female,22,malang,Jawa Timur,2022-12-03,Instagram Ads
CUST-3528,Anwar Kusuma,Female,33,jakarta,DKI Jakarta,2024-02-09,Marketplace
CUST-3529,Nanda Suryadi,Male,31,Surabaya,Jawa Timur,2023-10-07,Organic Social
CUST-3530,Zahra Wijaya,Female,23,Bogor,Jawa Barat,2024-08-20,Marketplace
CUST-3531,Jihan Darmawan,Male,35,Jakarta,DKI Jakarta,2023-09-16,Marketplace
CUST-3532,Mega Wijaya,Female,32,Surabaya,Jawa Timur,2023-06-14,Instagram Ads
CUST-3533,Nadia Suryadi,Female,38,Jakarta,DKI Jakarta,2023-10-12,Instagram Ads
CUST-3534,Reza Lestari,Male,24,Jakarta,DKI Jakarta,2022-09-28,TikTok Ads
CUST-3535,Taufik Hidayat,Male,31,Surabaya,Jawa Timur,2023-06-13,Referral
CUST-3536,Wulan Anggraini,Female,38,Jakarta,DKI Jakarta,2024-06-24,Google Search
CUST-3537,Yuni Sukmawati,Female,28,Makassar,Sulawesi Selatan,2023-03-20,Organic Social
CUST-3538,Endah Anggraini,Female,31,Jakarta,DKI Jakarta,2023-09-23,Marketplace
CUST-3539,Wulan Permana,Female,31,Semarang,Jawa Tengah,2022-11-02,Organic Social
CUST-3540,Taufik Hartono,Male,43,Surabaya,Jawa Timur,2023-01-29,Referral
CUST-3541,Bayu Cahyani,Male,34,Jakarta,DKI Jakarta,2022-11-12,TikTok Ads
CUST-3542,Bayu Santoso,Male,39,Jakarta,DKI Jakarta,2023-05-29,Instagram Ads
CUST-3543,Vina Suryadi,Female,45,Bekasi,Jawa Barat,2023-04-24,TikTok Ads
CUST-3544,Indra Utami,Male,38,surabaya,Jawa Timur,2022-10-30,Instagram Ads
CUST-3545,Bagus Wibowo,Male,40,Jakarta,DKI Jakarta,2025-02-04,Google Search
CUST-3546,Maya Ramadhan,Female,26,Yogyakarta,DI Yogyakarta,2024-10-23,TikTok Ads
CUST-3547,Prita Rahayu,Female,23,Semarang,Jawa Tengah,2025-09-12,Referral
CUST-3548,Tono Handoko,Female,34,Denpasar,Bali,2024-06-22,Instagram Ads
CUST-3549,Erik Lestari,Female,42,Bandung,Jawa Barat,2022-07-15,Organic Social
CUST-3550,Putri Cahyani,Female,41,Unknown,Jawa Barat,2025-06-06,Referral
CUST-3551,Hesti Handoko,Female,38,Jakarta,DKI Jakarta,2023-11-14,TikTok Ads
CUST-3552,Vero Hidayat,Male,43,Makassar,Sulawesi Selatan,2023-02-15,Instagram Ads
CUST-3553,Laras Santoso,Male,34,Denpasar,Bali,2023-07-19,Organic Social
CUST-3554,Gita Darmawan,Male,23,Bandung,Jawa Barat,2023-08-05,Instagram Ads
CUST-3555,Ayu Permana,Male,24,Malang,Jawa Timur,2024-08-03,Instagram Ads
CUST-3556,Joko Suryadi,Male,30,Surabaya,Jawa Timur,2023-08-26,Instagram Ads
CUST-3557,Galih Prakoso,Female,44,Bandung,Jawa Barat,2024-05-08,TikTok Ads
CUST-3558,Doni Rahayu,Male,32,Surabaya,Jawa Timur,2024-07-30,Instagram Ads
CUST-3559,Vero Gunawan,Female,44,Surabaya,Jawa Timur,2023-05-04,Organic Social
CUST-3560,Bayu Purnama,Male,29,Jakarta,DKI Jakarta,2024-09-11,Instagram Ads
CUST-3561,Joko Prakoso,Female,29,Medan,Sumatera Utara,2024-03-31,Referral
CUST-3562,Lukman Hartono,Male,32,Malang,Jawa Timur,2023-02-14,Marketplace
CUST-3563,Rangga Ramadhan,Male,37,Bekasi,Jawa Barat,2022-07-15,Organic Social
CUST-3564,Guntur Yulianti,Female,22,Malang,Jawa Timur,2022-10-28,Google Search
CUST-3565,Galih Anggraini,Female,25,Palembang,Sumatera Selatan,2023-06-17,Google Search
CUST-3566,Wulan Purnama,Female,30,Bogor,Jawa Barat,2022-06-13,TikTok Ads
CUST-3567,Reza Wijaya,Female,35,Malang,Jawa Timur,2024-07-05,TikTok Ads
CUST-3568,Taufik Prakoso,Female,28,Jakarta,DKI Jakarta,2025-05-20,Marketplace
CUST-3569,Wulan Marliana,Male,25,Solo,Jawa Tengah,2023-03-22,Instagram Ads
CUST-3570,Vero Kurniawan,Male,27,Jakarta,DKI Jakarta,2025-08-06,TikTok Ads
CUST-3571,Oki Ramadhan,Female,25,Surabaya,Jawa Timur,2024-11-28,Instagram Ads
CUST-3572,Indra Marliana,Female,19,Malang,Jawa Timur,2025-05-01,Organic Social
CUST-3573,Tono Rahayu,Male,42,Jakarta,DKI Jakarta,2022-09-09,Marketplace
CUST-3574,Zahra Saputra,Male,36,Jakarta,DKI Jakarta,2023-11-01,TikTok Ads
CUST-3575,Ulfa Setiawan,Female,44,yogyakarta,DI Yogyakarta,2025-08-24,Google Search
CUST-3576,Wawan Firmansyah,Male,31,yogyakarta,DI Yogyakarta,2022-11-23,Referral
CUST-3577,Krisna Gunawan,Male,38,Medan,Sumatera Utara,2024-01-07,Marketplace
CUST-3578,Omar Gunawan,Female,25,Bandung,Jawa Barat,2022-09-15,Referral
CUST-3579,Reza Marliana,Male,30,Jakarta,DKI Jakarta,2025-07-29,Organic Social
CUST-3580,Beni Marliana,Female,22,Jakarta,DKI Jakarta,2024-04-10,TikTok Ads
CUST-3581,Ivan Sukmawati,Female,20,Denpasar,Bali,2022-10-01,TikTok Ads
CUST-3582,Tono Wijaya,Female,39,Makassar,Sulawesi Selatan,2022-08-13,Instagram Ads
CUST-3583,Taufik Saputra,Female,35,Jakarta,DKI Jakarta,2024-09-08,Organic Social
CUST-3584,Umar Anggraini,Female,39,Jakarta,DKI Jakarta,2022-12-29,TikTok Ads
CUST-3585,Kevin Wibowo,Female,39,Semarang,Jawa Tengah,2023-07-09,TikTok Ads
CUST-3586,Doni Setiawan,Female,34,Bandung,Jawa Barat,2023-12-30,Instagram Ads
CUST-3587,Sinta Nugroho,Female,33,jakarta,DKI Jakarta,2022-08-16,TikTok Ads
CUST-3588,Gita Maulana,Male,25,Medan,Sumatera Utara,2025-07-19,Instagram Ads
CUST-3589,Citra Nugroho,Female,44,Surabaya,Jawa Timur,2024-08-06,Instagram Ads
CUST-3590,Ivan Saputra,Female,37,Medan,Sumatera Utara,2024-07-29,Google Search
CUST-3591,Guntur Pratama,Female,20,Unknown,DKI Jakarta,2022-10-13,TikTok Ads
CUST-3592,Jihan Santoso,Female,27,Solo,Jawa Tengah,2023-07-30,Google Search
CUST-3593,Zaki Utami,Male,36,Surabaya,Jawa Timur,2024-11-17,Marketplace
CUST-3594,Sinta Halim,Female,24,Medan,Sumatera Utara,2025-04-08,Instagram Ads
CUST-3595,Wawan Setiawan,Female,20,Palembang,Sumatera Selatan,2025-02-12,Organic Social
CUST-3596,Adit Prakoso,Female,38,Bandar Lampung,Lampung,2024-10-24,Organic Social
CUST-3597,Irfan Prakoso,Male,29,Jakarta,DKI Jakarta,2023-04-07,TikTok Ads
CUST-3598,Oki Hidayat,Female,36,Yogyakarta,DI Yogyakarta,2024-07-26,TikTok Ads
CUST-3599,Zaki Permana,Female,23,Makassar,Sulawesi Selatan,2022-10-04,TikTok Ads
CUST-3600,Jasmine Pratama,Male,33,Balikpapan,Kalimantan Timur,2022-06-10,TikTok Ads
CUST-3601,Prita Anggraini,Female,42,Medan,Sumatera Utara,2025-01-22,Referral
CUST-3602,Endah Kurniawan,Male,44,Unknown,DKI Jakarta,2023-05-08,Referral
CUST-3603,Vina Halim,Male,35,Bekasi,Jawa Barat,2023-02-03,Referral
CUST-3604,Nadia Wijaya,Male,25,Yogyakarta,DI Yogyakarta,2025-03-29,Instagram Ads
CUST-3605,Farah Hidayat,Female,45,Palembang,Sumatera Selatan,2023-03-27,Instagram Ads
CUST-3606,Yuni Sukmawati,Female,40,Bandung,Jawa Barat,2024-01-16,Google Search
CUST-3607,Erik Kurniawan,Male,22,Bogor,Jawa Barat,2024-12-02,Organic Social
CUST-3608,Gita Wibowo,Male,37,Unknown,Sumatera Selatan,2023-02-02,TikTok Ads
CUST-3609,Bayu Permana,Male,31,Makassar,Sulawesi Selatan,2024-05-17,Instagram Ads
CUST-3610,Anwar Hidayat,Female,26,makassar,Sulawesi Selatan,2024-07-13,Instagram Ads
CUST-3611,Indra Ramadhan,Female,45,Makassar,Sulawesi Selatan,2024-06-20,TikTok Ads
CUST-3612,Ulfa Kusuma,Male,38,Tangerang,Banten,2023-07-07,Instagram Ads
CUST-3613,Vero Pratama,Male,26,Jakarta,DKI Jakarta,2022-11-03,TikTok Ads
CUST-3614,Zahra Nugroho,Female,26,Surabaya,Jawa Timur,2024-01-04,TikTok Ads
CUST-3615,Ulfa Nugroho,Female,29,Depok,Jawa Barat,2023-01-21,Instagram Ads
CUST-3616,Indra Wibowo,Female,19,Surabaya,Jawa Timur,2023-04-07,TikTok Ads
CUST-3617,Nadia Anggraini,Male,33,Medan,Sumatera Utara,2023-08-02,Organic Social
CUST-3618,Vero Saputra,Female,28,Bandar Lampung,Lampung,2023-07-22,TikTok Ads
CUST-3619,Laras Santoso,Female,37,Palembang,Sumatera Selatan,2023-06-18,Organic Social
CUST-3620,Tono Ramadhan,Male,39,Surabaya,Jawa Timur,2025-03-31,Organic Social
CUST-3621,Galih Cahyani,Male,21,Depok,Jawa Barat,2022-07-17,Instagram Ads
CUST-3622,Umar Wibowo,Female,43,Denpasar,Bali,2024-10-14,TikTok Ads
CUST-3623,Tono Pratama,Male,34,Bandung,Jawa Barat,2023-05-07,Instagram Ads
CUST-3624,Fajar Permana,Female,31,Jakarta,DKI Jakarta,2023-03-17,Google Search
CUST-3625,Anwar Lestari,Female,37,Surabaya,Jawa Timur,2022-07-06,Instagram Ads
CUST-3626,Maya Sukmawati,Male,31,Bogor,Jawa Barat,2025-03-11,Instagram Ads
CUST-3627,Farah Firmansyah,Male,29,Denpasar,Bali,2023-07-11,Marketplace
CUST-3628,Dewi Sukmawati,Male,21,Surabaya,Jawa Timur,2023-07-17,Instagram Ads
CUST-3629,Wulan Pratama,Female,33,jakarta,DKI Jakarta,2023-09-24,Organic Social
CUST-3630,Oki Lestari,Male,24,bandung,Jawa Barat,2025-05-24,Referral
CUST-3631,Omar Ramadhan,Female,38,Bandung,Jawa Barat,2024-04-17,Instagram Ads
CUST-3632,Doni Maulana,Male,41,Bekasi,Jawa Barat,2022-09-10,TikTok Ads
CUST-3633,Bagus Rahayu,Female,36,Jakarta,DKI Jakarta,2024-10-03,Organic Social
CUST-3634,Yuni Handoko,Male,32,Jakarta,DKI Jakarta,2023-03-08,Marketplace
CUST-3635,Anwar Anggraini,Male,41,Bekasi,Jawa Barat,2024-02-11,Organic Social
CUST-3636,Fajar Wijaya,Female,45,Malang,Jawa Timur,2023-08-26,Marketplace
CUST-3637,Guntur Hartono,Male,42,Denpasar,Bali,2023-08-09,TikTok Ads
CUST-3638,Gita Setiawan,Male,28,Bandar Lampung,Lampung,2024-12-04,Google Search
CUST-3639,Faisal Maulana,Female,32,Jakarta,DKI Jakarta,2024-02-22,Referral
CUST-3640,Galih Maulana,Male,22,Surabaya,Jawa Timur,2022-07-29,TikTok Ads
CUST-3641,Indra Ramadhan,Female,31,Malang,Jawa Timur,2025-04-08,TikTok Ads
CUST-3642,Ivan Marliana,Female,26,Depok,Jawa Barat,2023-08-18,Google Search
CUST-3643,Beni Firmansyah,Male,31,Surabaya,Jawa Timur,2022-11-27,Instagram Ads
CUST-3644,Citra Anggraini,Male,24,Bandar Lampung,Lampung,2023-05-19,TikTok Ads
CUST-3645,Reza Wibowo,Female,41,Denpasar,Bali,2022-06-23,Instagram Ads
CUST-3646,Nadia Ramadhan,Female,36,Surabaya,Jawa Timur,2024-03-27,Organic Social
CUST-3647,Cahya Lestari,Female,37,Semarang,Jawa Tengah,2022-06-02,Google Search
CUST-3648,Joko Maulana,Female,34,Jakarta,DKI Jakarta,2024-03-24,TikTok Ads
CUST-3649,Maya Kurniawan,Female,19,Medan,Sumatera Utara,2025-03-12,Google Search
CUST-3650,Jasmine Cahyani,Female,19,Balikpapan,Kalimantan Timur,2025-05-25,Marketplace
CUST-3651,Faisal Setiawan,Female,43,Bandung,Jawa Barat,2024-11-19,Google Search
CUST-3652,Yuni Yulianti,Male,30,Medan,Sumatera Utara,2023-03-12,Instagram Ads
CUST-3653,Ivan Maulana,Male,45,Semarang,Jawa Tengah,2022-11-12,Instagram Ads
CUST-3654,Lukman Hidayat,Male,19,Malang,Jawa Timur,2024-06-09,Instagram Ads
CUST-3655,Hilda Suryadi,Female,33,Tangerang,Banten,2023-06-06,TikTok Ads
CUST-3656,Joko Purnama,Male,39,Yogyakarta,DI Yogyakarta,2022-09-10,Instagram Ads
CUST-3657,Hesti Wibowo,Female,19,Unknown,DKI Jakarta,2023-04-04,Organic Social
CUST-3658,Ayu Ramadhan,Female,43,Jakarta,DKI Jakarta,2023-12-16,Google Search
CUST-3659,Nanda Prakoso,Female,25,Bandung,Jawa Barat,2023-06-07,Instagram Ads
CUST-3660,Galih Firmansyah,Female,20,Medan,Sumatera Utara,2024-07-27,Instagram Ads
CUST-3661,Citra Halim,Male,31,Pekanbaru,Riau,2023-11-18,Instagram Ads
CUST-3662,Yoga Firmansyah,Female,34,depok,Jawa Barat,2024-12-11,Instagram Ads
CUST-3663,Cahya Firmansyah,Female,44,Jakarta,DKI Jakarta,2024-03-30,Referral
CUST-3664,Galih Hidayat,Male,40,Bandung,Jawa Barat,2024-06-22,Instagram Ads
CUST-3665,Rangga Gunawan,Male,30,Surabaya,Jawa Timur,2025-03-06,Instagram Ads
CUST-3666,Krisna Setiawan,Female,39,Bandung,Jawa Barat,2022-10-13,Google Search
CUST-3667,Hesti Saputra,Female,42,Surabaya,Jawa Timur,2025-04-18,Organic Social
CUST-3668,Citra Firmansyah,Male,30,Medan,Sumatera Utara,2023-09-12,Instagram Ads
CUST-3669,Ivan Lestari,Female,31,Surabaya,Jawa Timur,2025-03-09,Instagram Ads
CUST-3670,Kevin Rahayu,Female,35,Jakarta,DKI Jakarta,2024-12-30,Marketplace
CUST-3671,Cahya Hartono,Male,39,Unknown,Jawa Barat,2023-04-22,Google Search
CUST-3672,Nadia Cahyani,Female,42,Denpasar,Bali,2023-10-29,TikTok Ads
CUST-3673,Vina Yulianti,Female,42,Semarang,Jawa Tengah,2024-05-30,Instagram Ads
CUST-3674,Endah Kusuma,Male,36,Solo,Jawa Tengah,2022-08-05,Referral
CUST-3675,Zahra Hartono,Female,24,Jakarta,DKI Jakarta,2024-12-24,Referral
CUST-3676,Joko Handoko,Female,42,Medan,Sumatera Utara,2025-01-13,Marketplace
CUST-3677,Krisna Kurniawan,Male,40,Bandung,Jawa Barat,2024-05-08,Instagram Ads
CUST-3678,Cindy Ramadhan,Female,30,Surabaya,Jawa Timur,2024-04-17,Instagram Ads
CUST-3679,Lukman Setiawan,Female,29,Tangerang,Banten,2022-06-10,Instagram Ads
CUST-3680,Nadia Hidayat,Male,23,Jakarta,DKI Jakarta,2023-09-08,Organic Social
CUST-3681,Farah Prakoso,Male,43,Denpasar,Bali,2023-09-20,Referral
CUST-3682,Laras Pratama,Female,26,Jakarta,DKI Jakarta,2022-12-23,Instagram Ads
CUST-3683,Joko Setiawan,Female,33,Malang,Jawa Timur,2024-08-30,TikTok Ads
CUST-3684,Dewi Rahayu,Male,30,Denpasar,Bali,2023-06-11,TikTok Ads
CUST-3685,Tono Lestari,Female,40,Jakarta,DKI Jakarta,2023-06-30,Marketplace
CUST-3686,Jasmine Firmansyah,Male,44,Bandung,Jawa Barat,2024-10-31,Instagram Ads
CUST-3687,Umar Gunawan,Female,40,Jakarta,DKI Jakarta,2022-12-10,Organic Social
CUST-3688,Zahra Maulana,Male,41,Bandung,Jawa Barat,2023-08-25,Instagram Ads
CUST-3689,Rangga Wibowo,Female,25,Jakarta,DKI Jakarta,2023-01-07,Instagram Ads
CUST-3690,Citra Sukmawati,Male,45,Bogor,Jawa Barat,2022-11-25,Referral
CUST-3691,Lukman Darmawan,Male,27,Malang,Jawa Timur,2023-05-08,TikTok Ads
CUST-3692,Ayu Kusuma,Female,44,Semarang,Jawa Tengah,2025-05-12,Instagram Ads
CUST-3693,Erik Maulana,Female,26,Makassar,Sulawesi Selatan,2022-09-30,Instagram Ads
CUST-3694,Eka Maulana,Male,38,Depok,Jawa Barat,2023-09-25,Referral
CUST-3695,Omar Prakoso,Female,41,Pekanbaru,Riau,2024-02-27,Google Search
CUST-3696,Doni Utami,Male,41,Jakarta,DKI Jakarta,2023-02-12,Referral
CUST-3697,Oki Prakoso,Male,25,Jakarta,DKI Jakarta,2023-05-21,Organic Social
CUST-3698,Farah Kurniawan,Male,28,Bandar Lampung,Lampung,2025-05-22,Instagram Ads
CUST-3699,Putri Wibowo,Female,30,Bandung,Jawa Barat,2023-04-08,Instagram Ads
CUST-3700,Gita Utami,Female,44,Jakarta,DKI Jakarta,2023-03-24,Instagram Ads
CUST-3701,Omar Santoso,Female,33,Yogyakarta,DI Yogyakarta,2024-06-29,Instagram Ads
CUST-3702,Irfan Santoso,Male,39,Bandung,Jawa Barat,2022-07-20,TikTok Ads
CUST-3703,Jasmine Yulianti,Female,38,Tangerang,Banten,2024-02-03,Instagram Ads
CUST-3704,Hana Ramadhan,Male,37,Jakarta,DKI Jakarta,2023-04-18,Google Search
CUST-3705,Taufik Kurniawan,Female,37,Bandung,Jawa Barat,2024-09-13,TikTok Ads
CUST-3706,Kartika Rahayu,Male,33,Jakarta,DKI Jakarta,2024-04-26,Instagram Ads
CUST-3707,Oki Prakoso,Male,42,Surabaya,Jawa Timur,2022-11-18,Google Search
CUST-3708,Beni Lestari,Female,37,Jakarta,DKI Jakarta,2025-07-01,TikTok Ads
CUST-3709,Yuni Halim,Male,22,Denpasar,Bali,2024-11-08,Google Search
CUST-3710,Farah Hartono,Female,39,Denpasar,Bali,2025-02-23,Referral
CUST-3711,Sari Lestari,Female,25,Bogor,Jawa Barat,2022-11-13,Instagram Ads
CUST-3712,Yoga Yulianti,Female,43,Depok,Jawa Barat,2023-05-30,TikTok Ads
CUST-3713,Umar Firmansyah,Male,25,Semarang,Jawa Tengah,2025-07-11,TikTok Ads
CUST-3714,Dewi Utami,Female,33,Jakarta,DKI Jakarta,2024-03-09,Google Search
CUST-3715,Sari Maulana,Male,42,Jakarta,DKI Jakarta,2022-06-18,Referral
CUST-3716,Wulan Halim,Female,21,Yogyakarta,DI Yogyakarta,2024-05-13,Instagram Ads
CUST-3717,Erik Setiawan,Female,21,Surabaya,Jawa Timur,2025-03-31,Google Search
CUST-3718,Putri Utami,Female,43,Surabaya,Jawa Timur,2022-10-25,Instagram Ads
CUST-3719,Putri Setiawan,Female,23,Jakarta,DKI Jakarta,2025-06-22,Google Search
CUST-3720,Maya Ramadhan,Female,43,Jakarta,DKI Jakarta,2023-09-27,Referral
CUST-3721,Bayu Utami,Female,42,Malang,Jawa Timur,2024-08-01,TikTok Ads
CUST-3722,Reza Cahyani,Female,40,Jakarta,DKI Jakarta,2025-06-05,TikTok Ads
CUST-3723,Mega Cahyani,Male,33,Bandung,Jawa Barat,2024-07-19,TikTok Ads
CUST-3724,Indra Santoso,Female,20,Yogyakarta,DI Yogyakarta,2025-02-12,Instagram Ads
CUST-3725,Citra Utami,Male,19,Tangerang,Banten,2022-09-12,Instagram Ads
CUST-3726,Nadia Lestari,Male,40,Surabaya,Jawa Timur,2022-07-27,Instagram Ads
CUST-3727,Hilda Darmawan,Female,21,Jakarta,DKI Jakarta,2022-06-14,Google Search
CUST-3728,Kevin Gunawan,Male,28,Jakarta,DKI Jakarta,2023-11-25,TikTok Ads
CUST-3729,Nadia Kusuma,Female,31,Yogyakarta,DI Yogyakarta,2024-08-18,TikTok Ads
CUST-3730,Hana Cahyani,Female,42,Yogyakarta,DI Yogyakarta,2023-09-27,Referral
CUST-3731,Yuni Wibowo,Male,32,Yogyakarta,DI Yogyakarta,2024-09-28,Instagram Ads
CUST-3732,Bagus Gunawan,Male,33,bekasi,Jawa Barat,2024-07-21,TikTok Ads
CUST-3733,Tono Prakoso,Female,35,jakarta,DKI Jakarta,2022-12-19,Marketplace
CUST-3734,Zahra Permana,Female,39,Jakarta,DKI Jakarta,2023-03-14,Google Search
CUST-3735,Lukman Suryadi,Female,31,Balikpapan,Kalimantan Timur,2024-02-09,TikTok Ads
CUST-3736,Cahya Anggraini,Female,40,Tangerang,Banten,2022-06-02,TikTok Ads
CUST-3737,Lukman Permana,Female,40,Jakarta,DKI Jakarta,2024-02-01,TikTok Ads
CUST-3738,Hilda Kurniawan,Male,42,Jakarta,DKI Jakarta,2024-08-21,TikTok Ads
CUST-3739,Laras Wibowo,Female,31,Yogyakarta,DI Yogyakarta,2023-10-26,Google Search
CUST-3740,Oki Pratama,Female,36,Palembang,Sumatera Selatan,2022-07-15,Instagram Ads
CUST-3741,Wulan Utami,Male,39,Semarang,Jawa Tengah,2025-02-21,Referral
CUST-3742,Joko Darmawan,Female,24,Jakarta,DKI Jakarta,2024-05-06,Marketplace
CUST-3743,Dewi Wibowo,Male,24,Solo,Jawa Tengah,2023-01-19,TikTok Ads
CUST-3744,Yoga Kurniawan,Female,27,Jakarta,DKI Jakarta,2022-10-10,Referral
CUST-3745,Kartika Hidayat,Female,24,Medan,Sumatera Utara,2022-11-15,TikTok Ads
CUST-3746,Mega Darmawan,Female,22,Semarang,Jawa Tengah,2022-07-12,Marketplace
CUST-3747,Doni Rahayu,Male,34,Surabaya,Jawa Timur,2022-09-18,Google Search
CUST-3748,Irfan Permana,Male,45,depok,Jawa Barat,2025-05-02,Google Search
CUST-3749,Hana Nugroho,Female,23,Yogyakarta,DI Yogyakarta,2022-09-25,Instagram Ads
CUST-3750,Gita Setiawan,Male,30,Bogor,Jawa Barat,2024-04-18,Google Search
CUST-3751,Cahya Ramadhan,Female,34,Denpasar,Bali,2022-06-20,Organic Social
CUST-3752,Bayu Saputra,Female,26,Malang,Jawa Timur,2024-03-03,Organic Social
CUST-3753,Doni Prakoso,Male,30,jakarta,DKI Jakarta,2024-12-31,Instagram Ads
CUST-3754,Bayu Saputra,Female,38,Malang,Jawa Timur,2024-09-26,TikTok Ads
CUST-3755,Ivan Handoko,Female,45,Semarang,Jawa Tengah,2022-10-24,Referral
CUST-3756,Kartika Cahyani,Male,20,Medan,Sumatera Utara,2025-09-02,Instagram Ads
CUST-3757,Yuni Saputra,Female,32,Bekasi,Jawa Barat,2022-06-27,Organic Social
CUST-3758,Maya Maulana,Female,44,Tangerang,Banten,2023-01-22,Marketplace
CUST-3759,Wawan Hidayat,Female,38,depok,Jawa Barat,2023-10-09,Google Search
CUST-3760,Putri Suryadi,Female,38,Bekasi,Jawa Barat,2022-09-01,Referral
CUST-3761,Oki Lestari,Female,43,Medan,Sumatera Utara,2024-01-27,Referral
CUST-3762,Erik Nugroho,Male,37,Palembang,Sumatera Selatan,2023-09-24,Instagram Ads
CUST-3763,Vina Darmawan,Male,23,Bogor,Jawa Barat,2023-08-21,Marketplace
CUST-3764,Ulfa Sukmawati,Male,21,Bandung,Jawa Barat,2024-11-13,Instagram Ads
CUST-3765,Erik Hidayat,Male,45,Semarang,Jawa Tengah,2022-10-15,Organic Social
CUST-3766,Lukman Cahyani,Male,22,Malang,Jawa Timur,2023-06-03,Instagram Ads
CUST-3767,Nadia Hidayat,Male,31,Depok,Jawa Barat,2023-02-04,TikTok Ads
CUST-3768,Oki Nugroho,Male,36,Jakarta,DKI Jakarta,2023-07-31,TikTok Ads
CUST-3769,Cahya Suryadi,Male,19,Jakarta,DKI Jakarta,2022-09-16,Google Search
CUST-3770,Mega Maulana,Male,38,Semarang,Jawa Tengah,2024-04-22,Referral
CUST-3771,Jasmine Sukmawati,Female,23,Bandung,Jawa Barat,2025-08-30,Instagram Ads
CUST-3772,Anwar Marliana,Male,33,Solo,Jawa Tengah,2023-05-27,Instagram Ads
CUST-3773,Hilda Saputra,Female,35,Denpasar,Bali,2022-12-08,Instagram Ads
CUST-3774,Ulfa Halim,Male,33,Makassar,Sulawesi Selatan,2023-06-29,Instagram Ads
CUST-3775,Umar Halim,Male,41,Denpasar,Bali,2024-01-23,Google Search
CUST-3776,Beni Prakoso,Female,38,Denpasar,Bali,2023-12-06,Referral
CUST-3777,Putri Maulana,Female,26,Depok,Jawa Barat,2022-10-04,TikTok Ads
CUST-3778,Umar Permana,Male,22,Palembang,Sumatera Selatan,2022-12-10,Instagram Ads
CUST-3779,Sinta Pratama,Male,27,Bandung,Jawa Barat,2025-07-07,Instagram Ads
CUST-3780,Bayu Gunawan,Female,38,Bandung,Jawa Barat,2024-06-23,Referral
CUST-3781,Eka Lestari,Male,35,Pekanbaru,Riau,2023-01-28,TikTok Ads
CUST-3782,Maya Hartono,Female,28,Bandung,Jawa Barat,2025-08-23,TikTok Ads
CUST-3783,Prita Halim,Female,29,Tangerang,Banten,2023-06-30,TikTok Ads
CUST-3784,Jasmine Prakoso,Male,38,Bandung,Jawa Barat,2022-12-09,Instagram Ads
CUST-3785,Vina Hartono,Female,25,Malang,Jawa Timur,2022-10-23,Instagram Ads
CUST-3786,Rizky Cahyani,Female,24,bekasi,Jawa Barat,2023-05-26,TikTok Ads
CUST-3787,Yuni Utami,Male,43,Medan,Sumatera Utara,2024-10-15,Instagram Ads
CUST-3788,Dinda Setiawan,Female,45,Surabaya,Jawa Timur,2025-08-08,Organic Social
CUST-3789,Beni Permana,Male,44,Jakarta,DKI Jakarta,2022-07-04,Instagram Ads
CUST-3790,Lukman Rahayu,Female,31,denpasar,Bali,2023-04-01,Referral
CUST-3791,Jihan Hartono,Female,28,Bandung,Jawa Barat,2023-06-27,Instagram Ads
CUST-3792,Yoga Rahayu,Female,22,Jakarta,DKI Jakarta,2023-08-02,TikTok Ads
CUST-3793,Cahya Gunawan,Male,35,Palembang,Sumatera Selatan,2023-11-04,Organic Social
CUST-3794,Omar Halim,Male,24,Jakarta,DKI Jakarta,2023-10-24,Google Search
CUST-3795,Bagus Purnama,Female,29,Bandung,Jawa Barat,2024-12-08,Organic Social
CUST-3796,Zaki Hartono,Male,35,Jakarta,DKI Jakarta,2025-07-20,Instagram Ads
CUST-3797,Citra Yulianti,Male,19,Solo,Jawa Tengah,2025-02-07,Marketplace
CUST-3798,Gita Prakoso,Female,25,Malang,Jawa Timur,2024-10-12,Organic Social
CUST-3799,Ivan Saputra,Female,22,Surabaya,Jawa Timur,2022-08-31,Instagram Ads
CUST-3800,Endah Saputra,Female,36,Bekasi,Jawa Barat,2024-04-27,Marketplace
CUST-3801,Citra Anggraini,Male,35,Solo,Jawa Tengah,2024-09-01,Google Search
CUST-3802,Endah Cahyani,Female,32,Makassar,Sulawesi Selatan,2023-11-11,Organic Social
CUST-3803,Omar Anggraini,Male,21,Makassar,Sulawesi Selatan,2024-11-04,Marketplace
CUST-3804,Vero Kurniawan,Male,27,Jakarta,DKI Jakarta,2023-08-15,Marketplace
CUST-3805,Wulan Lestari,Female,30,Jakarta,DKI Jakarta,2024-08-12,Instagram Ads
CUST-3806,Taufik Nugroho,Male,32,Bandung,Jawa Barat,2025-06-16,TikTok Ads
CUST-3807,Nanda Permana,Female,42,Denpasar,Bali,2023-11-17,Referral
CUST-3808,Laras Rahayu,Male,39,Balikpapan,Kalimantan Timur,2024-06-23,TikTok Ads
CUST-3809,Beni Maulana,Female,19,Malang,Jawa Timur,2023-12-22,TikTok Ads
CUST-3810,Dinda Cahyani,Female,28,Tangerang,Banten,2023-09-13,Referral
CUST-3811,Erik Cahyani,Male,32,Bandung,Jawa Barat,2023-05-31,TikTok Ads
CUST-3812,Cindy Handoko,Male,22,Jakarta,DKI Jakarta,2024-04-09,Instagram Ads
CUST-3813,Citra Sukmawati,Female,41,Jakarta,DKI Jakarta,2023-10-06,Instagram Ads
CUST-3814,Bayu Darmawan,Female,44,Surabaya,Jawa Timur,2024-02-07,Referral
CUST-3815,Guntur Setiawan,Female,43,Semarang,Jawa Tengah,2024-01-10,Organic Social
CUST-3816,Wulan Prakoso,Female,30,Denpasar,Bali,2023-07-07,Instagram Ads
CUST-3817,Wawan Santoso,Female,37,Bekasi,Jawa Barat,2023-03-17,Marketplace
CUST-3818,Hesti Handoko,Female,28,Makassar,Sulawesi Selatan,2023-08-01,TikTok Ads
CUST-3819,Faisal Wijaya,Female,35,palembang,Sumatera Selatan,2025-02-27,Organic Social
CUST-3820,Nanda Hidayat,Female,25,Surabaya,Jawa Timur,2024-09-27,TikTok Ads
CUST-3821,Yoga Sukmawati,Female,43,Bandung,Jawa Barat,2023-11-11,Referral
CUST-3822,Zaki Anggraini,Female,23,jakarta,DKI Jakarta,2025-06-05,Referral
CUST-3823,Hilda Anggraini,Female,26,Jakarta,DKI Jakarta,2022-09-06,TikTok Ads
CUST-3824,Bayu Marliana,Female,32,Malang,Jawa Timur,2024-12-31,Instagram Ads
CUST-3825,Hesti Hartono,Female,29,Bandung,Jawa Barat,2024-08-12,Marketplace
CUST-3826,Anwar Handoko,Male,27,Semarang,Jawa Tengah,2025-02-25,TikTok Ads
CUST-3827,Vero Lestari,Male,28,Bandung,Jawa Barat,2024-01-09,Instagram Ads
CUST-3828,Hilda Prakoso,Female,33,Bandung,Jawa Barat,2023-06-25,Organic Social
CUST-3829,Faisal Permana,Female,33,Balikpapan,Kalimantan Timur,2023-10-05,Instagram Ads
CUST-3830,Yuni Santoso,Male,34,Malang,Jawa Timur,2022-07-17,TikTok Ads
CUST-3831,Faisal Darmawan,Female,21,Surabaya,Jawa Timur,2023-07-15,Instagram Ads
CUST-3832,Reza Cahyani,Male,20,Bekasi,Jawa Barat,2022-09-30,Instagram Ads
CUST-3833,Wulan Rahayu,Male,30,Bogor,Jawa Barat,2022-08-08,Instagram Ads
CUST-3834,Cahya Lestari,Female,35,Bekasi,Jawa Barat,2023-11-22,Google Search
CUST-3835,Guntur Ramadhan,Female,24,Surabaya,Jawa Timur,2023-10-17,Instagram Ads
CUST-3836,Guntur Wijaya,Male,40,Surabaya,Jawa Timur,2022-08-05,Instagram Ads
CUST-3837,Putri Prakoso,Male,21,Jakarta,DKI Jakarta,2025-08-12,TikTok Ads
CUST-3838,Ulfa Darmawan,Male,21,Solo,Jawa Tengah,2024-06-10,Google Search
CUST-3839,Gita Ramadhan,Male,21,Medan,Sumatera Utara,2024-08-26,Organic Social
CUST-3840,Eka Permana,Male,27,Yogyakarta,DI Yogyakarta,2024-12-04,Referral
CUST-3841,Reza Maulana,Male,35,Yogyakarta,DI Yogyakarta,2024-10-18,TikTok Ads
CUST-3842,Ayu Ramadhan,Male,42,Denpasar,Bali,2023-12-27,Google Search
CUST-3843,Bagus Sukmawati,Female,23,bekasi,Jawa Barat,2024-07-25,TikTok Ads
CUST-3844,Bagus Rahayu,Female,38,Jakarta,DKI Jakarta,2024-09-05,Google Search
CUST-3845,Wulan Kusuma,Male,41,Jakarta,DKI Jakarta,2023-05-03,Google Search
CUST-3846,Erik Suryadi,Male,19,Jakarta,DKI Jakarta,2024-10-13,Referral
CUST-3847,Dewi Gunawan,Female,23,Makassar,Sulawesi Selatan,2024-10-12,Instagram Ads
CUST-3848,Umar Anggraini,Female,20,Malang,Jawa Timur,2025-05-25,Organic Social
CUST-3849,Wawan Kusuma,Female,42,Jakarta,DKI Jakarta,2022-12-02,Instagram Ads
CUST-3850,Nadia Hidayat,Male,19,Bandung,Jawa Barat,2024-02-10,Instagram Ads
CUST-3851,Faisal Firmansyah,Male,26,Jakarta,DKI Jakarta,2023-05-07,Instagram Ads
CUST-3852,Zahra Handoko,Female,42,Surabaya,Jawa Timur,2022-11-16,TikTok Ads
CUST-3853,Nanda Kurniawan,Female,22,Bandung,Jawa Barat,2025-03-14,TikTok Ads
CUST-3854,Maya Hidayat,Female,30,Semarang,Jawa Tengah,2023-06-20,Marketplace
CUST-3855,Omar Kurniawan,Female,21,Balikpapan,Kalimantan Timur,2024-03-13,TikTok Ads
CUST-3856,Vina Lestari,Male,34,Semarang,Jawa Tengah,2023-05-10,Organic Social
CUST-3857,Hilda Ramadhan,Male,35,Depok,Jawa Barat,2022-09-27,Organic Social
CUST-3858,Wawan Gunawan,Male,36,Jakarta,DKI Jakarta,2023-05-16,Organic Social
CUST-3859,Lukman Saputra,Female,30,Bogor,Jawa Barat,2023-01-13,TikTok Ads
CUST-3860,Laras Santoso,Male,28,pekanbaru,Riau,2022-12-16,TikTok Ads
CUST-3861,Eka Prakoso,Male,25,Tangerang,Banten,2022-08-24,Instagram Ads
CUST-3862,Lukman Permana,Female,38,Surabaya,Jawa Timur,2023-11-13,Marketplace
CUST-3863,Zahra Handoko,Female,42,jakarta,DKI Jakarta,2024-06-27,Instagram Ads
CUST-3864,Faisal Marliana,Female,35,Medan,Sumatera Utara,2022-12-26,Instagram Ads
CUST-3865,Putri Santoso,Female,31,jakarta,DKI Jakarta,2022-11-26,TikTok Ads
CUST-3866,Vina Utami,Female,20,Makassar,Sulawesi Selatan,2024-06-12,Instagram Ads
CUST-3867,Fajar Ramadhan,Female,33,Jakarta,DKI Jakarta,2024-02-20,Referral
CUST-3868,Anwar Lestari,Female,36,Palembang,Sumatera Selatan,2024-09-12,TikTok Ads
CUST-3869,Hilda Permana,Female,44,Surabaya,Jawa Timur,2024-11-02,Instagram Ads
CUST-3870,Omar Handoko,Male,22,Semarang,Jawa Tengah,2023-06-12,Marketplace
CUST-3871,Kevin Hartono,Female,28,Bandung,Jawa Barat,2023-04-09,Marketplace
CUST-3872,Yoga Wibowo,Female,22,Depok,Jawa Barat,2022-07-17,Marketplace
CUST-3873,Farah Cahyani,Female,43,Surabaya,Jawa Timur,2022-12-09,Referral
CUST-3874,Hana Wibowo,Male,23,Makassar,Sulawesi Selatan,2023-04-24,TikTok Ads
CUST-3875,Prita Yulianti,Male,23,Surabaya,Jawa Timur,2025-03-28,TikTok Ads
CUST-3876,Omar Purnama,Female,44,Bandar Lampung,Lampung,2024-09-01,Organic Social
CUST-3877,Laras Yulianti,Female,39,Balikpapan,Kalimantan Timur,2022-08-02,Marketplace
CUST-3878,Sinta Yulianti,Female,37,Jakarta,DKI Jakarta,2022-06-08,Google Search
CUST-3879,Prita Anggraini,Female,43,Bandar Lampung,Lampung,2024-05-21,Instagram Ads
CUST-3880,Jasmine Handoko,Female,39,Jakarta,DKI Jakarta,2023-03-26,Instagram Ads
CUST-3881,Krisna Anggraini,Male,27,Bandung,Jawa Barat,2025-03-07,Marketplace
CUST-3882,Vero Yulianti,Female,29,Jakarta,DKI Jakarta,2024-05-17,Instagram Ads
CUST-3883,Vero Kurniawan,Male,44,Unknown,Bali,2025-04-14,Instagram Ads
CUST-3884,Tono Setiawan,Female,44,Makassar,Sulawesi Selatan,2025-04-22,Instagram Ads
CUST-3885,Farah Permana,Female,32,Depok,Jawa Barat,2023-06-08,Organic Social
CUST-3886,Cindy Cahyani,Male,38,bandung,Jawa Barat,2024-08-26,Google Search
CUST-3887,Wawan Maulana,Male,42,Bandung,Jawa Barat,2022-11-18,TikTok Ads
CUST-3888,Erik Gunawan,Female,31,Denpasar,Bali,2023-07-24,TikTok Ads
CUST-3889,Hesti Anggraini,Female,35,Jakarta,DKI Jakarta,2025-04-20,Referral
CUST-3890,Putri Santoso,Male,38,Surabaya,Jawa Timur,2024-10-19,Instagram Ads
CUST-3891,Indra Prakoso,Female,23,Denpasar,Bali,2022-09-16,Google Search
CUST-3892,Adit Kurniawan,Male,25,Malang,Jawa Timur,2022-12-18,Instagram Ads
CUST-3893,Fajar Darmawan,Male,33,Bogor,Jawa Barat,2023-12-20,Google Search
CUST-3894,Wulan Sukmawati,Female,29,Jakarta,DKI Jakarta,2025-04-08,Instagram Ads
CUST-3895,Vero Purnama,Male,36,Solo,Jawa Tengah,2024-03-22,Instagram Ads
CUST-3896,Dewi Gunawan,Female,44,Jakarta,DKI Jakarta,2023-02-05,Instagram Ads
CUST-3897,Yoga Maulana,Female,30,Surabaya,Jawa Timur,2025-07-23,TikTok Ads
CUST-3898,Wulan Wibowo,Female,26,Makassar,Sulawesi Selatan,2025-07-30,TikTok Ads
CUST-3899,Dinda Firmansyah,Male,43,Depok,Jawa Barat,2023-11-06,TikTok Ads
CUST-3900,Irfan Kusuma,Female,40,Bekasi,Jawa Barat,2024-04-10,TikTok Ads
CUST-3901,Kartika Cahyani,Male,24,Denpasar,Bali,2025-05-31,TikTok Ads
CUST-3902,Nanda Wijaya,Female,23,Jakarta,DKI Jakarta,2023-01-13,TikTok Ads
CUST-3903,Erik Maulana,Female,42,Semarang,Jawa Tengah,2024-05-03,TikTok Ads
CUST-3904,Sari Lestari,Female,38,Surabaya,Jawa Timur,2025-03-11,Organic Social
CUST-3905,Laras Suryadi,Male,37,Jakarta,DKI Jakarta,2023-12-03,TikTok Ads
CUST-3906,Vina Marliana,Male,21,Jakarta,DKI Jakarta,2024-06-01,TikTok Ads
CUST-3907,Ulfa Hartono,Male,24,Depok,Jawa Barat,2024-04-06,TikTok Ads
CUST-3908,Eka Cahyani,Male,21,Semarang,Jawa Tengah,2024-12-23,Google Search
CUST-3909,Vina Darmawan,Male,24,Balikpapan,Kalimantan Timur,2024-07-30,Instagram Ads
CUST-3910,Rangga Lestari,Male,38,Bekasi,Jawa Barat,2023-01-28,Instagram Ads
CUST-3911,Anwar Firmansyah,Male,21,Makassar,Sulawesi Selatan,2024-05-29,TikTok Ads
CUST-3912,Kevin Sukmawati,Female,38,Malang,Jawa Timur,2024-09-03,Instagram Ads
CUST-3913,Dinda Kusuma,Male,30,Depok,Jawa Barat,2025-08-02,Instagram Ads
CUST-3914,Vina Purnama,Male,21,Jakarta,DKI Jakarta,2023-06-28,TikTok Ads
CUST-3915,Sari Darmawan,Male,23,Makassar,Sulawesi Selatan,2023-05-20,TikTok Ads
CUST-3916,Rizky Maulana,Male,38,Bekasi,Jawa Barat,2024-02-16,Google Search
CUST-3917,Dewi Santoso,Male,32,Medan,Sumatera Utara,2025-04-30,Organic Social
CUST-3918,Jasmine Permana,Female,44,Malang,Jawa Timur,2022-08-08,Google Search
CUST-3919,Zaki Yulianti,Male,33,jakarta,DKI Jakarta,2024-04-14,Organic Social
CUST-3920,Sari Maulana,Female,30,Surabaya,Jawa Timur,2025-02-20,Organic Social
CUST-3921,Hilda Maulana,Female,31,Bandung,Jawa Barat,2025-09-12,TikTok Ads
CUST-3922,Dewi Firmansyah,Male,23,Bandung,Jawa Barat,2024-09-03,TikTok Ads
CUST-3923,Ulfa Halim,Male,21,Jakarta,DKI Jakarta,2024-02-03,Referral
CUST-3924,Taufik Halim,Female,42,Depok,Jawa Barat,2024-05-15,Organic Social
CUST-3925,Yuni Lestari,Female,21,Unknown,Jawa Timur,2022-08-27,Referral
CUST-3926,Endah Lestari,Female,19,Bogor,Jawa Barat,2023-08-20,Organic Social
CUST-3927,Rangga Saputra,Male,31,Semarang,Jawa Tengah,2022-11-30,Marketplace
CUST-3928,Ayu Pratama,Male,27,Unknown,Jawa Timur,2025-02-03,TikTok Ads
CUST-3929,Sinta Yulianti,Male,45,Makassar,Sulawesi Selatan,2022-07-16,Organic Social
CUST-3930,Zaki Gunawan,Male,21,Tangerang,Banten,2022-12-22,Instagram Ads
CUST-3931,Anwar Kusuma,Female,44,Medan,Sumatera Utara,2023-12-20,TikTok Ads
CUST-3932,Ivan Darmawan,Male,38,Denpasar,Bali,2024-10-27,Referral
CUST-3933,Doni Maulana,Male,34,Bandung,Jawa Barat,2024-04-19,TikTok Ads
CUST-3934,Vina Permana,Male,34,Bekasi,Jawa Barat,2025-09-05,Referral
CUST-3935,Anwar Maulana,Male,28,Bandung,Jawa Barat,2023-08-05,TikTok Ads
CUST-3936,Lukman Halim,Female,32,Denpasar,Bali,2022-12-26,Referral
CUST-3937,Ulfa Utami,Male,20,Bogor,Jawa Barat,2023-11-27,Instagram Ads
CUST-3938,Dewi Ramadhan,Female,33,Jakarta,DKI Jakarta,2023-08-06,Instagram Ads
CUST-3939,Oki Darmawan,Male,33,Jakarta,DKI Jakarta,2024-04-13,Instagram Ads
CUST-3940,Rangga Cahyani,Male,45,Balikpapan,Kalimantan Timur,2023-10-06,TikTok Ads
CUST-3941,Wawan Wibowo,Male,33,Jakarta,DKI Jakarta,2024-05-22,Instagram Ads
CUST-3942,Umar Nugroho,Male,42,Jakarta,DKI Jakarta,2023-12-06,TikTok Ads
CUST-3943,Joko Utami,Female,38,Unknown,Jawa Barat,2024-07-06,Organic Social
CUST-3944,Taufik Sukmawati,Female,19,Unknown,Jawa Tengah,2024-07-03,Google Search
CUST-3945,Galih Gunawan,Female,38,Balikpapan,Kalimantan Timur,2024-05-05,Marketplace
CUST-3946,Jasmine Rahayu,Female,23,Jakarta,DKI Jakarta,2024-09-15,Organic Social
CUST-3947,Nanda Sukmawati,Male,32,Bandung,Jawa Barat,2023-01-27,Referral
CUST-3948,Gita Hidayat,Female,28,Depok,Jawa Barat,2024-02-09,TikTok Ads
CUST-3949,Galih Ramadhan,Male,22,Medan,Sumatera Utara,2024-11-27,Google Search
CUST-3950,Vero Lestari,Male,22,Tangerang,Banten,2023-10-16,Google Search
CUST-3951,Zaki Cahyani,Male,34,Solo,Jawa Tengah,2025-04-27,Referral
CUST-3952,Gita Pratama,Female,38,Unknown,DKI Jakarta,2025-01-01,Instagram Ads
CUST-3953,Doni Sukmawati,Male,20,Bandung,Jawa Barat,2022-08-03,Instagram Ads
CUST-3954,Galih Setiawan,Male,27,Surabaya,Jawa Timur,2025-08-17,TikTok Ads
CUST-3955,Irfan Cahyani,Female,40,Medan,Sumatera Utara,2025-05-19,Instagram Ads
CUST-3956,Krisna Darmawan,Female,43,Bekasi,Jawa Barat,2024-06-17,Organic Social
CUST-3957,Maya Yulianti,Female,26,Medan,Sumatera Utara,2024-11-28,TikTok Ads
CUST-3958,Ivan Hartono,Male,44,Solo,Jawa Tengah,2024-06-23,TikTok Ads
CUST-3959,Sari Darmawan,Female,36,Yogyakarta,DI Yogyakarta,2024-12-17,Instagram Ads
CUST-3960,Adit Santoso,Male,43,Jakarta,DKI Jakarta,2024-05-08,Instagram Ads
CUST-3961,Prita Permana,Male,28,Jakarta,DKI Jakarta,2025-01-14,Marketplace
CUST-3962,Vero Darmawan,Male,26,Jakarta,DKI Jakarta,2024-09-07,Referral
CUST-3963,Bagus Saputra,Male,27,Surabaya,Jawa Timur,2022-10-07,Referral
CUST-3964,Oki Yulianti,Male,33,Bogor,Jawa Barat,2022-06-23,TikTok Ads
CUST-3965,Bagus Rahayu,Female,23,Makassar,Sulawesi Selatan,2024-06-17,Instagram Ads
CUST-3966,Irfan Sukmawati,Male,40,Unknown,Jawa Barat,2023-06-07,TikTok Ads
CUST-3967,Hilda Rahayu,Male,44,Unknown,Sumatera Utara,2023-11-24,Organic Social
CUST-3968,Indra Ramadhan,Male,22,Semarang,Jawa Tengah,2024-10-26,Instagram Ads
CUST-3969,Vina Handoko,Female,39,Jakarta,DKI Jakarta,2023-05-07,Instagram Ads
CUST-3970,Laras Yulianti,Male,44,Surabaya,Jawa Timur,2023-01-08,Marketplace
CUST-3971,Doni Hidayat,Female,43,Bogor,Jawa Barat,2024-02-17,Google Search
CUST-3972,Dinda Lestari,Male,24,Bandung,Jawa Barat,2024-07-02,Instagram Ads
CUST-3973,Jihan Ramadhan,Female,44,Bandar Lampung,Lampung,2023-01-11,Organic Social
CUST-3974,Maya Rahayu,Female,31,palembang,Sumatera Selatan,2024-05-02,Marketplace
CUST-3975,Reza Setiawan,Female,36,Denpasar,Bali,2023-03-23,Instagram Ads
CUST-3976,Umar Darmawan,Male,42,Medan,Sumatera Utara,2024-11-27,Instagram Ads
CUST-3977,Sinta Halim,Male,21,Bekasi,Jawa Barat,2023-12-25,Instagram Ads
CUST-3978,Vina Hidayat,Male,26,Pekanbaru,Riau,2023-11-17,Marketplace
CUST-3979,Jasmine Wibowo,Female,24,Palembang,Sumatera Selatan,2023-01-14,Instagram Ads
CUST-3980,Endah Kurniawan,Male,31,Jakarta,DKI Jakarta,2025-02-11,TikTok Ads
CUST-3981,Citra Nugroho,Male,40,Tangerang,Banten,2022-06-22,Marketplace
CUST-3982,Adit Suryadi,Female,42,Jakarta,DKI Jakarta,2025-01-08,TikTok Ads
CUST-3983,Galih Halim,Male,24,Yogyakarta,DI Yogyakarta,2022-10-13,Instagram Ads
CUST-3984,Gita Rahayu,Female,20,Semarang,Jawa Tengah,2025-04-23,TikTok Ads
CUST-3985,Rizky Handoko,Female,45,Medan,Sumatera Utara,2022-08-31,Instagram Ads
CUST-3986,Gita Purnama,Female,32,Bandung,Jawa Barat,2024-08-29,Google Search
CUST-3987,Nadia Ramadhan,Male,40,surabaya,Jawa Timur,2024-03-23,Instagram Ads
CUST-3988,Laras Sukmawati,Male,37,Bekasi,Jawa Barat,2023-10-26,Referral
CUST-3989,Sinta Nugroho,Female,23,Yogyakarta,DI Yogyakarta,2022-07-02,Referral
CUST-3990,Zaki Setiawan,Female,21,Medan,Sumatera Utara,2022-09-17,Google Search
CUST-3991,Adit Anggraini,Female,31,Unknown,DKI Jakarta,2025-06-20,Instagram Ads
CUST-3992,Prita Marliana,Male,21,Jakarta,DKI Jakarta,2024-04-11,TikTok Ads
CUST-3993,Indra Kusuma,Male,31,Jakarta,DKI Jakarta,2024-04-29,Instagram Ads
CUST-3994,Beni Hidayat,Female,35,Medan,Sumatera Utara,2022-07-22,TikTok Ads
CUST-3995,Zahra Rahayu,Female,30,Jakarta,DKI Jakarta,2023-09-18,Organic Social
CUST-3996,Hilda Yulianti,Female,30,Jakarta,DKI Jakarta,2022-11-17,TikTok Ads
CUST-3997,Nanda Darmawan,Female,27,Jakarta,DKI Jakarta,2024-02-28,Referral
CUST-3998,Dewi Kurniawan,Male,42,Bandung,Jawa Barat,2022-07-24,Organic Social
CUST-3999,Zaki Rahayu,Female,21,Jakarta,DKI Jakarta,2025-06-17,Marketplace
CUST-4000,Wawan Yulianti,Female,19,Medan,Sumatera Utara,2025-02-12,Referral
CUST-4001,Galih Cahyani,Female,34,Medan,Sumatera Utara,2022-12-22,Instagram Ads
CUST-4002,Umar Santoso,Female,20,Jakarta,DKI Jakarta,2024-09-19,Instagram Ads
CUST-4003,Rangga Setiawan,Female,21,Palembang,Sumatera Selatan,2024-07-22,Organic Social
CUST-4004,Rizky Setiawan,Male,25,Bekasi,Jawa Barat,2025-07-12,Instagram Ads
CUST-4005,Guntur Ramadhan,Male,31,Bekasi,Jawa Barat,2024-12-15,TikTok Ads
CUST-4006,Reza Prakoso,Female,28,Jakarta,DKI Jakarta,2024-08-03,Referral
CUST-4007,Erik Santoso,Male,40,Medan,Sumatera Utara,2024-12-18,Google Search
CUST-4008,Mega Yulianti,Female,26,Yogyakarta,DI Yogyakarta,2023-09-28,TikTok Ads
CUST-4009,Irfan Hidayat,Female,43,Bogor,Jawa Barat,2024-12-11,Marketplace
CUST-4010,Farah Wijaya,Female,27,Bandung,Jawa Barat,2022-06-01,Google Search
CUST-4011,Jihan Santoso,Male,25,Tangerang,Banten,2024-11-15,Marketplace
CUST-4012,Endah Hartono,Male,24,Surabaya,Jawa Timur,2024-04-29,Organic Social
CUST-4013,Cahya Suryadi,Male,41,Medan,Sumatera Utara,2024-06-07,TikTok Ads
CUST-4014,Umar Marliana,Female,37,Jakarta,DKI Jakarta,2023-01-07,TikTok Ads
CUST-4015,Laras Yulianti,Female,33,Bandung,Jawa Barat,2024-05-20,TikTok Ads
CUST-4016,Taufik Pratama,Female,35,Jakarta,DKI Jakarta,2025-08-24,Referral
CUST-4017,Farah Gunawan,Female,40,Unknown,Sumatera Utara,2025-04-05,Referral
CUST-4018,Lukman Kurniawan,Female,37,Jakarta,DKI Jakarta,2024-11-05,Organic Social
CUST-4019,Bayu Yulianti,Female,35,Denpasar,Bali,2024-09-13,TikTok Ads
CUST-4020,Zaki Anggraini,Male,33,Jakarta,DKI Jakarta,2024-11-23,Instagram Ads
CUST-4021,Rizky Utami,Female,45,Denpasar,Bali,2025-08-10,TikTok Ads
CUST-4022,Doni Darmawan,Female,44,Medan,Sumatera Utara,2024-11-26,Instagram Ads
CUST-4023,Sinta Yulianti,Female,32,Surabaya,Jawa Timur,2023-02-22,Instagram Ads
CUST-4024,Taufik Darmawan,Female,24,Semarang,Jawa Tengah,2023-05-10,Instagram Ads
CUST-4025,Rizky Pratama,Male,26,Depok,Jawa Barat,2023-08-16,Organic Social
CUST-4026,Rangga Cahyani,Male,31,Depok,Jawa Barat,2022-07-27,Instagram Ads
CUST-4027,Wawan Anggraini,Male,39,Bandar Lampung,Lampung,2024-08-25,TikTok Ads
CUST-4028,Wawan Utami,Male,21,Surabaya,Jawa Timur,2023-03-15,TikTok Ads
CUST-4029,Hilda Prakoso,Male,27,Bogor,Jawa Barat,2022-08-07,Google Search
CUST-4030,Hana Purnama,Male,29,Bandung,Jawa Barat,2025-02-05,Google Search
CUST-4031,Yuni Permana,Male,27,Bekasi,Jawa Barat,2025-05-01,Marketplace
CUST-4032,Umar Halim,Female,33,Semarang,Jawa Tengah,2022-06-14,TikTok Ads
CUST-4033,Prita Anggraini,Female,32,Depok,Jawa Barat,2025-02-07,TikTok Ads
CUST-4034,Indra Kusuma,Female,42,Jakarta,DKI Jakarta,2023-06-05,Instagram Ads
CUST-4035,Vero Marliana,Female,21,Malang,Jawa Timur,2025-02-09,TikTok Ads
CUST-4036,Sinta Halim,Male,37,Surabaya,Jawa Timur,2024-09-27,TikTok Ads
CUST-4037,Ivan Suryadi,Male,24,Yogyakarta,DI Yogyakarta,2025-05-10,Instagram Ads
CUST-4038,Laras Gunawan,Female,24,Depok,Jawa Barat,2022-11-04,Organic Social
CUST-4039,Umar Permana,Female,40,Jakarta,DKI Jakarta,2023-01-18,Instagram Ads
CUST-4040,Adit Suryadi,Male,36,Jakarta,DKI Jakarta,2023-07-04,Instagram Ads
CUST-4041,Taufik Santoso,Female,34,Bandung,Jawa Barat,2022-08-24,Instagram Ads
CUST-4042,Fajar Sukmawati,Male,39,Jakarta,DKI Jakarta,2023-04-23,Organic Social
CUST-4043,Ivan Suryadi,Male,21,Surabaya,Jawa Timur,2024-06-20,Google Search
CUST-4044,Indra Handoko,Female,27,Denpasar,Bali,2022-10-18,TikTok Ads
CUST-4045,Taufik Ramadhan,Male,30,Denpasar,Bali,2022-07-07,Google Search
CUST-4046,Ayu Wijaya,Male,26,Bandung,Jawa Barat,2023-05-16,TikTok Ads
CUST-4047,Cahya Saputra,Female,36,Palembang,Sumatera Selatan,2024-04-30,Instagram Ads
CUST-4048,Putri Cahyani,Female,34,Medan,Sumatera Utara,2024-07-02,Google Search
CUST-4049,Rangga Lestari,Female,44,Surabaya,Jawa Timur,2022-06-22,TikTok Ads
CUST-4050,Yoga Ramadhan,Female,34,Medan,Sumatera Utara,2023-09-13,TikTok Ads
CUST-4051,Zaki Wijaya,Male,33,yogyakarta,DI Yogyakarta,2022-12-22,Referral
CUST-4052,Bagus Hartono,Male,34,Medan,Sumatera Utara,2025-03-13,Instagram Ads
CUST-4053,Wulan Sukmawati,Female,36,jakarta,DKI Jakarta,2023-02-23,TikTok Ads
CUST-4054,Erik Hidayat,Male,33,Jakarta,DKI Jakarta,2023-04-02,Google Search
CUST-4055,Jasmine Nugroho,Male,35,Bogor,Jawa Barat,2025-02-01,TikTok Ads
CUST-4056,Citra Prakoso,Male,44,Balikpapan,Kalimantan Timur,2024-07-01,Instagram Ads
CUST-4057,Bagus Marliana,Female,38,Medan,Sumatera Utara,2024-11-25,Organic Social
CUST-4058,Umar Kurniawan,Female,22,Bandung,Jawa Barat,2024-12-28,Instagram Ads
CUST-4059,Rizky Halim,Male,37,Medan,Sumatera Utara,2025-01-13,TikTok Ads
CUST-4060,Reza Purnama,Female,21,Jakarta,DKI Jakarta,2025-06-22,Marketplace
CUST-4061,Reza Maulana,Male,26,Unknown,Kalimantan Timur,2025-01-18,Referral
CUST-4062,Prita Permana,Male,27,Yogyakarta,DI Yogyakarta,2023-05-18,Instagram Ads
CUST-4063,Kartika Hartono,Male,33,Malang,Jawa Timur,2024-02-14,Marketplace
CUST-4064,Farah Permana,Female,31,Surabaya,Jawa Timur,2025-01-31,Instagram Ads
CUST-4065,Dewi Darmawan,Male,38,Semarang,Jawa Tengah,2022-08-28,Organic Social
CUST-4066,Tono Suryadi,Male,39,Bandung,Jawa Barat,2025-05-29,Google Search
CUST-4067,Tono Pratama,Male,42,Surabaya,Jawa Timur,2022-09-12,Google Search
CUST-4068,Tono Marliana,Female,34,Surabaya,Jawa Timur,2024-05-26,Instagram Ads
CUST-4069,Kevin Wijaya,Female,27,Surabaya,Jawa Timur,2023-03-11,Instagram Ads
CUST-4070,Sari Kurniawan,Female,43,Bekasi,Jawa Barat,2023-09-16,Organic Social
CUST-4071,Gita Cahyani,Male,23,Solo,Jawa Tengah,2022-12-23,Instagram Ads
CUST-4072,Guntur Lestari,Female,21,Yogyakarta,DI Yogyakarta,2023-06-09,TikTok Ads
CUST-4073,Sari Halim,Male,39,Balikpapan,Kalimantan Timur,2022-06-27,Marketplace
CUST-4074,Yoga Hidayat,Male,38,Depok,Jawa Barat,2023-08-20,TikTok Ads
CUST-4075,Beni Darmawan,Female,39,Bandung,Jawa Barat,2023-04-20,Google Search
CUST-4076,Faisal Yulianti,Male,41,Bandung,Jawa Barat,2024-10-02,Marketplace
CUST-4077,Kartika Maulana,Male,19,Solo,Jawa Tengah,2023-10-24,Referral
CUST-4078,Vina Pratama,Female,43,jakarta,DKI Jakarta,2024-02-07,Instagram Ads
CUST-4079,Prita Wijaya,Female,20,jakarta,DKI Jakarta,2025-07-27,TikTok Ads
CUST-4080,Umar Halim,Female,45,Bogor,Jawa Barat,2024-09-10,TikTok Ads
CUST-4081,Vero Kurniawan,Female,40,Yogyakarta,DI Yogyakarta,2024-03-27,Instagram Ads
CUST-4082,Wulan Cahyani,Female,34,Makassar,Sulawesi Selatan,2023-02-11,Referral
CUST-4083,Laras Utami,Male,44,Tangerang,Banten,2024-11-24,Google Search
CUST-4084,Sari Lestari,Male,31,Bandung,Jawa Barat,2023-09-17,Organic Social
CUST-4085,Hesti Suryadi,Male,41,Bekasi,Jawa Barat,2023-06-11,Google Search
CUST-4086,Hesti Nugroho,Female,45,Jakarta,DKI Jakarta,2024-12-22,Organic Social
CUST-4087,Irfan Prakoso,Female,29,Bandung,Jawa Barat,2025-02-10,Referral
CUST-4088,Joko Permana,Female,22,Jakarta,DKI Jakarta,2023-09-15,Referral
CUST-4089,Vero Prakoso,Male,36,Bandar Lampung,Lampung,2022-07-15,TikTok Ads
CUST-4090,Ayu Wijaya,Female,29,Jakarta,DKI Jakarta,2023-09-15,Instagram Ads
CUST-4091,Fajar Gunawan,Female,19,Depok,Jawa Barat,2024-03-30,Marketplace
CUST-4092,Sari Firmansyah,Female,37,Bandung,Jawa Barat,2025-03-18,Marketplace
CUST-4093,Taufik Permana,Female,39,Jakarta,DKI Jakarta,2023-04-08,Marketplace
CUST-4094,Dinda Gunawan,Female,38,Surabaya,Jawa Timur,2022-10-24,Organic Social
CUST-4095,Galih Darmawan,Female,45,Jakarta,DKI Jakarta,2023-09-20,TikTok Ads
CUST-4096,Yuni Marliana,Male,42,Medan,Sumatera Utara,2023-10-24,Instagram Ads
CUST-4097,Rangga Kurniawan,Male,28,Tangerang,Banten,2023-09-01,Referral
CUST-4098,Zahra Lestari,Female,41,Jakarta,DKI Jakarta,2025-01-19,TikTok Ads
CUST-4099,Hesti Firmansyah,Female,26,Pekanbaru,Riau,2024-08-12,Google Search
CUST-4100,Hana Sukmawati,Female,45,Solo,Jawa Tengah,2024-09-16,TikTok Ads
CUST-4101,Irfan Cahyani,Male,36,Bogor,Jawa Barat,2022-10-31,TikTok Ads
CUST-4102,Eka Lestari,Male,19,Bandung,Jawa Barat,2022-06-19,Instagram Ads
CUST-4103,Cahya Gunawan,Male,40,jakarta,DKI Jakarta,2024-03-05,Google Search
CUST-4104,Taufik Saputra,Female,21,Surabaya,Jawa Timur,2024-11-29,Referral
CUST-4105,Gita Wijaya,Female,43,Unknown,Jawa Timur,2025-03-31,Instagram Ads
CUST-4106,Nadia Halim,Male,20,Bandung,Jawa Barat,2024-10-03,TikTok Ads
CUST-4107,Cindy Hidayat,Female,36,Semarang,Jawa Tengah,2025-03-22,Organic Social
CUST-4108,Hana Maulana,Female,26,palembang,Sumatera Selatan,2023-01-21,Marketplace
CUST-4109,Taufik Gunawan,Male,21,Yogyakarta,DI Yogyakarta,2025-06-02,Marketplace
CUST-4110,Mega Wibowo,Male,39,Bandar Lampung,Lampung,2022-09-02,TikTok Ads
CUST-4111,Lukman Rahayu,Female,24,Surabaya,Jawa Timur,2025-07-15,Instagram Ads
CUST-4112,Wulan Firmansyah,Male,24,Yogyakarta,DI Yogyakarta,2023-04-16,Marketplace
CUST-4113,Nanda Gunawan,Female,39,Jakarta,DKI Jakarta,2024-01-16,TikTok Ads
CUST-4114,Bagus Setiawan,Female,42,Jakarta,DKI Jakarta,2025-04-22,Instagram Ads
CUST-4115,Mega Firmansyah,Male,35,Bekasi,Jawa Barat,2024-11-25,Marketplace
CUST-4116,Nanda Maulana,Female,28,Surabaya,Jawa Timur,2023-11-05,TikTok Ads
CUST-4117,Citra Wibowo,Female,37,jakarta,DKI Jakarta,2024-08-02,TikTok Ads
CUST-4118,Galih Marliana,Female,36,Tangerang,Banten,2024-12-07,Instagram Ads
CUST-4119,Beni Gunawan,Female,30,Surabaya,Jawa Timur,2024-05-26,Organic Social
CUST-4120,Dewi Kurniawan,Female,43,Unknown,DKI Jakarta,2024-02-12,Google Search
CUST-4121,Ivan Prakoso,Female,20,Surabaya,Jawa Timur,2023-03-28,Marketplace
CUST-4122,Faisal Yulianti,Female,34,Surabaya,Jawa Timur,2023-08-13,Instagram Ads
CUST-4123,Gita Purnama,Female,41,Denpasar,Bali,2022-12-21,Organic Social
CUST-4124,Joko Pratama,Female,36,Bogor,Jawa Barat,2023-01-07,Organic Social
CUST-4125,Tono Lestari,Female,30,Jakarta,DKI Jakarta,2022-09-26,TikTok Ads
CUST-4126,Yoga Sukmawati,Female,20,Denpasar,Bali,2024-05-01,Instagram Ads
CUST-4127,Ayu Firmansyah,Male,37,Medan,Sumatera Utara,2025-07-02,TikTok Ads
CUST-4128,Nanda Pratama,Female,31,Semarang,Jawa Tengah,2025-02-04,Instagram Ads
CUST-4129,Dewi Pratama,Female,26,depok,Jawa Barat,2023-12-30,Instagram Ads
CUST-4130,Kevin Utami,Female,38,Jakarta,DKI Jakarta,2023-09-01,Marketplace
CUST-4131,Reza Maulana,Female,37,Yogyakarta,DI Yogyakarta,2023-12-22,TikTok Ads
CUST-4132,Maya Gunawan,Female,38,Bandung,Jawa Barat,2024-08-02,Instagram Ads
CUST-4133,Anwar Lestari,Female,29,Medan,Sumatera Utara,2024-07-13,Google Search
CUST-4134,Irfan Permana,Female,20,Jakarta,DKI Jakarta,2023-05-06,Instagram Ads
CUST-4135,Fajar Ramadhan,Female,22,Surabaya,Jawa Timur,2025-01-14,TikTok Ads
CUST-4136,Farah Firmansyah,Male,22,Medan,Sumatera Utara,2022-08-29,Instagram Ads
CUST-4137,Cindy Cahyani,Female,32,Malang,Jawa Timur,2022-06-25,TikTok Ads
CUST-4138,Krisna Permana,Female,23,Jakarta,DKI Jakarta,2023-06-04,Organic Social
CUST-4139,Bayu Santoso,Male,31,Yogyakarta,DI Yogyakarta,2022-08-08,TikTok Ads
CUST-4140,Farah Permana,Male,44,Yogyakarta,DI Yogyakarta,2024-03-23,TikTok Ads
CUST-4141,Joko Hidayat,Female,27,Jakarta,DKI Jakarta,2023-03-24,TikTok Ads
CUST-4142,Putri Anggraini,Male,26,Bogor,Jawa Barat,2023-06-27,Instagram Ads
CUST-4143,Hana Kurniawan,Male,45,Surabaya,Jawa Timur,2023-09-07,TikTok Ads
CUST-4144,Hana Kurniawan,Male,39,Tangerang,Banten,2024-07-18,Instagram Ads
CUST-4145,Fajar Pratama,Male,32,Jakarta,DKI Jakarta,2023-10-23,Instagram Ads
CUST-4146,Hana Prakoso,Male,37,Bandar Lampung,Lampung,2022-12-07,Instagram Ads
CUST-4147,Taufik Hartono,Male,31,medan,Sumatera Utara,2023-02-12,Instagram Ads
CUST-4148,Nanda Permana,Female,36,Bandung,Jawa Barat,2025-02-20,Instagram Ads
CUST-4149,Eka Rahayu,Female,21,Jakarta,DKI Jakarta,2023-11-19,Instagram Ads
CUST-4150,Wawan Kurniawan,Male,28,Pekanbaru,Riau,2025-07-26,Instagram Ads
CUST-4151,Mega Ramadhan,Female,22,Tangerang,Banten,2023-04-17,Instagram Ads
CUST-4152,Yoga Hidayat,Female,32,Bandung,Jawa Barat,2022-08-18,Organic Social
CUST-4153,Hesti Anggraini,Female,28,Depok,Jawa Barat,2024-07-31,TikTok Ads
CUST-4154,Zahra Kurniawan,Female,44,Jakarta,DKI Jakarta,2023-07-11,TikTok Ads
CUST-4155,Sinta Suryadi,Male,23,Bandung,Jawa Barat,2023-02-12,Google Search
CUST-4156,Farah Kurniawan,Male,19,Depok,Jawa Barat,2024-12-18,TikTok Ads
CUST-4157,Nadia Utami,Male,35,Bandung,Jawa Barat,2025-09-02,Instagram Ads
CUST-4158,Lukman Prakoso,Female,38,Jakarta,DKI Jakarta,2023-09-12,Google Search
CUST-4159,Kartika Maulana,Female,31,Balikpapan,Kalimantan Timur,2022-10-24,Referral
CUST-4160,Cindy Gunawan,Male,41,Yogyakarta,DI Yogyakarta,2023-09-22,TikTok Ads
CUST-4161,Bagus Setiawan,Female,45,Pekanbaru,Riau,2023-10-08,Google Search
CUST-4162,Oki Wibowo,Female,22,Makassar,Sulawesi Selatan,2024-01-26,Instagram Ads
CUST-4163,Ivan Wibowo,Female,33,Bandar Lampung,Lampung,2022-07-14,TikTok Ads
CUST-4164,Dinda Rahayu,Female,39,Bandung,Jawa Barat,2025-07-24,Google Search
CUST-4165,Putri Wibowo,Female,19,Semarang,Jawa Tengah,2025-04-24,Organic Social
CUST-4166,Adit Darmawan,Male,33,Jakarta,DKI Jakarta,2022-09-18,Instagram Ads
CUST-4167,Umar Hartono,Male,29,yogyakarta,DI Yogyakarta,2023-08-29,Instagram Ads
CUST-4168,Hilda Santoso,Female,22,Jakarta,DKI Jakarta,2022-08-15,TikTok Ads
CUST-4169,Bagus Kusuma,Male,20,Medan,Sumatera Utara,2024-10-14,Marketplace
CUST-4170,Farah Purnama,Female,44,Bandung,Jawa Barat,2024-01-23,TikTok Ads
CUST-4171,Sinta Purnama,Female,40,Bandung,Jawa Barat,2023-09-19,Referral
CUST-4172,Gita Suryadi,Female,24,Solo,Jawa Tengah,2024-05-02,Organic Social
CUST-4173,Adit Marliana,Male,30,Jakarta,DKI Jakarta,2023-08-07,Marketplace
CUST-4174,Yuni Saputra,Male,31,Jakarta,DKI Jakarta,2025-09-12,Referral
CUST-4175,Endah Saputra,Male,33,Tangerang,Banten,2025-02-03,Marketplace
CUST-4176,Galih Cahyani,Male,23,Malang,Jawa Timur,2024-10-23,Referral
CUST-4177,Yuni Handoko,Male,44,Bandar Lampung,Lampung,2023-07-07,TikTok Ads
CUST-4178,Sinta Yulianti,Male,23,Bogor,Jawa Barat,2023-10-12,TikTok Ads
CUST-4179,Putri Hidayat,Female,21,Yogyakarta,DI Yogyakarta,2022-12-07,Google Search
CUST-4180,Cindy Maulana,Male,31,depok,Jawa Barat,2025-02-11,Instagram Ads
CUST-4181,Endah Hartono,Female,26,Surabaya,Jawa Timur,2022-12-25,Instagram Ads
CUST-4182,Ulfa Yulianti,Female,29,Malang,Jawa Timur,2023-02-04,Google Search
CUST-4183,Nanda Prakoso,Male,31,Unknown,Sulawesi Selatan,2024-06-29,Google Search
CUST-4184,Prita Firmansyah,Female,28,Tangerang,Banten,2024-12-04,TikTok Ads
CUST-4185,Indra Suryadi,Male,26,yogyakarta,DI Yogyakarta,2023-09-16,Referral
CUST-4186,Mega Halim,Male,31,Solo,Jawa Tengah,2025-06-12,TikTok Ads
CUST-4187,Rizky Wijaya,Female,38,jakarta,DKI Jakarta,2022-09-21,Instagram Ads
CUST-4188,Dinda Lestari,Male,42,Denpasar,Bali,2023-01-14,TikTok Ads
CUST-4189,Rangga Darmawan,Female,36,Surabaya,Jawa Timur,2025-09-11,Referral
CUST-4190,Adit Wijaya,Female,21,Makassar,Sulawesi Selatan,2022-11-15,Referral
CUST-4191,Umar Ramadhan,Male,25,Semarang,Jawa Tengah,2023-03-14,Marketplace
CUST-4192,Jasmine Cahyani,Male,40,Bogor,Jawa Barat,2022-09-13,Organic Social
CUST-4193,Eka Wijaya,Female,40,Bogor,Jawa Barat,2025-02-04,Instagram Ads
CUST-4194,Putri Firmansyah,Female,33,Bandung,Jawa Barat,2023-02-11,Marketplace
CUST-4195,Nadia Halim,Male,42,Bogor,Jawa Barat,2024-06-13,Instagram Ads
CUST-4196,Nanda Darmawan,Female,23,Jakarta,DKI Jakarta,2025-05-22,Instagram Ads
CUST-4197,Eka Firmansyah,Male,22,Tangerang,Banten,2024-08-23,Google Search
CUST-4198,Rangga Darmawan,Male,23,Solo,Jawa Tengah,2023-09-01,Instagram Ads
CUST-4199,Prita Hartono,Female,25,Makassar,Sulawesi Selatan,2023-10-02,Google Search
CUST-4200,Joko Utami,Female,19,Surabaya,Jawa Timur,2025-01-03,Organic Social
