customer_id,customer_name,city,acquisition_channel,last_order_date,recency_days,frequency,monetary,r_score,f_score,m_score,rfm_score,segment
CUST-0001,Cahya Wijaya,Jakarta,Referral,2025-09-11,112,10,2495550,2,5,4,254,Loyal
CUST-0002,Omar Marliana,Semarang,Organic Social,2025-11-10,52,8,1020300,3,4,3,343,Loyal
CUST-0003,Fajar Handoko,Medan,Instagram Ads,2025-12-10,22,9,3892900,4,4,5,445,Champions
CUST-0004,Zaki Gunawan,jakarta,Instagram Ads,2025-07-19,166,3,457800,2,2,2,222,Lost
CUST-0005,Putri Kusuma,Bandung,TikTok Ads,2025-09-02,121,3,1192300,2,2,3,223,Lost
CUST-0006,Anwar Wijaya,Bandung,Instagram Ads,2025-12-22,10,10,2893900,5,5,5,555,Champions
CUST-0007,Laras Marliana,Jakarta,Referral,2025-01-15,351,1,640800,1,1,2,112,Lost
CUST-0008,Rangga Halim,Jakarta,Instagram Ads,2025-11-30,32,2,506000,4,1,2,412,Potential Loyalist
CUST-0009,Ayu Gunawan,Medan,Instagram Ads,2025-11-30,32,9,2291500,4,4,4,444,Champions
CUST-0010,Hana Halim,Solo,Google Search,2025-10-31,62,2,876000,3,1,3,313,Needs Attention
CUST-0011,Endah Rahayu,Depok,Instagram Ads,2025-01-13,353,3,363600,1,2,1,121,Lost
CUST-0012,Jihan Darmawan,Semarang,Instagram Ads,2025-12-10,22,5,1500400,4,3,4,434,Potential Loyalist
CUST-0013,Wulan Marliana,Makassar,Referral,2025-09-12,111,3,946000,2,2,3,223,Lost
CUST-0014,Umar Prakoso,Balikpapan,Google Search,2025-12-02,30,19,4616050,4,5,5,455,Champions
CUST-0015,Anwar Kurniawan,Makassar,TikTok Ads,2025-12-12,20,3,934000,4,2,3,423,Potential Loyalist
CUST-0016,Hilda Prakoso,Jakarta,Organic Social,2025-12-02,30,16,4722750,4,5,5,455,Champions
CUST-0017,Galih Prakoso,Jakarta,Instagram Ads,2025-02-20,315,1,193800,1,1,1,111,Lost
CUST-0018,Kartika Hidayat,Bekasi,TikTok Ads,2025-11-16,46,16,4530000,4,5,5,455,Champions
CUST-0019,Maya Cahyani,Medan,TikTok Ads,2025-11-15,47,8,1391300,4,4,3,443,Champions
CUST-0020,Putri Utami,Solo,Instagram Ads,2025-09-19,104,3,1290100,3,2,3,323,Needs Attention
CUST-0021,Vero Firmansyah,Jakarta,Instagram Ads,2025-12-29,3,1,71400,5,1,1,511,Potential Loyalist
CUST-0022,Sari Ramadhan,Jakarta,TikTok Ads,2025-05-10,236,5,1357000,1,3,3,133,At-Risk
CUST-0023,Cahya Maulana,Semarang,Instagram Ads,2025-12-17,15,7,3183050,5,4,5,545,Champions
CUST-0024,Wulan Wijaya,Jakarta,Referral,2025-12-02,30,3,859000,4,2,3,423,Potential Loyalist
CUST-0025,Guntur Nugroho,Solo,Instagram Ads,2025-07-05,180,5,868600,2,3,3,233,At-Risk
CUST-0026,Putri Handoko,Jakarta,Marketplace,2025-12-12,20,4,1650750,4,3,4,434,Potential Loyalist
CUST-0027,Erik Pratama,Surabaya,Marketplace,2025-11-17,45,13,4244100,4,5,5,455,Champions
CUST-0028,Guntur Wibowo,Bandar Lampung,Marketplace,2025-12-28,4,4,1776150,5,3,4,534,Potential Loyalist
CUST-0029,Beni Anggraini,Jakarta,Instagram Ads,2025-12-22,10,8,1536400,5,4,4,544,Champions
CUST-0030,Tono Saputra,Tangerang,Marketplace,2025-07-27,158,1,105000,2,1,1,211,Lost
CUST-0031,Mega Suryadi,Medan,TikTok Ads,2025-11-18,44,1,622400,4,1,2,412,Potential Loyalist
CUST-0032,Lukman Santoso,Bogor,Google Search,2024-05-30,581,2,535000,1,1,2,112,Lost
CUST-0033,Nadia Wijaya,Denpasar,Google Search,2025-05-19,227,1,80100,2,1,1,211,Lost
CUST-0034,Nanda Ramadhan,Surabaya,Referral,2025-12-30,2,19,6583000,5,5,5,555,Champions
CUST-0035,Vina Kurniawan,jakarta,Referral,2025-11-30,32,4,1281300,4,3,3,433,Potential Loyalist
CUST-0036,Eka Setiawan,Jakarta,Instagram Ads,2025-11-28,34,13,3643450,4,5,5,455,Champions
CUST-0037,Kartika Anggraini,Bandung,Organic Social,2025-06-16,199,4,2146000,2,3,4,234,At-Risk
CUST-0038,Kevin Ramadhan,Tangerang,Instagram Ads,2025-11-08,54,3,292550,3,2,1,321,Needs Attention
CUST-0039,Joko Hidayat,Malang,Instagram Ads,2025-08-19,135,6,2535000,2,4,4,244,Loyal
CUST-0040,Hesti Suryadi,Jakarta,Instagram Ads,2025-11-15,47,7,2858350,4,4,5,445,Champions
CUST-0041,Cindy Pratama,Palembang,TikTok Ads,2025-11-10,52,10,2299300,3,5,4,354,Loyal
CUST-0042,Citra Setiawan,Jakarta,Instagram Ads,2025-03-03,304,3,511400,1,2,2,122,Lost
CUST-0043,Krisna Halim,Unknown,TikTok Ads,2025-12-29,3,4,976600,5,3,3,533,Potential Loyalist
CUST-0044,Cindy Marliana,Jakarta,TikTok Ads,2025-12-23,9,11,3908600,5,5,5,555,Champions
CUST-0045,Bayu Hartono,Denpasar,Referral,2025-11-26,36,14,2900200,4,5,5,455,Champions
CUST-0046,Hilda Maulana,Bandar Lampung,Instagram Ads,2025-08-28,126,5,1040400,2,3,3,233,At-Risk
CUST-0047,Guntur Sukmawati,Tangerang,Organic Social,2025-04-19,257,5,1326300,1,3,3,133,At-Risk
CUST-0048,Oki Saputra,Bandung,Organic Social,2025-06-24,191,7,1987500,2,4,4,244,Loyal
CUST-0049,Sinta Saputra,Yogyakarta,TikTok Ads,2025-03-30,277,1,298000,1,1,1,111,Lost
CUST-0050,Hesti Wibowo,Bandung,Referral,2025-11-19,43,4,1657000,4,3,4,434,Potential Loyalist
CUST-0051,Rangga Kusuma,Bogor,Google Search,2025-12-23,9,21,6294400,5,5,5,555,Champions
CUST-0052,Beni Lestari,Solo,TikTok Ads,2025-10-14,79,3,729500,3,2,2,322,Needs Attention
CUST-0053,Cindy Cahyani,Solo,TikTok Ads,2025-12-17,15,2,530200,5,1,2,512,Potential Loyalist
CUST-0054,Maya Gunawan,Semarang,TikTok Ads,2025-12-18,14,8,2181400,5,4,4,544,Champions
CUST-0055,Wulan Marliana,Pekanbaru,TikTok Ads,2025-11-25,37,7,1710450,4,4,4,444,Champions
CUST-0056,Indra Saputra,Bandung,TikTok Ads,2025-12-27,5,2,562500,5,1,2,512,Potential Loyalist
CUST-0057,Erik Pratama,Pekanbaru,TikTok Ads,2025-10-08,85,4,670150,3,3,2,332,Needs Attention
CUST-0058,Doni Ramadhan,Jakarta,Instagram Ads,2025-12-24,8,5,1192000,5,3,3,533,Potential Loyalist
CUST-0059,Prita Hartono,Yogyakarta,TikTok Ads,2025-04-15,261,2,1474200,1,1,3,113,Lost
CUST-0060,Joko Pratama,Depok,Instagram Ads,2025-12-02,30,4,732500,4,3,2,432,Potential Loyalist
CUST-0061,Vero Cahyani,Solo,TikTok Ads,2025-03-04,303,2,855000,1,1,3,113,Lost
CUST-0062,Guntur Darmawan,Surabaya,Organic Social,2025-12-31,1,9,2359850,5,4,4,544,Champions
CUST-0063,Dewi Setiawan,Bekasi,Instagram Ads,2025-10-08,85,3,1460250,3,2,3,323,Needs Attention
CUST-0064,Krisna Hartono,Bogor,TikTok Ads,2025-10-29,64,9,2106300,3,4,4,344,Loyal
CUST-0065,Citra Prakoso,Bekasi,Marketplace,2025-12-05,27,18,4091000,4,5,5,455,Champions
CUST-0066,Zahra Utami,Surabaya,Organic Social,2025-11-13,49,4,728800,4,3,2,432,Potential Loyalist
CUST-0067,Eka Cahyani,Unknown,Instagram Ads,2025-06-03,212,1,495000,2,1,2,212,Lost
CUST-0068,Oki Wibowo,Bandung,Referral,2025-02-06,329,1,114000,1,1,1,111,Lost
CUST-0069,Bayu Wijaya,Tangerang,Instagram Ads,2024-11-07,420,3,979150,1,2,3,123,Lost
CUST-0070,Zahra Purnama,Surabaya,TikTok Ads,2025-10-19,74,3,851300,3,2,3,323,Needs Attention
CUST-0071,Erik Maulana,Jakarta,TikTok Ads,2025-10-14,79,4,702750,3,3,2,332,Needs Attention
CUST-0072,Bagus Wibowo,Tangerang,TikTok Ads,2024-05-20,591,2,1068000,1,1,3,113,Lost
CUST-0073,Indra Hartono,Denpasar,TikTok Ads,2025-10-08,85,2,666900,3,1,2,312,Needs Attention
CUST-0074,Indra Handoko,Palembang,TikTok Ads,2025-12-25,7,7,1807250,5,4,4,544,Champions
CUST-0075,Zahra Marliana,Jakarta,TikTok Ads,2025-03-08,299,2,726950,1,1,2,112,Lost
CUST-0076,Yoga Setiawan,Bekasi,Instagram Ads,2025-12-15,17,3,751000,5,2,2,522,Potential Loyalist
CUST-0077,Cindy Darmawan,Pekanbaru,Instagram Ads,2025-12-10,22,17,4164750,4,5,5,455,Champions
CUST-0078,Sinta Nugroho,Bandung,Google Search,2025-07-19,166,2,710400,2,1,2,212,Lost
CUST-0079,Yoga Cahyani,Unknown,Instagram Ads,2025-08-10,144,11,3286900,2,5,5,255,Loyal
CUST-0080,Laras Ramadhan,Depok,Marketplace,2025-12-23,9,18,7487750,5,5,5,555,Champions
CUST-0081,Putri Nugroho,Surabaya,Referral,2025-06-18,197,5,912250,2,3,3,233,At-Risk
CUST-0082,Yuni Setiawan,bandung,TikTok Ads,2025-12-07,25,5,1397000,4,3,3,433,Potential Loyalist
CUST-0083,Dinda Suryadi,Surabaya,Instagram Ads,2025-12-06,26,6,1232850,4,4,3,443,Champions
CUST-0084,Ivan Firmansyah,Balikpapan,Instagram Ads,2025-12-10,22,2,1968000,4,1,4,414,Potential Loyalist
CUST-0085,Wulan Purnama,Depok,Instagram Ads,2025-12-17,15,5,1399300,5,3,3,533,Potential Loyalist
CUST-0086,Endah Purnama,Bogor,Google Search,2024-05-24,587,1,1620000,1,1,4,114,Lost
CUST-0087,Nanda Gunawan,Surabaya,Organic Social,2025-11-06,56,2,287800,3,1,1,311,Needs Attention
CUST-0088,Fajar Utami,Bandung,Referral,2025-12-25,7,11,2923700,5,5,5,555,Champions
CUST-0089,Doni Yulianti,Yogyakarta,Instagram Ads,2025-11-14,48,11,3409800,4,5,5,455,Champions
CUST-0090,Zaki Suryadi,Bandung,Google Search,2025-11-29,33,9,2697200,4,4,5,445,Champions
CUST-0091,Umar Hidayat,Bandung,Instagram Ads,2025-09-09,114,3,490800,2,2,2,222,Lost
CUST-0092,Ulfa Kusuma,Tangerang,Instagram Ads,2025-12-01,31,20,5660200,4,5,5,455,Champions
CUST-0093,Tono Nugroho,bekasi,Organic Social,2025-07-24,161,4,853600,2,3,3,233,At-Risk
CUST-0094,Indra Hidayat,Bandung,Instagram Ads,2025-08-20,134,8,2457600,2,4,4,244,Loyal
CUST-0095,Zahra Suryadi,Jakarta,Instagram Ads,2025-06-08,207,5,1476000,2,3,3,233,At-Risk
CUST-0096,Dewi Hidayat,Jakarta,Marketplace,2025-12-10,22,2,651000,4,1,2,412,Potential Loyalist
CUST-0097,Taufik Wijaya,Yogyakarta,Instagram Ads,2025-07-12,173,3,479000,2,2,2,222,Lost
CUST-0098,Zahra Maulana,Depok,Google Search,2024-03-09,663,1,85000,1,1,1,111,Lost
CUST-0099,Doni Permana,Depok,Organic Social,2025-09-21,102,5,1504000,3,3,4,334,Needs Attention
CUST-0100,Yoga Nugroho,Solo,Marketplace,2025-02-19,316,5,811000,1,3,3,133,At-Risk
CUST-0101,Lukman Setiawan,Jakarta,Instagram Ads,2024-09-18,470,1,810000,1,1,3,113,Lost
CUST-0102,Oki Permana,Jakarta,Referral,2025-11-10,52,4,1463000,3,3,3,333,Needs Attention
CUST-0103,Beni Yulianti,Tangerang,Google Search,2025-12-28,4,12,3346250,5,5,5,555,Champions
CUST-0104,Joko Kurniawan,Denpasar,Instagram Ads,2025-04-23,253,1,290000,1,1,1,111,Lost
CUST-0105,Dinda Purnama,Jakarta,Marketplace,2025-12-04,28,9,2915900,4,4,5,445,Champions
CUST-0106,Sari Rahayu,surabaya,TikTok Ads,2025-09-18,105,2,608000,3,1,2,312,Needs Attention
CUST-0107,Rangga Pratama,Surabaya,Instagram Ads,2025-02-08,327,3,529000,1,2,2,122,Lost
CUST-0108,Taufik Prakoso,Balikpapan,Instagram Ads,2025-12-22,10,14,2796050,5,5,5,555,Champions
CUST-0109,Sari Kusuma,Jakarta,Marketplace,2025-09-19,104,5,1159750,3,3,3,333,Needs Attention
CUST-0110,Wawan Lestari,Surabaya,Referral,2025-06-13,202,1,338200,2,1,1,211,Lost
CUST-0111,Ayu Prakoso,Bogor,Referral,2025-03-28,279,4,671750,1,3,2,132,At-Risk
CUST-0112,Anwar Wibowo,Jakarta,Organic Social,2024-11-23,404,1,247500,1,1,1,111,Lost
CUST-0113,Dewi Saputra,Bogor,TikTok Ads,2024-12-19,378,3,724600,1,2,2,122,Lost
CUST-0114,Sari Setiawan,Makassar,Instagram Ads,2025-08-16,138,2,438250,2,1,2,212,Lost
CUST-0115,Putri Cahyani,Bandung,Instagram Ads,2025-11-13,49,11,3100400,4,5,5,455,Champions
CUST-0116,Jasmine Nugroho,Semarang,TikTok Ads,2025-12-29,3,14,3213850,5,5,5,555,Champions
CUST-0117,Vero Hidayat,Jakarta,TikTok Ads,2025-11-13,49,5,2721600,4,3,5,435,Potential Loyalist
CUST-0118,Maya Kurniawan,Yogyakarta,Google Search,2025-09-14,109,2,919500,2,1,3,213,Lost
CUST-0119,Farah Maulana,Bekasi,TikTok Ads,2025-12-30,2,9,2120500,5,4,4,544,Champions
CUST-0120,Erik Purnama,Depok,Google Search,2025-12-27,5,7,1023550,5,4,3,543,Champions
CUST-0121,Krisna Darmawan,Denpasar,TikTok Ads,2025-09-18,105,3,1611300,3,2,4,324,Needs Attention
CUST-0122,Rizky Utami,Yogyakarta,Organic Social,2025-08-25,129,1,115000,2,1,1,211,Lost
CUST-0123,Rizky Wibowo,Surabaya,Marketplace,2025-12-20,12,19,6323600,5,5,5,555,Champions
CUST-0124,Mega Lestari,Depok,Organic Social,2025-07-06,179,1,114000,2,1,1,211,Lost
CUST-0125,Joko Maulana,Malang,Organic Social,2025-03-05,302,1,122000,1,1,1,111,Lost
CUST-0126,Ulfa Wibowo,Balikpapan,Google Search,2025-11-14,48,3,720200,4,2,2,422,Potential Loyalist
CUST-0127,Hilda Darmawan,Bogor,TikTok Ads,2025-12-01,31,4,830500,4,3,3,433,Potential Loyalist
CUST-0128,Oki Sukmawati,Semarang,Instagram Ads,2025-10-31,62,10,3693650,3,5,5,355,Loyal
CUST-0129,Bagus Wijaya,Solo,TikTok Ads,2025-06-11,204,3,777500,2,2,2,222,Lost
CUST-0130,Bayu Purnama,Jakarta,Referral,2025-04-22,254,1,110000,1,1,1,111,Lost
CUST-0131,Putri Suryadi,Jakarta,Marketplace,2025-11-25,37,9,2553050,4,4,4,444,Champions
CUST-0132,Adit Marliana,Jakarta,Organic Social,2025-08-01,153,2,481000,2,1,2,212,Lost
CUST-0133,Mega Permana,Palembang,Google Search,2025-12-27,5,14,3259950,5,5,5,555,Champions
CUST-0134,Rizky Handoko,Surabaya,TikTok Ads,2025-12-18,14,2,378600,5,1,1,511,Potential Loyalist
CUST-0135,Tono Pratama,Jakarta,Marketplace,2025-12-21,11,10,3585950,5,5,5,555,Champions
CUST-0136,Dewi Kurniawan,denpasar,Google Search,2025-10-01,92,8,2909300,3,4,5,345,Loyal
CUST-0137,Yuni Utami,Yogyakarta,Google Search,2025-09-14,109,7,1865750,2,4,4,244,Loyal
CUST-0138,Umar Yulianti,Makassar,TikTok Ads,2025-12-23,9,6,1129000,5,4,3,543,Champions
CUST-0139,Bayu Kusuma,Medan,Instagram Ads,2025-02-27,308,2,418300,1,1,2,112,Lost
CUST-0140,Rangga Kurniawan,Depok,Organic Social,2025-07-19,166,6,1066800,2,4,3,243,Loyal
CUST-0141,Endah Santoso,Yogyakarta,Instagram Ads,2025-09-18,105,8,2327300,3,4,4,344,Loyal
CUST-0142,Fajar Yulianti,Balikpapan,TikTok Ads,2025-04-06,270,1,192000,1,1,1,111,Lost
CUST-0143,Rangga Purnama,Bandung,TikTok Ads,2025-11-26,36,5,1085400,4,3,3,433,Potential Loyalist
CUST-0144,Omar Marliana,Makassar,Marketplace,2025-08-07,147,3,376100,2,2,1,221,Lost
CUST-0145,Jasmine Cahyani,Bandung,TikTok Ads,2025-08-09,145,7,1929550,2,4,4,244,Loyal
CUST-0146,Galih Nugroho,Surabaya,Instagram Ads,2025-11-26,36,5,1299350,4,3,3,433,Potential Loyalist
CUST-0147,Yoga Cahyani,Malang,Marketplace,2025-08-27,127,7,850200,2,4,3,243,Loyal
CUST-0148,Galih Hartono,Surabaya,TikTok Ads,2024-05-31,580,1,190000,1,1,1,111,Lost
CUST-0149,Putri Handoko,Pekanbaru,TikTok Ads,2025-11-24,38,5,1028500,4,3,3,433,Potential Loyalist
CUST-0150,Ayu Hidayat,Solo,Instagram Ads,2025-04-20,256,5,1494900,1,3,4,134,At-Risk
CUST-0151,Nadia Pratama,Jakarta,Instagram Ads,2025-11-13,49,10,4117900,4,5,5,455,Champions
CUST-0152,Zahra Setiawan,Bandung,Instagram Ads,2025-08-31,123,1,230000,2,1,1,211,Lost
CUST-0153,Nadia Pratama,Jakarta,Instagram Ads,2025-08-21,133,9,2126250,2,4,4,244,Loyal
CUST-0154,Sinta Handoko,Solo,Instagram Ads,2025-05-05,241,2,662250,1,1,2,112,Lost
CUST-0155,Dewi Halim,Jakarta,Referral,2025-03-11,296,1,778000,1,1,2,112,Lost
CUST-0156,Mega Nugroho,Semarang,TikTok Ads,2025-05-01,245,5,3208000,1,3,5,135,At-Risk
CUST-0157,Endah Firmansyah,Jakarta,Marketplace,2025-10-25,68,1,126000,3,1,1,311,Needs Attention
CUST-0158,Galih Cahyani,Jakarta,Marketplace,2025-12-24,8,10,3307900,5,5,5,555,Champions
CUST-0159,Sari Hartono,Jakarta,Google Search,2025-05-15,231,2,695000,2,1,2,212,Lost
CUST-0160,Endah Rahayu,Semarang,Google Search,2024-12-10,387,3,736500,1,2,2,122,Lost
CUST-0161,Krisna Sukmawati,Jakarta,Organic Social,2025-10-24,69,9,1801450,3,4,4,344,Loyal
CUST-0162,Bayu Sukmawati,surabaya,Instagram Ads,2025-10-23,70,4,2166550,3,3,4,334,Needs Attention
CUST-0163,Faisal Santoso,Surabaya,Instagram Ads,2025-12-27,5,10,2362000,5,5,4,554,Champions
CUST-0164,Indra Setiawan,Jakarta,Instagram Ads,2025-07-31,154,3,786150,2,2,2,222,Lost
CUST-0165,Guntur Ramadhan,Balikpapan,Marketplace,2025-12-18,14,3,870000,5,2,3,523,Potential Loyalist
CUST-0166,Gita Purnama,Surabaya,TikTok Ads,2025-12-24,8,4,516700,5,3,2,532,Potential Loyalist
CUST-0167,Krisna Gunawan,Jakarta,Instagram Ads,2025-12-18,14,5,957600,5,3,3,533,Potential Loyalist
CUST-0168,Dinda Hartono,Bandung,Google Search,2025-12-25,7,13,4117900,5,5,5,555,Champions
CUST-0169,Sari Pratama,Makassar,Instagram Ads,2025-12-06,26,7,2651100,4,4,5,445,Champions
CUST-0170,Guntur Halim,tangerang,Google Search,2025-06-22,193,1,65000,2,1,1,211,Lost
CUST-0171,Ivan Saputra,Surabaya,TikTok Ads,2024-09-30,458,2,528800,1,1,2,112,Lost
CUST-0172,Laras Hartono,Yogyakarta,Instagram Ads,2025-05-14,232,2,665000,1,1,2,112,Lost
CUST-0173,Sari Anggraini,Jakarta,Google Search,2024-08-02,517,4,807500,1,3,2,132,At-Risk
CUST-0174,Hana Gunawan,Yogyakarta,TikTok Ads,2025-12-05,27,6,1747300,4,4,4,444,Champions
CUST-0175,Ayu Hartono,Bandung,Instagram Ads,2025-06-07,208,2,490300,2,1,2,212,Lost
CUST-0176,Vina Nugroho,Jakarta,Instagram Ads,2025-04-02,274,1,118000,1,1,1,111,Lost
CUST-0177,Hesti Setiawan,Bekasi,Organic Social,2025-08-27,127,10,3602900,2,5,5,255,Loyal
CUST-0178,Bagus Anggraini,Depok,Marketplace,2025-03-27,280,2,788000,1,1,2,112,Lost
CUST-0179,Bayu Permana,Malang,Instagram Ads,2025-12-28,4,9,2988850,5,4,5,545,Champions
CUST-0180,Ulfa Kurniawan,jakarta,TikTok Ads,2025-08-18,136,2,372000,2,1,1,211,Lost
CUST-0181,Fajar Wibowo,Surabaya,Organic Social,2025-10-09,84,4,2454600,3,3,4,334,Needs Attention
CUST-0182,Prita Nugroho,Bekasi,TikTok Ads,2024-01-06,726,1,349000,1,1,1,111,Lost
CUST-0183,Joko Utami,Jakarta,Instagram Ads,2025-12-13,19,10,2470500,5,5,4,554,Champions
CUST-0184,Eka Kusuma,Bandung,Marketplace,2025-12-03,29,11,2804250,4,5,5,455,Champions
CUST-0185,Taufik Kurniawan,Makassar,Organic Social,2025-12-17,15,3,1686000,5,2,4,524,Potential Loyalist
CUST-0186,Doni Santoso,Makassar,TikTok Ads,2025-06-25,190,4,1150500,2,3,3,233,At-Risk
CUST-0187,Umar Anggraini,Makassar,TikTok Ads,2024-10-15,443,2,639000,1,1,2,112,Lost
CUST-0188,Hesti Wibowo,Jakarta,TikTok Ads,2025-04-24,252,4,657000,1,3,2,132,At-Risk
CUST-0189,Maya Lestari,Semarang,Google Search,2025-12-29,3,5,1984200,5,3,4,534,Potential Loyalist
CUST-0190,Wawan Cahyani,Yogyakarta,Instagram Ads,2025-11-18,44,13,4877450,4,5,5,455,Champions
CUST-0191,Ivan Rahayu,Denpasar,Google Search,2025-12-05,27,11,3045250,4,5,5,455,Champions
CUST-0192,Nadia Wijaya,Surabaya,Organic Social,2025-12-29,3,4,1495500,5,3,4,534,Potential Loyalist
CUST-0193,Tono Hidayat,Denpasar,Referral,2025-05-08,238,6,1539350,1,4,4,144,Loyal
CUST-0194,Jasmine Gunawan,Denpasar,TikTok Ads,2025-10-08,85,10,2456200,3,5,4,354,Loyal
CUST-0195,Umar Setiawan,Denpasar,TikTok Ads,2025-11-06,56,8,2954900,3,4,5,345,Loyal
CUST-0196,Taufik Kurniawan,Depok,TikTok Ads,2025-11-15,47,16,4022450,4,5,5,455,Champions
CUST-0197,Lukman Saputra,Denpasar,TikTok Ads,2025-11-19,43,2,193500,4,1,1,411,Potential Loyalist
CUST-0198,Tono Handoko,Bekasi,Organic Social,2025-10-28,65,2,1304000,3,1,3,313,Needs Attention
CUST-0199,Wawan Marliana,Semarang,Referral,2025-12-02,30,2,390400,4,1,2,412,Potential Loyalist
CUST-0200,Anwar Hartono,Jakarta,Organic Social,2025-07-06,179,5,2200000,2,3,4,234,At-Risk
CUST-0201,Putri Anggraini,Jakarta,Google Search,2025-12-12,20,8,2359100,4,4,4,444,Champions
CUST-0202,Cahya Yulianti,Bekasi,TikTok Ads,2025-05-21,225,3,567000,2,2,2,222,Lost
CUST-0203,Endah Darmawan,Bogor,Instagram Ads,2025-12-09,23,10,3299300,4,5,5,455,Champions
CUST-0204,Cahya Hartono,Surabaya,Instagram Ads,2025-11-26,36,8,1350200,4,4,3,443,Champions
CUST-0205,Vero Handoko,Bandung,TikTok Ads,2025-12-24,8,12,3320600,5,5,5,555,Champions
CUST-0206,Hesti Halim,Jakarta,Organic Social,2025-07-01,184,3,1543250,2,2,4,224,Lost
CUST-0207,Bayu Wijaya,Jakarta,TikTok Ads,2025-12-27,5,9,2610900,5,4,5,545,Champions
CUST-0208,Vina Kurniawan,Surabaya,Instagram Ads,2025-11-26,36,2,264000,4,1,1,411,Potential Loyalist
CUST-0209,Jasmine Prakoso,Tangerang,TikTok Ads,2025-05-01,245,2,405500,1,1,2,112,Lost
CUST-0210,Bagus Hidayat,bogor,Instagram Ads,2025-11-12,50,11,4645800,4,5,5,455,Champions
CUST-0211,Umar Nugroho,Jakarta,Instagram Ads,2025-11-07,55,3,827000,3,2,3,323,Needs Attention
CUST-0212,Nadia Setiawan,surabaya,Instagram Ads,2025-12-24,8,17,4239800,5,5,5,555,Champions
CUST-0213,Omar Gunawan,Semarang,Instagram Ads,2025-12-28,4,5,835500,5,3,3,533,Potential Loyalist
CUST-0214,Ivan Setiawan,Surabaya,TikTok Ads,2025-06-15,200,2,869000,2,1,3,213,Lost
CUST-0215,Rizky Gunawan,Solo,Instagram Ads,2025-08-13,141,1,115000,2,1,1,211,Lost
CUST-0216,Gita Darmawan,Jakarta,Google Search,2025-10-05,88,9,1911750,3,4,4,344,Loyal
CUST-0217,Reza Kusuma,Bekasi,Organic Social,2025-09-17,106,4,1427550,3,3,3,333,Needs Attention
CUST-0218,Vero Darmawan,Unknown,Marketplace,2025-10-08,85,2,765000,3,1,2,312,Needs Attention
CUST-0219,Vina Kurniawan,Jakarta,TikTok Ads,2025-10-26,67,10,2212050,3,5,4,354,Loyal
CUST-0220,Maya Permana,Surabaya,TikTok Ads,2025-11-24,38,10,3530200,4,5,5,455,Champions
CUST-0221,Hilda Wibowo,Bekasi,Referral,2025-10-20,73,3,890700,3,2,3,323,Needs Attention
CUST-0222,Galih Gunawan,Palembang,Marketplace,2025-08-07,147,3,513000,2,2,2,222,Lost
CUST-0223,Dinda Kusuma,Semarang,TikTok Ads,2025-04-28,248,2,517300,1,1,2,112,Lost
CUST-0224,Nadia Cahyani,Bandung,TikTok Ads,2025-05-07,239,4,1098650,1,3,3,133,At-Risk
CUST-0225,Yuni Hartono,Denpasar,Marketplace,2025-12-20,12,9,2453700,5,4,4,544,Champions
CUST-0226,Hesti Yulianti,Bandung,Referral,2025-03-24,283,2,481500,1,1,2,112,Lost
CUST-0227,Doni Wijaya,Jakarta,Instagram Ads,2025-11-13,49,10,2242200,4,5,4,454,Champions
CUST-0228,Joko Ramadhan,Jakarta,TikTok Ads,2025-04-14,262,2,702050,1,1,2,112,Lost
CUST-0229,Zaki Wibowo,Surabaya,TikTok Ads,,,0,0,,,,,Never Purchased
CUST-0230,Rizky Kurniawan,Bandung,Google Search,2025-03-05,302,3,2220000,1,2,4,124,Lost
CUST-0231,Tono Cahyani,Bandung,Marketplace,2025-09-20,103,10,3637650,3,5,5,355,Loyal
CUST-0232,Irfan Cahyani,Yogyakarta,TikTok Ads,2025-10-29,64,5,837100,3,3,3,333,Needs Attention
CUST-0233,Jihan Permana,Jakarta,Organic Social,2025-11-09,53,1,103500,3,1,1,311,Needs Attention
CUST-0234,Maya Yulianti,Bogor,Instagram Ads,2024-03-22,650,1,190000,1,1,1,111,Lost
CUST-0235,Cahya Setiawan,Depok,Instagram Ads,2024-06-27,553,1,520000,1,1,2,112,Lost
CUST-0236,Ivan Maulana,Malang,Referral,2025-11-18,44,10,3944300,4,5,5,455,Champions
CUST-0237,Doni Anggraini,Bogor,Referral,2025-11-27,35,10,2661700,4,5,5,455,Champions
CUST-0238,Indra Maulana,Bandung,TikTok Ads,2025-12-20,12,8,1724250,5,4,4,544,Champions
CUST-0239,Vina Kurniawan,Malang,Referral,2025-02-06,329,1,290000,1,1,1,111,Lost
CUST-0240,Prita Setiawan,Bandung,Instagram Ads,2025-05-08,238,1,244000,1,1,1,111,Lost
CUST-0241,Mega Halim,Makassar,Instagram Ads,2025-11-11,51,1,93750,3,1,1,311,Needs Attention
CUST-0242,Guntur Pratama,Makassar,Instagram Ads,2025-07-26,159,2,828500,2,1,3,213,Lost
CUST-0243,Bayu Hartono,Pekanbaru,Google Search,2025-12-06,26,8,2312500,4,4,4,444,Champions
CUST-0244,Cahya Yulianti,Yogyakarta,Referral,2025-12-16,16,4,1629200,5,3,4,534,Potential Loyalist
CUST-0245,Faisal Anggraini,Bandung,Instagram Ads,2025-11-03,59,3,477250,3,2,2,322,Needs Attention
CUST-0246,Guntur Gunawan,Medan,Marketplace,2025-11-10,52,10,2843800,3,5,5,355,Loyal
CUST-0247,Endah Nugroho,Jakarta,Instagram Ads,2025-12-27,5,3,777100,5,2,2,522,Potential Loyalist
CUST-0248,Bayu Utami,Bandung,Marketplace,2025-07-03,182,8,2726800,2,4,5,245,Loyal
CUST-0249,Zahra Kusuma,Palembang,TikTok Ads,2025-11-06,56,5,1452500,3,3,3,333,Needs Attention
CUST-0250,Ayu Rahayu,Semarang,TikTok Ads,2025-06-11,204,1,84000,2,1,1,211,Lost
CUST-0251,Nadia Marliana,Jakarta,Organic Social,2025-12-30,2,4,880700,5,3,3,533,Potential Loyalist
CUST-0252,Hilda Hidayat,Denpasar,Referral,2024-12-17,380,3,1343000,1,2,3,123,Lost
CUST-0253,Maya Gunawan,Bekasi,Google Search,,,0,0,,,,,Never Purchased
CUST-0254,Omar Ramadhan,Jakarta,Google Search,2025-11-01,61,4,846800,3,3,3,333,Needs Attention
CUST-0255,Krisna Gunawan,Jakarta,Referral,2025-11-21,41,11,2504800,4,5,4,454,Champions
CUST-0256,Indra Cahyani,Jakarta,TikTok Ads,2025-12-09,23,2,1504250,4,1,4,414,Potential Loyalist
CUST-0257,Kevin Hartono,Yogyakarta,TikTok Ads,2025-12-28,4,2,637000,5,1,2,512,Potential Loyalist
CUST-0258,Jihan Suryadi,Surabaya,Referral,2025-07-24,161,7,1670600,2,4,4,244,Loyal
CUST-0259,Bayu Purnama,Bandung,TikTok Ads,2025-10-15,78,2,3450000,3,1,5,315,Needs Attention
CUST-0260,Beni Darmawan,Palembang,Google Search,2025-10-11,82,10,2018000,3,5,4,354,Loyal
CUST-0261,Wulan Hartono,Jakarta,Organic Social,2025-04-25,251,3,1433950,1,2,3,123,Lost
CUST-0262,Bagus Anggraini,Surabaya,TikTok Ads,2024-10-03,455,1,315000,1,1,1,111,Lost
CUST-0263,Faisal Handoko,Jakarta,Organic Social,2025-09-10,113,5,1670250,2,3,4,234,At-Risk
CUST-0264,Sinta Suryadi,Tangerang,TikTok Ads,2024-07-21,529,2,134000,1,1,1,111,Lost
CUST-0265,Yuni Ramadhan,Bandung,Organic Social,2025-12-08,24,3,683150,4,2,2,422,Potential Loyalist
CUST-0266,Sari Setiawan,tangerang,Instagram Ads,2025-11-14,48,10,2724000,4,5,5,455,Champions
CUST-0267,Vero Suryadi,Pekanbaru,TikTok Ads,2025-11-23,39,1,1068000,4,1,3,413,Potential Loyalist
CUST-0268,Rizky Marliana,Bandung,Marketplace,2025-12-29,3,7,1759750,5,4,4,544,Champions
CUST-0269,Fajar Gunawan,Depok,Marketplace,2025-12-27,5,16,4058700,5,5,5,555,Champions
CUST-0270,Kevin Setiawan,Denpasar,Referral,2025-11-28,34,2,241000,4,1,1,411,Potential Loyalist
CUST-0271,Oki Firmansyah,Jakarta,Instagram Ads,2025-11-05,57,8,2246050,3,4,4,344,Loyal
CUST-0272,Indra Pratama,Jakarta,Marketplace,2025-10-31,62,10,2557650,3,5,5,355,Loyal
CUST-0273,Maya Darmawan,Solo,Marketplace,2025-10-21,72,3,876000,3,2,3,323,Needs Attention
CUST-0274,Oki Setiawan,Bandung,Referral,2025-09-28,95,10,2412100,3,5,4,354,Loyal
CUST-0275,Erik Kusuma,Unknown,Marketplace,2025-10-14,79,4,758000,3,3,2,332,Needs Attention
CUST-0276,Guntur Kurniawan,Jakarta,Instagram Ads,2025-10-04,89,9,3873000,3,4,5,345,Loyal
CUST-0277,Wawan Permana,Jakarta,TikTok Ads,2025-12-09,23,9,2649800,4,4,5,445,Champions
CUST-0278,Endah Hidayat,Makassar,Instagram Ads,2025-12-18,14,4,934800,5,3,3,533,Potential Loyalist
CUST-0279,Lukman Pratama,Jakarta,Referral,2024-04-29,612,1,165000,1,1,1,111,Lost
CUST-0280,Farah Firmansyah,Depok,Organic Social,2025-09-16,107,2,917000,3,1,3,313,Needs Attention
CUST-0281,Lukman Halim,Bogor,TikTok Ads,2025-11-28,34,9,4218950,4,4,5,445,Champions
CUST-0282,Sari Lestari,Pekanbaru,TikTok Ads,2025-06-17,198,2,460000,2,1,2,212,Lost
CUST-0283,Dewi Ramadhan,Unknown,Instagram Ads,2025-08-14,140,6,1850300,2,4,4,244,Loyal
CUST-0284,Ulfa Nugroho,Bandung,Google Search,2025-11-24,38,7,3547400,4,4,5,445,Champions
CUST-0285,Faisal Halim,Pekanbaru,TikTok Ads,2025-06-23,192,9,2637200,2,4,5,245,Loyal
CUST-0286,Zahra Setiawan,Solo,Organic Social,2025-12-08,24,15,2377650,4,5,4,454,Champions
CUST-0287,Fajar Rahayu,Bogor,TikTok Ads,2025-12-04,28,18,4913050,4,5,5,455,Champions
CUST-0288,Krisna Marliana,Tangerang,TikTok Ads,2025-02-01,334,1,65000,1,1,1,111,Lost
CUST-0289,Taufik Saputra,Medan,Referral,2025-04-22,254,3,565000,1,2,2,122,Lost
CUST-0290,Hesti Maulana,Yogyakarta,TikTok Ads,2025-09-08,115,3,343000,2,2,1,221,Lost
CUST-0291,Ayu Hidayat,Jakarta,Organic Social,2025-09-30,93,6,1943100,3,4,4,344,Loyal
CUST-0292,Eka Setiawan,Bekasi,Marketplace,2025-11-21,41,2,979900,4,1,3,413,Potential Loyalist
CUST-0293,Bayu Kusuma,Pekanbaru,Referral,2025-09-03,120,1,110000,2,1,1,211,Lost
CUST-0294,Jasmine Kurniawan,Bekasi,TikTok Ads,2025-12-12,20,4,1681500,4,3,4,434,Potential Loyalist
CUST-0295,Jihan Wibowo,Jakarta,TikTok Ads,2025-06-12,203,1,100000,2,1,1,211,Lost
CUST-0296,Umar Anggraini,Tangerang,Referral,2025-04-08,268,1,950000,1,1,3,113,Lost
CUST-0297,Yuni Halim,Semarang,Instagram Ads,2025-10-20,73,1,244000,3,1,1,311,Needs Attention
CUST-0298,Anwar Kurniawan,Pekanbaru,Organic Social,2025-11-26,36,5,1979000,4,3,4,434,Potential Loyalist
CUST-0299,Nadia Ramadhan,Jakarta,Referral,2025-01-05,361,2,251000,1,1,1,111,Lost
CUST-0300,Zahra Handoko,Jakarta,Organic Social,2025-08-30,124,3,965000,2,2,3,223,Lost
CUST-0301,Laras Hartono,Jakarta,Organic Social,2025-03-11,296,2,319000,1,1,1,111,Lost
CUST-0302,Ivan Utami,Depok,TikTok Ads,2025-12-06,26,19,4840650,4,5,5,455,Champions
CUST-0303,Prita Ramadhan,Bandung,TikTok Ads,2025-12-30,2,12,3812550,5,5,5,555,Champions
CUST-0304,Ivan Lestari,Yogyakarta,Referral,2025-12-04,28,3,636650,4,2,2,422,Potential Loyalist
CUST-0305,Putri Handoko,Surabaya,Instagram Ads,2025-03-26,281,4,676900,1,3,2,132,At-Risk
CUST-0306,Bayu Setiawan,Bogor,TikTok Ads,2025-12-21,11,2,200050,5,1,1,511,Potential Loyalist
CUST-0307,Doni Handoko,Surabaya,TikTok Ads,2025-07-11,174,1,259000,2,1,1,211,Lost
CUST-0308,Nadia Wijaya,Semarang,Organic Social,2025-11-22,40,5,614000,4,3,2,432,Potential Loyalist
CUST-0309,Wawan Permana,Jakarta,Marketplace,2025-12-18,14,9,3568700,5,4,5,545,Champions
CUST-0310,Zahra Suryadi,Jakarta,Marketplace,2025-10-05,88,9,3371500,3,4,5,345,Loyal
CUST-0311,Anwar Permana,Tangerang,TikTok Ads,2025-07-27,158,2,784750,2,1,2,212,Lost
CUST-0312,Galih Anggraini,Semarang,Instagram Ads,2025-08-22,132,2,535250,2,1,2,212,Lost
CUST-0313,Zaki Lestari,Solo,TikTok Ads,2025-12-25,7,9,2115400,5,4,4,544,Champions
CUST-0314,Kevin Purnama,Medan,Google Search,2025-05-24,222,1,109250,2,1,1,211,Lost
CUST-0315,Erik Utami,Surabaya,TikTok Ads,2025-12-24,8,5,1197550,5,3,3,533,Potential Loyalist
CUST-0316,Wulan Firmansyah,Denpasar,Referral,2025-04-05,271,3,875750,1,2,3,123,Lost
CUST-0317,Lukman Kurniawan,Yogyakarta,Organic Social,2025-11-25,37,2,380000,4,1,1,411,Potential Loyalist
CUST-0318,Dinda Ramadhan,Solo,Instagram Ads,2025-09-12,111,8,2604700,2,4,5,245,Loyal
CUST-0319,Joko Pratama,Jakarta,Instagram Ads,2025-05-11,235,2,474000,1,1,2,112,Lost
CUST-0320,Jasmine Suryadi,Yogyakarta,Google Search,2025-11-29,33,12,6227900,4,5,5,455,Champions
CUST-0321,Wulan Hidayat,Jakarta,TikTok Ads,2025-12-06,26,2,742200,4,1,2,412,Potential Loyalist
CUST-0322,Jasmine Kusuma,Bandung,Instagram Ads,2025-12-26,6,3,1585450,5,2,4,524,Potential Loyalist
CUST-0323,Dinda Gunawan,Jakarta,Instagram Ads,2025-07-13,172,3,878100,2,2,3,223,Lost
CUST-0324,Ulfa Utami,Surabaya,Instagram Ads,2025-06-27,188,3,1611000,2,2,4,224,Lost
CUST-0325,Fajar Wibowo,Bogor,TikTok Ads,2025-05-21,225,6,2308500,2,4,4,244,Loyal
CUST-0326,Galih Handoko,Semarang,TikTok Ads,2025-06-21,194,2,229000,2,1,1,211,Lost
CUST-0327,Jasmine Wijaya,Bekasi,Instagram Ads,2025-12-28,4,12,2184000,5,5,4,554,Champions
CUST-0328,Taufik Kurniawan,Palembang,Instagram Ads,2025-12-14,18,15,3274250,5,5,5,555,Champions
CUST-0329,Nanda Purnama,semarang,Instagram Ads,2025-01-30,336,1,495000,1,1,2,112,Lost
CUST-0330,Putri Purnama,Depok,Organic Social,2025-12-21,11,2,690000,5,1,2,512,Potential Loyalist
CUST-0331,Beni Cahyani,Surabaya,Referral,2025-12-22,10,10,1909650,5,5,4,554,Champions
CUST-0332,Eka Lestari,Yogyakarta,Google Search,2025-11-30,32,2,1120000,4,1,3,413,Potential Loyalist
CUST-0333,Sari Yulianti,Makassar,Marketplace,2025-12-12,20,2,1028000,4,1,3,413,Potential Loyalist
CUST-0334,Taufik Purnama,Yogyakarta,Google Search,2025-10-26,67,4,1333500,3,3,3,333,Needs Attention
CUST-0335,Sari Halim,Jakarta,TikTok Ads,2025-01-13,353,2,416500,1,1,2,112,Lost
CUST-0336,Fajar Pratama,Bekasi,Marketplace,2025-11-18,44,5,2467000,4,3,4,434,Potential Loyalist
CUST-0337,Doni Setiawan,Surabaya,Google Search,2025-10-09,84,1,122000,3,1,1,311,Needs Attention
CUST-0338,Nadia Yulianti,Surabaya,TikTok Ads,2024-12-24,373,2,1102800,1,1,3,113,Lost
CUST-0339,Irfan Setiawan,Surabaya,Marketplace,2024-05-25,586,1,315000,1,1,1,111,Lost
CUST-0340,Indra Hidayat,Solo,TikTok Ads,2025-11-13,49,4,1096250,4,3,3,433,Potential Loyalist
CUST-0341,Faisal Yulianti,Yogyakarta,Instagram Ads,2025-06-07,208,5,1865000,2,3,4,234,At-Risk
CUST-0342,Maya Anggraini,Bandung,Instagram Ads,2025-12-29,3,6,1085000,5,4,3,543,Champions
CUST-0343,Guntur Lestari,Bandung,TikTok Ads,2025-05-12,234,5,914200,1,3,3,133,At-Risk
CUST-0344,Maya Suryadi,Surabaya,TikTok Ads,2025-12-20,12,18,8101250,5,5,5,555,Champions
CUST-0345,Laras Yulianti,Balikpapan,Instagram Ads,2025-12-22,10,7,1955250,5,4,4,544,Champions
CUST-0346,Jihan Kusuma,Surabaya,Referral,2024-12-01,396,1,585000,1,1,2,112,Lost
CUST-0347,Tono Prakoso,Semarang,Referral,2025-12-04,28,5,1024750,4,3,3,433,Potential Loyalist
CUST-0348,Putri Hidayat,Depok,Google Search,2025-09-30,93,8,2106250,3,4,4,344,Loyal
CUST-0349,Ayu Setiawan,Tangerang,TikTok Ads,2025-07-29,156,3,369750,2,2,1,221,Lost
CUST-0350,Ulfa Marliana,Bandar Lampung,Organic Social,2025-12-09,23,15,6078850,4,5,5,455,Champions
CUST-0351,Yuni Kusuma,medan,Google Search,2025-09-25,98,4,577200,3,3,2,332,Needs Attention
CUST-0352,Citra Nugroho,Jakarta,Instagram Ads,2025-12-15,17,11,4046700,5,5,5,555,Champions
CUST-0353,Laras Utami,Bandung,TikTok Ads,2025-07-28,157,4,1000450,2,3,3,233,At-Risk
CUST-0354,Tono Maulana,Surabaya,Marketplace,2025-12-28,4,3,1073950,5,2,3,523,Potential Loyalist
CUST-0355,Nanda Rahayu,Jakarta,TikTok Ads,2025-07-23,162,5,1580250,2,3,4,234,At-Risk
CUST-0356,Umar Wijaya,Yogyakarta,Organic Social,2025-08-24,130,4,723200,2,3,2,232,At-Risk
CUST-0357,Kevin Sukmawati,Jakarta,Instagram Ads,2025-12-12,20,10,2569500,4,5,5,455,Champions
CUST-0358,Oki Yulianti,Jakarta,TikTok Ads,2025-12-02,30,18,5151500,4,5,5,455,Champions
CUST-0359,Maya Anggraini,Jakarta,Google Search,2025-07-29,156,5,1316400,2,3,3,233,At-Risk
CUST-0360,Beni Santoso,Surabaya,Google Search,2025-03-03,304,6,1609300,1,4,4,144,Loyal
CUST-0361,Hana Hidayat,Depok,Referral,2025-09-18,105,2,172600,3,1,1,311,Needs Attention
CUST-0362,Hana Gunawan,Yogyakarta,TikTok Ads,2025-12-05,27,4,1031100,4,3,3,433,Potential Loyalist
CUST-0363,Jasmine Hartono,Yogyakarta,Google Search,2025-12-25,7,7,1130800,5,4,3,543,Champions
CUST-0364,Zaki Cahyani,Denpasar,Instagram Ads,2024-12-26,371,2,528500,1,1,2,112,Lost
CUST-0365,Prita Setiawan,Surabaya,Referral,2024-09-17,471,2,430000,1,1,2,112,Lost
CUST-0366,Lukman Lestari,denpasar,Organic Social,2025-12-03,29,5,2449150,4,3,4,434,Potential Loyalist
CUST-0367,Dinda Wibowo,Makassar,Marketplace,2025-10-22,71,2,651000,3,1,2,312,Needs Attention
CUST-0368,Erik Anggraini,Semarang,TikTok Ads,2025-09-08,115,5,1802000,2,3,4,234,At-Risk
CUST-0369,Sari Utami,Jakarta,TikTok Ads,2025-06-07,208,4,1308950,2,3,3,233,At-Risk
CUST-0370,Krisna Rahayu,Jakarta,Instagram Ads,2025-12-26,6,5,772600,5,3,2,532,Potential Loyalist
CUST-0371,Zahra Wijaya,Jakarta,Referral,2025-12-23,9,5,1117250,5,3,3,533,Potential Loyalist
CUST-0372,Reza Darmawan,Surabaya,Instagram Ads,2025-11-08,54,10,2141100,3,5,4,354,Loyal
CUST-0373,Fajar Anggraini,Malang,Organic Social,2025-06-16,199,4,1680500,2,3,4,234,At-Risk
CUST-0374,Yuni Handoko,Jakarta,Referral,2025-09-10,113,4,1060600,2,3,3,233,At-Risk
CUST-0375,Nanda Yulianti,Makassar,Instagram Ads,2024-03-24,648,1,128250,1,1,1,111,Lost
CUST-0376,Vero Permana,Bandung,Instagram Ads,2025-07-22,163,4,1991750,2,3,4,234,At-Risk
CUST-0377,Indra Darmawan,Unknown,Organic Social,2025-11-04,58,7,1688300,3,4,4,344,Loyal
CUST-0378,Indra Utami,Bandar Lampung,Instagram Ads,2025-11-01,61,11,4789850,3,5,5,355,Loyal
CUST-0379,Joko Purnama,Unknown,Google Search,2025-08-12,142,2,325000,2,1,1,211,Lost
CUST-0380,Anwar Santoso,Makassar,TikTok Ads,2025-09-01,122,8,3118000,2,4,5,245,Loyal
CUST-0381,Adit Handoko,Bekasi,Organic Social,2025-06-26,189,3,1232000,2,2,3,223,Lost
CUST-0382,Eka Yulianti,Tangerang,TikTok Ads,2025-10-14,79,5,1396000,3,3,3,333,Needs Attention
CUST-0383,Erik Permana,Jakarta,TikTok Ads,2025-08-10,144,2,519000,2,1,2,212,Lost
CUST-0384,Taufik Darmawan,Medan,Instagram Ads,2025-12-29,3,5,910000,5,3,3,533,Potential Loyalist
CUST-0385,Adit Maulana,Jakarta,Instagram Ads,2025-10-23,70,2,824000,3,1,3,313,Needs Attention
CUST-0386,Kevin Marliana,Denpasar,Instagram Ads,2025-05-24,222,1,75600,2,1,1,211,Lost
CUST-0387,Kartika Wijaya,Denpasar,TikTok Ads,2025-09-21,102,21,6402800,3,5,5,355,Loyal
CUST-0388,Adit Saputra,Bandung,TikTok Ads,2025-12-30,2,10,1624400,5,5,4,554,Champions
CUST-0389,Ulfa Lestari,Jakarta,Organic Social,,,0,0,,,,,Never Purchased
CUST-0390,Rizky Santoso,Solo,Referral,2025-10-11,82,2,510000,3,1,2,312,Needs Attention
CUST-0391,Anwar Prakoso,Jakarta,Referral,2024-04-15,626,1,76000,1,1,1,111,Lost
CUST-0392,Reza Kusuma,Jakarta,TikTok Ads,2025-09-20,103,2,678600,3,1,2,312,Needs Attention
CUST-0393,Guntur Saputra,Tangerang,Instagram Ads,2025-12-29,3,8,5760500,5,4,5,545,Champions
CUST-0394,Citra Lestari,Jakarta,Organic Social,2025-11-11,51,2,424500,3,1,2,312,Needs Attention
CUST-0395,Nadia Permana,Bandung,Organic Social,2025-10-10,83,6,1974000,3,4,4,344,Loyal
CUST-0396,Yoga Wibowo,Unknown,Instagram Ads,2025-12-14,18,4,893600,5,3,3,533,Potential Loyalist
CUST-0397,Prita Hartono,Jakarta,Instagram Ads,2024-12-12,385,1,51200,1,1,1,111,Lost
CUST-0398,Guntur Prakoso,Palembang,Google Search,2025-09-23,100,1,300900,3,1,1,311,Needs Attention
CUST-0399,Mega Santoso,Surabaya,Instagram Ads,2025-09-14,109,1,195000,2,1,1,211,Lost
CUST-0400,Prita Cahyani,Jakarta,TikTok Ads,2024-08-12,507,3,855600,1,2,3,123,Lost
CUST-0401,Joko Hidayat,Surabaya,Instagram Ads,2025-06-29,186,2,437650,2,1,2,212,Lost
CUST-0402,Ayu Purnama,Jakarta,Google Search,2025-10-12,81,5,1387000,3,3,3,333,Needs Attention
CUST-0403,Farah Utami,Bogor,Instagram Ads,2025-12-09,23,6,2205200,4,4,4,444,Champions
CUST-0404,Umar Ramadhan,Jakarta,Referral,2025-12-21,11,9,2501000,5,4,4,544,Champions
CUST-0405,Kartika Suryadi,Bekasi,Marketplace,2025-09-26,97,5,1666500,3,3,4,334,Needs Attention
CUST-0406,Guntur Hidayat,Semarang,Referral,2025-10-24,69,7,1638300,3,4,4,344,Loyal
CUST-0407,Eka Hidayat,Jakarta,Referral,2025-06-28,187,2,438000,2,1,2,212,Lost
CUST-0408,Galih Handoko,Medan,Google Search,2025-11-12,50,5,1223000,4,3,3,433,Potential Loyalist
CUST-0409,Hana Utami,Surabaya,Referral,2025-11-15,47,10,3015000,4,5,5,455,Champions
CUST-0410,Jasmine Halim,Jakarta,Instagram Ads,2025-07-18,167,3,472300,2,2,2,222,Lost
CUST-0411,Bayu Utami,Balikpapan,TikTok Ads,2025-10-26,67,9,3841000,3,4,5,345,Loyal
CUST-0412,Hana Rahayu,Surabaya,Referral,2025-12-03,29,4,842500,4,3,3,433,Potential Loyalist
CUST-0413,Eka Marliana,Jakarta,TikTok Ads,2025-12-22,10,15,3961450,5,5,5,555,Champions
CUST-0414,Zaki Saputra,Bandung,Instagram Ads,2025-09-13,110,3,740400,2,2,2,222,Lost
CUST-0415,Anwar Darmawan,Bekasi,Instagram Ads,2025-12-29,3,18,4680900,5,5,5,555,Champions
CUST-0416,Jihan Gunawan,Palembang,Google Search,2025-07-01,184,2,91700,2,1,1,211,Lost
CUST-0417,Rizky Handoko,Tangerang,Referral,2025-11-14,48,10,5024550,4,5,5,455,Champions
CUST-0418,Dewi Halim,Bandung,Referral,2025-06-13,202,3,745900,2,2,2,222,Lost
CUST-0419,Irfan Gunawan,Jakarta,TikTok Ads,2025-08-29,125,3,237000,2,2,1,221,Lost
CUST-0420,Ayu Santoso,Bekasi,Google Search,2025-11-30,32,6,1576000,4,4,4,444,Champions
CUST-0421,Kevin Yulianti,Jakarta,TikTok Ads,2025-12-15,17,7,2772750,5,4,5,545,Champions
CUST-0422,Maya Halim,Bogor,Organic Social,2025-08-20,134,1,214200,2,1,1,211,Lost
CUST-0423,Bayu Nugroho,Medan,TikTok Ads,2025-06-04,211,2,1368000,2,1,3,213,Lost
CUST-0424,Hana Santoso,Balikpapan,Instagram Ads,2025-06-19,196,2,305000,2,1,1,211,Lost
CUST-0425,Vero Utami,Denpasar,Marketplace,2025-10-23,70,1,90000,3,1,1,311,Needs Attention
CUST-0426,Lukman Pratama,Surabaya,Marketplace,2025-12-07,25,8,1646650,4,4,4,444,Champions
CUST-0427,Gita Yulianti,Bogor,Organic Social,2025-11-18,44,1,361250,4,1,1,411,Potential Loyalist
CUST-0428,Dinda Wibowo,Unknown,TikTok Ads,2025-11-24,38,2,812000,4,1,3,413,Potential Loyalist
CUST-0429,Eka Pratama,Makassar,Marketplace,2025-11-30,32,18,5498100,4,5,5,455,Champions
CUST-0430,Erik Yulianti,Jakarta,TikTok Ads,2025-12-14,18,14,2291450,5,5,4,554,Champions
CUST-0431,Wulan Wibowo,jakarta,TikTok Ads,2025-12-07,25,5,507000,4,3,2,432,Potential Loyalist
CUST-0432,Sari Hidayat,Surabaya,TikTok Ads,2025-12-24,8,13,4498500,5,5,5,555,Champions
CUST-0433,Krisna Suryadi,Jakarta,Instagram Ads,2025-05-16,230,2,620000,2,1,2,212,Lost
CUST-0434,Ivan Utami,Bandung,Google Search,2025-11-12,50,18,5111450,4,5,5,455,Champions
CUST-0435,Faisal Setiawan,Depok,Organic Social,2025-12-12,20,10,3098300,4,5,5,455,Champions
CUST-0436,Bagus Lestari,Bandung,Google Search,2025-11-10,52,2,572000,3,1,2,312,Needs Attention
CUST-0437,Anwar Purnama,Jakarta,Marketplace,2025-05-07,239,3,503000,1,2,2,122,Lost
CUST-0438,Dinda Yulianti,Solo,Marketplace,2025-04-11,265,1,250000,1,1,1,111,Lost
CUST-0439,Kevin Prakoso,Jakarta,Marketplace,2025-08-03,151,4,2527000,2,3,4,234,At-Risk
CUST-0440,Yuni Kurniawan,Jakarta,Google Search,2025-11-25,37,5,1113400,4,3,3,433,Potential Loyalist
CUST-0441,Maya Prakoso,Tangerang,Marketplace,2025-04-15,261,1,175500,1,1,1,111,Lost
CUST-0442,Fajar Wijaya,Malang,Instagram Ads,2025-12-23,9,5,1082500,5,3,3,533,Potential Loyalist
CUST-0443,Maya Yulianti,Jakarta,Instagram Ads,2025-12-30,2,10,3841150,5,5,5,555,Champions
CUST-0444,Jasmine Halim,Tangerang,Organic Social,2025-12-28,4,3,1664500,5,2,4,524,Potential Loyalist
CUST-0445,Sinta Wibowo,Bogor,Google Search,2025-12-27,5,7,1880000,5,4,4,544,Champions
CUST-0446,Citra Yulianti,Bandung,Google Search,2025-06-18,197,5,1456800,2,3,3,233,At-Risk
CUST-0447,Kevin Hartono,Yogyakarta,Organic Social,2025-10-02,91,4,1677000,3,3,4,334,Needs Attention
CUST-0448,Indra Kusuma,Jakarta,Referral,2025-12-27,5,8,1802400,5,4,4,544,Champions
CUST-0449,Cindy Kusuma,Pekanbaru,Google Search,2025-12-21,11,12,3326700,5,5,5,555,Champions
CUST-0450,Joko Lestari,Bandar Lampung,Referral,2025-10-09,84,14,2933800,3,5,5,355,Loyal
CUST-0451,Sinta Firmansyah,Jakarta,Referral,2025-10-30,63,9,2746550,3,4,5,345,Loyal
CUST-0452,Yuni Hidayat,Bandung,Organic Social,2025-11-16,46,10,3004900,4,5,5,455,Champions
CUST-0453,Kartika Marliana,Tangerang,TikTok Ads,2025-09-15,108,4,1633550,3,3,4,334,Needs Attention
CUST-0454,Beni Handoko,Malang,Google Search,2025-12-13,19,7,1777550,5,4,4,544,Champions
CUST-0455,Cindy Permana,Bekasi,Instagram Ads,2025-12-19,13,10,3475600,5,5,5,555,Champions
CUST-0456,Kartika Sukmawati,Bandung,Instagram Ads,2025-12-08,24,10,2232250,4,5,4,454,Champions
CUST-0457,Vero Pratama,pekanbaru,TikTok Ads,2025-12-03,29,15,5478100,4,5,5,455,Champions
CUST-0458,Maya Maulana,Denpasar,Referral,2025-10-01,92,4,942550,3,3,3,333,Needs Attention
CUST-0459,Gita Wijaya,Tangerang,TikTok Ads,2025-12-06,26,2,435600,4,1,2,412,Potential Loyalist
CUST-0460,Fajar Permana,Semarang,Organic Social,2025-06-04,211,1,96000,2,1,1,211,Lost
CUST-0461,Prita Permana,Makassar,Marketplace,2025-09-20,103,2,881250,3,1,3,313,Needs Attention
CUST-0462,Irfan Ramadhan,Yogyakarta,Instagram Ads,2025-08-22,132,3,901500,2,2,3,223,Lost
CUST-0463,Doni Wijaya,Makassar,Instagram Ads,2025-12-29,3,4,659650,5,3,2,532,Potential Loyalist
CUST-0464,Zahra Cahyani,Yogyakarta,Google Search,2024-09-28,460,1,28000,1,1,1,111,Lost
CUST-0465,Mega Utami,Jakarta,Google Search,2025-12-17,15,13,4070900,5,5,5,555,Champions
CUST-0466,Kevin Suryadi,Bogor,Google Search,2025-12-24,8,8,1945800,5,4,4,544,Champions
CUST-0467,Laras Marliana,Jakarta,TikTok Ads,2025-01-05,361,2,462000,1,1,2,112,Lost
CUST-0468,Kartika Saputra,Medan,Organic Social,2024-08-17,502,2,334000,1,1,1,111,Lost
CUST-0469,Dinda Firmansyah,Jakarta,Instagram Ads,2025-10-31,62,5,893550,3,3,3,333,Needs Attention
CUST-0470,Rizky Setiawan,Medan,TikTok Ads,2024-03-24,648,1,105000,1,1,1,111,Lost
CUST-0471,Omar Purnama,Bandung,TikTok Ads,2025-10-17,76,7,1849700,3,4,4,344,Loyal
CUST-0472,Zahra Nugroho,Surabaya,Marketplace,2025-06-19,196,4,679700,2,3,2,232,At-Risk
CUST-0473,Hilda Maulana,Medan,Instagram Ads,2025-11-14,48,19,5413200,4,5,5,455,Champions
CUST-0474,Ayu Halim,Denpasar,Google Search,2025-09-24,99,2,1077200,3,1,3,313,Needs Attention
CUST-0475,Dewi Sukmawati,Denpasar,TikTok Ads,2025-11-24,38,7,1561000,4,4,4,444,Champions
CUST-0476,Umar Hidayat,Bandung,Organic Social,2025-11-07,55,10,3869200,3,5,5,355,Loyal
CUST-0477,Yoga Anggraini,Bogor,Organic Social,2025-10-04,89,2,334000,3,1,1,311,Needs Attention
CUST-0478,Nanda Kurniawan,Unknown,Organic Social,2025-11-25,37,1,63000,4,1,1,411,Potential Loyalist
CUST-0479,Beni Kusuma,Bekasi,Instagram Ads,2025-11-06,56,2,242250,3,1,1,311,Needs Attention
CUST-0480,Bagus Kusuma,Tangerang,Instagram Ads,2025-10-20,73,10,3552600,3,5,5,355,Loyal
CUST-0481,Zaki Cahyani,Bogor,Instagram Ads,2024-05-30,581,1,390000,1,1,2,112,Lost
CUST-0482,Taufik Pratama,Surabaya,Instagram Ads,2025-12-29,3,18,6397200,5,5,5,555,Champions
CUST-0483,Yuni Gunawan,Yogyakarta,Instagram Ads,2025-12-16,16,5,1042250,5,3,3,533,Potential Loyalist
CUST-0484,Farah Purnama,Palembang,Organic Social,2024-03-22,650,1,290000,1,1,1,111,Lost
CUST-0485,Reza Maulana,Jakarta,TikTok Ads,2024-11-05,422,1,160200,1,1,1,111,Lost
CUST-0486,Nadia Yulianti,Malang,Instagram Ads,2025-10-08,85,8,3370300,3,4,5,345,Loyal
CUST-0487,Citra Marliana,Bandung,TikTok Ads,2025-11-08,54,9,3226350,3,4,5,345,Loyal
CUST-0488,Dinda Hartono,Bandung,TikTok Ads,2025-12-07,25,10,2213450,4,5,4,454,Champions
CUST-0489,Krisna Firmansyah,Jakarta,Google Search,2025-12-18,14,10,3736200,5,5,5,555,Champions
CUST-0490,Prita Lestari,Bandung,Organic Social,2025-12-15,17,10,2274550,5,5,4,554,Champions
CUST-0491,Irfan Wijaya,Bandung,Organic Social,2025-11-04,58,10,2127700,3,5,4,354,Loyal
CUST-0492,Bagus Firmansyah,Depok,TikTok Ads,2025-08-28,126,1,100300,2,1,1,211,Lost
CUST-0493,Vero Purnama,Bandung,Organic Social,2025-10-19,74,1,712000,3,1,2,312,Needs Attention
CUST-0494,Jasmine Ramadhan,Bandung,TikTok Ads,2025-11-03,59,7,1711650,3,4,4,344,Loyal
CUST-0495,Gita Suryadi,Bandung,Instagram Ads,2024-09-20,468,1,42000,1,1,1,111,Lost
CUST-0496,Irfan Lestari,Bandung,Google Search,2025-12-25,7,9,3463750,5,4,5,545,Champions
CUST-0497,Hilda Lestari,Jakarta,TikTok Ads,2025-11-05,57,4,1636000,3,3,4,334,Needs Attention
CUST-0498,Prita Purnama,Medan,Google Search,2025-07-14,171,1,178000,2,1,1,211,Lost
CUST-0499,Taufik Wibowo,Makassar,TikTok Ads,2025-05-10,236,1,313500,1,1,1,111,Lost
CUST-0500,Laras Marliana,Surabaya,Marketplace,2025-04-11,265,5,2262850,1,3,4,134,At-Risk
CUST-0501,Galih Lestari,Yogyakarta,Google Search,2025-11-04,58,6,1320950,3,4,3,343,Loyal
CUST-0502,Anwar Kusuma,Jakarta,Google Search,2024-12-11,386,1,339000,1,1,1,111,Lost
CUST-0503,Ayu Maulana,Jakarta,Marketplace,2025-10-12,81,7,1406600,3,4,3,343,Loyal
CUST-0504,Adit Marliana,Surabaya,TikTok Ads,2025-08-18,136,4,1033250,2,3,3,233,At-Risk
CUST-0505,Putri Utami,Bogor,Referral,2025-07-04,181,8,2728150,2,4,5,245,Loyal
CUST-0506,Kartika Santoso,Bandung,Organic Social,2025-10-14,79,4,418000,3,3,2,332,Needs Attention
CUST-0507,Wawan Maulana,Bandung,Organic Social,2025-05-05,241,7,2546000,1,4,4,144,Loyal
CUST-0508,Maya Kusuma,Solo,Marketplace,2025-02-23,312,5,1945800,1,3,4,134,At-Risk
CUST-0509,Indra Saputra,Bandar Lampung,Referral,2025-10-07,86,7,1813850,3,4,4,344,Loyal
CUST-0510,Cindy Wibowo,Medan,Organic Social,2025-08-10,144,7,1878800,2,4,4,244,Loyal
CUST-0511,Sinta Nugroho,Bandung,Google Search,2025-12-29,3,19,5872000,5,5,5,555,Champions
CUST-0512,Rangga Suryadi,Jakarta,Referral,2025-02-12,323,1,495000,1,1,2,112,Lost
CUST-0513,Ivan Hidayat,Jakarta,Google Search,2024-09-18,470,1,126000,1,1,1,111,Lost
CUST-0514,Omar Nugroho,Tangerang,Instagram Ads,2025-06-21,194,2,1263000,2,1,3,213,Lost
CUST-0515,Erik Rahayu,Bekasi,Marketplace,2025-12-23,9,9,2880700,5,4,5,545,Champions
CUST-0516,Jasmine Saputra,Surabaya,Referral,2025-04-06,270,1,330000,1,1,1,111,Lost
CUST-0517,Hana Prakoso,Yogyakarta,Google Search,2024-05-10,601,1,192000,1,1,1,111,Lost
CUST-0518,Gita Marliana,Yogyakarta,Instagram Ads,2025-10-17,76,11,2825800,3,5,5,355,Loyal
CUST-0519,Lukman Handoko,Jakarta,Instagram Ads,,,0,0,,,,,Never Purchased
CUST-0520,Zahra Marliana,Bandung,Instagram Ads,2025-01-24,342,1,435000,1,1,2,112,Lost
CUST-0521,Sari Marliana,Bogor,Referral,2025-10-06,87,19,5815650,3,5,5,355,Loyal
CUST-0522,Endah Hidayat,Surabaya,Organic Social,2025-12-30,2,4,944000,5,3,3,533,Potential Loyalist
CUST-0523,Kartika Nugroho,Denpasar,Instagram Ads,2025-12-10,22,18,4249450,4,5,5,455,Champions
CUST-0524,Laras Ramadhan,Tangerang,TikTok Ads,2025-09-09,114,3,291700,2,2,1,221,Lost
CUST-0525,Wulan Marliana,Makassar,Instagram Ads,2025-12-14,18,13,2619200,5,5,5,555,Champions
CUST-0526,Rangga Firmansyah,Bandar Lampung,TikTok Ads,2025-07-05,180,1,210000,2,1,1,211,Lost
CUST-0527,Oki Ramadhan,Tangerang,Organic Social,2025-12-09,23,10,3862000,4,5,5,455,Champions
CUST-0528,Yuni Ramadhan,Semarang,Referral,2025-12-17,15,2,630700,5,1,2,512,Potential Loyalist
CUST-0529,Reza Kurniawan,Surabaya,Instagram Ads,2025-11-15,47,2,627000,4,1,2,412,Potential Loyalist
CUST-0530,Vina Utami,Bogor,TikTok Ads,2025-12-23,9,8,2342800,5,4,4,544,Champions
CUST-0531,Dinda Utami,Bandung,Instagram Ads,2025-07-08,177,4,845750,2,3,3,233,At-Risk
CUST-0532,Hana Suryadi,Surabaya,Referral,2025-11-30,32,3,497200,4,2,2,422,Potential Loyalist
CUST-0533,Dinda Santoso,Jakarta,Organic Social,2025-05-18,228,4,1174300,2,3,3,233,At-Risk
CUST-0534,Sinta Anggraini,Balikpapan,Marketplace,2025-08-23,131,2,1563700,2,1,4,214,Lost
CUST-0535,Anwar Hartono,Surabaya,Google Search,2025-08-09,145,2,708600,2,1,2,212,Lost
CUST-0536,Sinta Utami,Tangerang,Instagram Ads,2025-12-08,24,1,93500,4,1,1,411,Potential Loyalist
CUST-0537,Cindy Marliana,Bandung,Instagram Ads,2025-11-26,36,6,832200,4,4,3,443,Champions
CUST-0538,Hana Kurniawan,Jakarta,Organic Social,2025-08-01,153,1,356000,2,1,1,211,Lost
CUST-0539,Cindy Kurniawan,Jakarta,Google Search,2025-11-02,60,11,2912150,3,5,5,355,Loyal
CUST-0540,Mega Rahayu,Denpasar,Instagram Ads,2025-10-22,71,3,664100,3,2,2,322,Needs Attention
CUST-0541,Erik Purnama,Yogyakarta,TikTok Ads,2025-12-30,2,19,5306900,5,5,5,555,Champions
CUST-0542,Indra Nugroho,Semarang,TikTok Ads,2025-04-07,269,5,1867300,1,3,4,134,At-Risk
CUST-0543,Nadia Kurniawan,Medan,Referral,2025-11-07,55,5,841000,3,3,3,333,Needs Attention
CUST-0544,Indra Halim,Bandung,TikTok Ads,2025-02-18,317,2,462600,1,1,2,112,Lost
CUST-0545,Vina Cahyani,Tangerang,Referral,2025-12-19,13,4,401300,5,3,2,532,Potential Loyalist
CUST-0546,Taufik Gunawan,Semarang,Marketplace,2025-10-17,76,7,2491200,3,4,4,344,Loyal
CUST-0547,Vero Nugroho,jakarta,Referral,2025-11-26,36,8,1957250,4,4,4,444,Champions
CUST-0548,Taufik Sukmawati,Medan,Organic Social,2025-12-27,5,7,1457100,5,4,3,543,Champions
CUST-0549,Rizky Halim,semarang,Instagram Ads,2025-06-27,188,1,275000,2,1,1,211,Lost
CUST-0550,Taufik Hidayat,Jakarta,Instagram Ads,2025-12-16,16,19,4168350,5,5,5,555,Champions
CUST-0551,Dinda Anggraini,Jakarta,Instagram Ads,2024-06-17,563,1,169100,1,1,1,111,Lost
CUST-0552,Rizky Utami,Malang,TikTok Ads,2025-12-01,31,9,2866450,4,4,5,445,Champions
CUST-0553,Rizky Maulana,Depok,Marketplace,2025-12-27,5,19,9744350,5,5,5,555,Champions
CUST-0554,Rangga Saputra,Solo,Google Search,2025-10-08,85,2,476250,3,1,2,312,Needs Attention
CUST-0555,Reza Gunawan,Bekasi,Referral,2025-12-30,2,9,2690700,5,4,5,545,Champions
CUST-0556,Lukman Ramadhan,Semarang,Instagram Ads,2025-09-03,120,3,349300,2,2,1,221,Lost
CUST-0557,Krisna Hidayat,Balikpapan,Instagram Ads,2025-12-19,13,2,278000,5,1,1,511,Potential Loyalist
CUST-0558,Joko Wijaya,Medan,Instagram Ads,2025-12-21,11,10,2652700,5,5,5,555,Champions
CUST-0559,Sinta Permana,Bandung,TikTok Ads,2025-11-20,42,10,3789750,4,5,5,455,Champions
CUST-0560,Oki Kusuma,Medan,TikTok Ads,2025-11-14,48,3,752500,4,2,2,422,Potential Loyalist
CUST-0561,Yuni Utami,Depok,Organic Social,2025-10-15,78,5,3064250,3,3,5,335,Needs Attention
CUST-0562,Omar Rahayu,Denpasar,TikTok Ads,2025-08-26,128,7,1846550,2,4,4,244,Loyal
CUST-0563,Irfan Firmansyah,Medan,Google Search,2025-06-03,212,3,962500,2,2,3,223,Lost
CUST-0564,Beni Nugroho,Makassar,TikTok Ads,2025-03-22,285,4,873500,1,3,3,133,At-Risk
CUST-0565,Zaki Rahayu,Semarang,Organic Social,2025-08-28,126,8,2738300,2,4,5,245,Loyal
CUST-0566,Hesti Santoso,Surabaya,Marketplace,2024-10-05,453,2,420000,1,1,2,112,Lost
CUST-0567,Sinta Firmansyah,Unknown,Organic Social,2025-06-15,200,1,675000,2,1,2,212,Lost
CUST-0568,Ulfa Marliana,Malang,Marketplace,2025-09-07,116,5,2224900,2,3,4,234,At-Risk
CUST-0569,Vero Lestari,Bekasi,Instagram Ads,2024-11-10,417,1,156000,1,1,1,111,Lost
CUST-0570,Dinda Utami,Jakarta,Marketplace,2024-03-03,669,1,230000,1,1,1,111,Lost
CUST-0571,Rizky Ramadhan,Surabaya,Instagram Ads,2025-11-13,49,3,527500,4,2,2,422,Potential Loyalist
CUST-0572,Farah Santoso,jakarta,TikTok Ads,2024-11-08,419,2,203000,1,1,1,111,Lost
CUST-0573,Tono Darmawan,Yogyakarta,Marketplace,2025-11-20,42,8,2976400,4,4,5,445,Champions
CUST-0574,Yoga Wibowo,Surabaya,Organic Social,2025-05-05,241,2,430000,1,1,2,112,Lost
CUST-0575,Hilda Kurniawan,Bogor,Marketplace,2025-07-30,155,4,2169000,2,3,4,234,At-Risk
CUST-0576,Krisna Halim,Malang,Instagram Ads,2025-12-24,8,5,811750,5,3,3,533,Potential Loyalist
CUST-0577,Yoga Sukmawati,Jakarta,Marketplace,2025-12-02,30,5,2002600,4,3,4,434,Potential Loyalist
CUST-0578,Lukman Utami,Bandung,Google Search,2025-11-27,35,2,138550,4,1,1,411,Potential Loyalist
CUST-0579,Dewi Handoko,Bandung,Referral,2025-10-17,76,2,335000,3,1,1,311,Needs Attention
CUST-0580,Sinta Santoso,Solo,Instagram Ads,2025-07-07,178,1,186150,2,1,1,211,Lost
CUST-0581,Sinta Firmansyah,Jakarta,Instagram Ads,2025-12-23,9,4,994350,5,3,3,533,Potential Loyalist
CUST-0582,Wawan Hartono,Bandung,Google Search,2025-06-16,199,2,643000,2,1,2,212,Lost
CUST-0583,Citra Kusuma,Tangerang,Instagram Ads,2025-10-13,80,6,2385600,3,4,4,344,Loyal
CUST-0584,Erik Gunawan,Bandung,Instagram Ads,2025-07-11,174,4,886200,2,3,3,233,At-Risk
CUST-0585,Galih Setiawan,Tangerang,Instagram Ads,2025-12-30,2,5,1983450,5,3,4,534,Potential Loyalist
CUST-0586,Jihan Saputra,Denpasar,Instagram Ads,2024-11-26,401,2,214200,1,1,1,111,Lost
CUST-0587,Prita Pratama,Malang,Organic Social,2025-12-27,5,9,1610350,5,4,4,544,Champions
CUST-0588,Irfan Setiawan,medan,TikTok Ads,2025-03-01,306,2,565500,1,1,2,112,Lost
CUST-0589,Farah Permana,Bekasi,Instagram Ads,2025-06-24,191,2,3027000,2,1,5,215,Lost
CUST-0590,Putri Handoko,Yogyakarta,Marketplace,2024-05-31,580,1,228000,1,1,1,111,Lost
CUST-0591,Lukman Purnama,Solo,Marketplace,2025-03-07,300,4,534250,1,3,2,132,At-Risk
CUST-0592,Cindy Utami,Denpasar,Referral,2025-12-28,4,15,4327250,5,5,5,555,Champions
CUST-0593,Ivan Kurniawan,Jakarta,Organic Social,2025-05-01,245,5,739600,1,3,2,132,At-Risk
CUST-0594,Vina Nugroho,surabaya,Referral,2025-12-18,14,14,3446300,5,5,5,555,Champions
CUST-0595,Laras Kusuma,Semarang,TikTok Ads,2025-08-08,146,3,811000,2,2,3,223,Lost
CUST-0596,Oki Rahayu,Surabaya,TikTok Ads,2025-09-15,108,16,5497900,3,5,5,355,Loyal
CUST-0597,Adit Rahayu,depok,Organic Social,2025-12-04,28,12,2562600,4,5,5,455,Champions
CUST-0598,Joko Kusuma,Surabaya,Instagram Ads,2025-12-15,17,4,1157100,5,3,3,533,Potential Loyalist
CUST-0599,Wulan Nugroho,Medan,TikTok Ads,2025-11-02,60,6,3429000,3,4,5,345,Loyal
CUST-0600,Bagus Utami,Yogyakarta,Instagram Ads,2025-07-15,170,8,1975750,2,4,4,244,Loyal
CUST-0601,Laras Halim,Medan,Instagram Ads,2024-11-15,412,1,176000,1,1,1,111,Lost
CUST-0602,Laras Firmansyah,Bandung,Instagram Ads,2025-12-25,7,5,1429050,5,3,3,533,Potential Loyalist
CUST-0603,Faisal Handoko,Tangerang,TikTok Ads,2025-12-29,3,2,192000,5,1,1,511,Potential Loyalist
CUST-0604,Anwar Kusuma,Jakarta,Google Search,2025-09-04,119,2,1745000,2,1,4,214,Lost
CUST-0605,Nadia Purnama,Semarang,Instagram Ads,2025-12-12,20,10,2896800,4,5,5,455,Champions
CUST-0606,Jasmine Rahayu,Surabaya,Referral,2025-11-29,33,3,1191600,4,2,3,423,Potential Loyalist
CUST-0607,Hilda Yulianti,Bogor,TikTok Ads,2025-05-26,220,6,1480000,2,4,4,244,Loyal
CUST-0608,Jihan Prakoso,Bekasi,Instagram Ads,2025-12-04,28,20,7307100,4,5,5,455,Champions
CUST-0609,Ulfa Rahayu,Pekanbaru,TikTok Ads,2025-11-04,58,10,2852500,3,5,5,355,Loyal
CUST-0610,Cahya Sukmawati,Pekanbaru,Marketplace,2025-10-31,62,5,1750600,3,3,4,334,Needs Attention
CUST-0611,Anwar Utami,Bogor,Marketplace,2025-11-27,35,2,219500,4,1,1,411,Potential Loyalist
CUST-0612,Yoga Yulianti,Jakarta,Instagram Ads,2025-10-16,77,1,70000,3,1,1,311,Needs Attention
CUST-0613,Cahya Lestari,Semarang,TikTok Ads,2025-08-31,123,1,50000,2,1,1,211,Lost
CUST-0614,Jihan Maulana,Jakarta,Google Search,2025-09-30,93,1,169100,3,1,1,311,Needs Attention
CUST-0615,Krisna Suryadi,Makassar,Instagram Ads,2025-09-04,119,2,250000,2,1,1,211,Lost
CUST-0616,Anwar Cahyani,Semarang,TikTok Ads,2025-11-25,37,2,1091500,4,1,3,413,Potential Loyalist
CUST-0617,Kartika Nugroho,Jakarta,Instagram Ads,2025-10-23,70,7,1964450,3,4,4,344,Loyal
CUST-0618,Vero Wijaya,Surabaya,Instagram Ads,2025-12-01,31,10,2725500,4,5,5,455,Champions
CUST-0619,Kevin Hartono,Balikpapan,TikTok Ads,2025-02-05,330,2,377000,1,1,1,111,Lost
CUST-0620,Rizky Kurniawan,Jakarta,Marketplace,2025-12-21,11,1,81000,5,1,1,511,Potential Loyalist
CUST-0621,Anwar Prakoso,Makassar,Instagram Ads,2025-07-06,179,1,494000,2,1,2,212,Lost
CUST-0622,Ivan Permana,Yogyakarta,Instagram Ads,2025-09-13,110,11,3689000,2,5,5,255,Loyal
CUST-0623,Taufik Wijaya,bekasi,TikTok Ads,2025-11-27,35,6,1277400,4,4,3,443,Champions
CUST-0624,Yuni Ramadhan,Denpasar,TikTok Ads,2025-10-03,90,9,1673200,3,4,4,344,Loyal
CUST-0625,Fajar Setiawan,Medan,Instagram Ads,2025-11-12,50,2,117000,4,1,1,411,Potential Loyalist
CUST-0626,Nadia Saputra,Bogor,TikTok Ads,2025-11-07,55,3,1402500,3,2,3,323,Needs Attention
CUST-0627,Krisna Santoso,Surabaya,TikTok Ads,2025-11-07,55,4,1342000,3,3,3,333,Needs Attention
CUST-0628,Dinda Yulianti,Bandung,Google Search,2025-11-10,52,21,7052250,3,5,5,355,Loyal
CUST-0629,Wawan Darmawan,Tangerang,TikTok Ads,2025-12-13,19,1,389000,5,1,2,512,Potential Loyalist
CUST-0630,Prita Yulianti,Yogyakarta,Marketplace,2025-06-25,190,2,264500,2,1,1,211,Lost
CUST-0631,Ivan Setiawan,Denpasar,Instagram Ads,2025-12-14,18,10,2416800,5,5,4,554,Champions
CUST-0632,Dinda Lestari,Bogor,Instagram Ads,2025-12-21,11,9,2234900,5,4,4,544,Champions
CUST-0633,Sari Kusuma,Bandar Lampung,Marketplace,2025-12-19,13,20,5352200,5,5,5,555,Champions
CUST-0634,Putri Handoko,Denpasar,Instagram Ads,2024-02-24,677,2,682400,1,1,2,112,Lost
CUST-0635,Gita Nugroho,Jakarta,Marketplace,2025-06-05,210,2,466000,2,1,2,212,Lost
CUST-0636,Cindy Handoko,Denpasar,TikTok Ads,2025-12-13,19,8,953900,5,4,3,543,Champions
CUST-0637,Galih Kusuma,Makassar,Marketplace,2025-10-14,79,7,1421000,3,4,3,343,Loyal
CUST-0638,Dewi Rahayu,bandar lampung,Organic Social,2025-12-02,30,3,2218300,4,2,4,424,Potential Loyalist
CUST-0639,Taufik Darmawan,Yogyakarta,Instagram Ads,2025-11-02,60,4,600500,3,3,2,332,Needs Attention
CUST-0640,Taufik Saputra,Unknown,TikTok Ads,2025-09-03,120,1,165000,2,1,1,211,Lost
CUST-0641,Rangga Utami,Jakarta,Instagram Ads,2024-08-07,512,1,777000,1,1,2,112,Lost
CUST-0642,Bayu Cahyani,Balikpapan,Referral,2025-11-04,58,5,1140800,3,3,3,333,Needs Attention
CUST-0643,Laras Ramadhan,Surabaya,Instagram Ads,2025-09-20,103,2,441100,3,1,2,312,Needs Attention
CUST-0644,Rizky Saputra,Jakarta,Instagram Ads,2025-07-31,154,3,660000,2,2,2,222,Lost
CUST-0645,Galih Halim,Balikpapan,Marketplace,2025-10-01,92,1,168000,3,1,1,311,Needs Attention
CUST-0646,Umar Hidayat,Bogor,Google Search,2025-12-04,28,10,3838300,4,5,5,455,Champions
CUST-0647,Dinda Hidayat,Medan,TikTok Ads,,,0,0,,,,,Never Purchased
CUST-0648,Krisna Setiawan,Makassar,Marketplace,2025-09-03,120,2,346000,2,1,1,211,Lost
CUST-0649,Nadia Saputra,Bandung,Google Search,2025-10-05,88,10,3162000,3,5,5,355,Loyal
CUST-0650,Vina Ramadhan,Denpasar,TikTok Ads,2025-12-07,25,3,1293000,4,2,3,423,Potential Loyalist
CUST-0651,Endah Firmansyah,bekasi,Marketplace,2025-12-31,1,9,2593750,5,4,5,545,Champions
CUST-0652,Farah Kurniawan,Malang,Instagram Ads,2025-05-04,242,4,741450,1,3,2,132,At-Risk
CUST-0653,Sari Hartono,Jakarta,Google Search,2025-12-19,13,3,1048850,5,2,3,523,Potential Loyalist
CUST-0654,Ivan Anggraini,Bandung,TikTok Ads,2025-12-24,8,11,4284900,5,5,5,555,Champions
CUST-0655,Yoga Cahyani,Jakarta,Referral,2025-11-22,40,9,1907200,4,4,4,444,Champions
CUST-0656,Faisal Setiawan,Jakarta,Instagram Ads,2025-12-28,4,17,4096550,5,5,5,555,Champions
CUST-0657,Omar Halim,Bekasi,Instagram Ads,2025-06-29,186,1,95000,2,1,1,211,Lost
CUST-0658,Doni Firmansyah,Bandar Lampung,Instagram Ads,2025-11-28,34,5,3305000,4,3,5,435,Potential Loyalist
CUST-0659,Jasmine Lestari,Semarang,Organic Social,2025-12-19,13,4,1196600,5,3,3,533,Potential Loyalist
CUST-0660,Ulfa Setiawan,Yogyakarta,Instagram Ads,2025-11-30,32,3,914000,4,2,3,423,Potential Loyalist
CUST-0661,Umar Kurniawan,Medan,TikTok Ads,2025-12-19,13,9,2235250,5,4,4,544,Champions
CUST-0662,Joko Permana,Semarang,Instagram Ads,2025-09-15,108,3,395600,3,2,2,322,Needs Attention
CUST-0663,Ulfa Kurniawan,Semarang,TikTok Ads,2025-05-30,216,5,891400,2,3,3,233,At-Risk
CUST-0664,Nadia Utami,Unknown,Organic Social,2025-11-07,55,8,2717800,3,4,5,345,Loyal
CUST-0665,Putri Kusuma,Semarang,Referral,2025-07-15,170,4,936500,2,3,3,233,At-Risk
CUST-0666,Putri Rahayu,Denpasar,Referral,2025-12-08,24,5,1917450,4,3,4,434,Potential Loyalist
CUST-0667,Sari Maulana,Palembang,Instagram Ads,2025-02-25,310,4,771550,1,3,2,132,At-Risk
CUST-0668,Doni Hidayat,Jakarta,Referral,2024-08-10,509,2,177750,1,1,1,111,Lost
CUST-0669,Bagus Kusuma,Yogyakarta,Marketplace,2025-11-10,52,13,5054450,3,5,5,355,Loyal
CUST-0670,Fajar Halim,Bandung,Instagram Ads,2025-04-26,250,2,700000,1,1,2,112,Lost
CUST-0671,Zaki Anggraini,Jakarta,Referral,2025-11-16,46,3,809850,4,2,2,422,Potential Loyalist
CUST-0672,Anwar Wibowo,Jakarta,Instagram Ads,2025-10-26,67,2,522750,3,1,2,312,Needs Attention
CUST-0673,Erik Pratama,Yogyakarta,Instagram Ads,2025-09-02,121,8,2366000,2,4,4,244,Loyal
CUST-0674,Cindy Saputra,Bekasi,TikTok Ads,2025-10-11,82,1,209000,3,1,1,311,Needs Attention
CUST-0675,Taufik Permana,Bekasi,Marketplace,2025-11-12,50,3,698250,4,2,2,422,Potential Loyalist
CUST-0676,Rangga Suryadi,Jakarta,Google Search,2025-05-29,217,4,1690300,2,3,4,234,At-Risk
CUST-0677,Putri Firmansyah,Jakarta,TikTok Ads,2025-10-22,71,17,4133500,3,5,5,355,Loyal
CUST-0678,Adit Wijaya,Jakarta,Google Search,2025-10-17,76,10,3018000,3,5,5,355,Loyal
CUST-0679,Galih Santoso,Denpasar,Referral,2024-03-13,659,1,366000,1,1,1,111,Lost
CUST-0680,Jihan Yulianti,Bandung,Instagram Ads,2024-01-15,717,2,668000,1,1,2,112,Lost
CUST-0681,Yuni Yulianti,Yogyakarta,Organic Social,2025-12-10,22,6,2074200,4,4,4,444,Champions
CUST-0682,Rangga Marliana,Tangerang,Instagram Ads,2025-11-19,43,5,1120950,4,3,3,433,Potential Loyalist
CUST-0683,Laras Kusuma,Tangerang,TikTok Ads,2025-11-21,41,5,2185000,4,3,4,434,Potential Loyalist
CUST-0684,Guntur Setiawan,Unknown,Instagram Ads,2025-09-21,102,6,1573400,3,4,4,344,Loyal
CUST-0685,Endah Pratama,Semarang,Organic Social,2025-07-02,183,2,583000,2,1,2,212,Lost
CUST-0686,Anwar Hartono,Semarang,Instagram Ads,2025-08-07,147,6,2345850,2,4,4,244,Loyal
CUST-0687,Galih Darmawan,Tangerang,Google Search,2025-10-01,92,4,558100,3,3,2,332,Needs Attention
CUST-0688,Ivan Ramadhan,Makassar,Instagram Ads,2024-04-20,621,1,150000,1,1,1,111,Lost
CUST-0689,Galih Saputra,Bogor,Instagram Ads,2024-11-17,410,2,468000,1,1,2,112,Lost
CUST-0690,Mega Hidayat,Medan,Instagram Ads,2025-12-16,16,5,1743500,5,3,4,534,Potential Loyalist
CUST-0691,Kevin Marliana,Jakarta,Organic Social,2025-07-21,164,7,1640750,2,4,4,244,Loyal
CUST-0692,Bayu Prakoso,Yogyakarta,TikTok Ads,2025-06-30,185,7,1252450,2,4,3,243,Loyal
CUST-0693,Umar Santoso,Unknown,Marketplace,2025-05-03,243,2,759000,1,1,2,112,Lost
CUST-0694,Maya Saputra,Balikpapan,TikTok Ads,2025-07-08,177,3,2083550,2,2,4,224,Lost
CUST-0695,Gita Darmawan,Bandung,Google Search,2025-08-30,124,4,819550,2,3,3,233,At-Risk
CUST-0696,Kartika Yulianti,Surabaya,Instagram Ads,2025-11-18,44,13,5191600,4,5,5,455,Champions
CUST-0697,Doni Kurniawan,Surabaya,TikTok Ads,2025-12-18,14,15,5660450,5,5,5,555,Champions
CUST-0698,Citra Prakoso,Bandung,Referral,2025-07-18,167,8,2400000,2,4,4,244,Loyal
CUST-0699,Kevin Sukmawati,Makassar,Instagram Ads,2025-12-09,23,6,1013100,4,4,3,443,Champions
CUST-0700,Tono Hartono,Balikpapan,Instagram Ads,2025-11-10,52,7,2630000,3,4,5,345,Loyal
CUST-0701,Vina Pratama,Jakarta,Organic Social,2025-10-08,85,2,495000,3,1,2,312,Needs Attention
CUST-0702,Kevin Purnama,Pekanbaru,Instagram Ads,2025-11-30,32,2,764000,4,1,2,412,Potential Loyalist
CUST-0703,Mega Utami,Jakarta,Instagram Ads,2025-06-02,213,4,660500,2,3,2,232,At-Risk
CUST-0704,Wulan Santoso,Depok,Referral,2025-08-08,146,16,4899050,2,5,5,255,Loyal
CUST-0705,Dinda Kurniawan,Depok,Instagram Ads,2025-09-24,99,8,2191000,3,4,4,344,Loyal
CUST-0706,Anwar Wijaya,Unknown,Marketplace,2025-11-04,58,5,1288600,3,3,3,333,Needs Attention
CUST-0707,Oki Sukmawati,bandung,Google Search,2025-11-28,34,6,1369650,4,4,3,443,Champions
CUST-0708,Umar Rahayu,Medan,Instagram Ads,2025-11-01,61,4,1216950,3,3,3,333,Needs Attention
CUST-0709,Dewi Ramadhan,Semarang,Referral,2025-05-06,240,1,125000,1,1,1,111,Lost
CUST-0710,Oki Maulana,Surabaya,Instagram Ads,2025-12-06,26,5,1148700,4,3,3,433,Potential Loyalist
CUST-0711,Dewi Setiawan,Surabaya,TikTok Ads,2025-03-22,285,4,1209750,1,3,3,133,At-Risk
CUST-0712,Indra Suryadi,Jakarta,Google Search,,,0,0,,,,,Never Purchased
CUST-0713,Ivan Utami,Yogyakarta,Instagram Ads,2025-12-29,3,10,3671500,5,5,5,555,Champions
CUST-0714,Sinta Maulana,Bandung,TikTok Ads,2025-09-14,109,2,640800,2,1,2,212,Lost
CUST-0715,Umar Kusuma,Bandung,Marketplace,2025-01-16,350,2,309050,1,1,1,111,Lost
CUST-0716,Dinda Utami,makassar,Instagram Ads,2025-02-12,323,2,385800,1,1,2,112,Lost
CUST-0717,Omar Kurniawan,Surabaya,Instagram Ads,2025-07-05,180,1,57600,2,1,1,211,Lost
CUST-0718,Umar Anggraini,Bogor,TikTok Ads,2025-12-14,18,10,2470650,5,5,4,554,Champions
CUST-0719,Rangga Setiawan,Bandung,TikTok Ads,2025-11-15,47,4,1241650,4,3,3,433,Potential Loyalist
CUST-0720,Mega Marliana,Tangerang,Google Search,2024-12-09,388,1,339000,1,1,1,111,Lost
CUST-0721,Omar Hidayat,Jakarta,Instagram Ads,2025-10-05,88,8,2986900,3,4,5,345,Loyal
CUST-0722,Farah Kurniawan,Denpasar,Google Search,2025-11-19,43,4,755650,4,3,2,432,Potential Loyalist
CUST-0723,Rizky Rahayu,Malang,Marketplace,2025-06-09,206,2,433000,2,1,2,212,Lost
CUST-0724,Lukman Saputra,Jakarta,TikTok Ads,2025-03-13,294,2,381000,1,1,1,111,Lost
CUST-0725,Galih Wibowo,Yogyakarta,Referral,2025-04-24,252,4,3148500,1,3,5,135,At-Risk
CUST-0726,Hesti Hidayat,Jakarta,Organic Social,2025-04-24,252,1,145000,1,1,1,111,Lost
CUST-0727,Krisna Hidayat,Makassar,Instagram Ads,2025-11-19,43,16,5014300,4,5,5,455,Champions
CUST-0728,Ivan Ramadhan,Bandung,Google Search,2025-12-27,5,9,2071800,5,4,4,544,Champions
CUST-0729,Umar Kurniawan,Makassar,Google Search,2024-09-05,483,2,308000,1,1,1,111,Lost
CUST-0730,Taufik Yulianti,Yogyakarta,Instagram Ads,2025-01-21,345,2,1395000,1,1,3,113,Lost
CUST-0731,Anwar Halim,Jakarta,Google Search,2025-12-20,12,16,3846600,5,5,5,555,Champions
CUST-0732,Wulan Nugroho,Medan,Instagram Ads,2025-08-29,125,2,1234000,2,1,3,213,Lost
CUST-0733,Bayu Maulana,Bogor,TikTok Ads,2025-10-01,92,3,1054000,3,2,3,323,Needs Attention
CUST-0734,Lukman Pratama,Bekasi,Referral,2025-11-26,36,2,348300,4,1,1,411,Potential Loyalist
CUST-0735,Oki Utami,Makassar,Referral,2025-01-09,357,1,115000,1,1,1,111,Lost
CUST-0736,Reza Gunawan,Surabaya,Instagram Ads,2025-12-26,6,3,730600,5,2,2,522,Potential Loyalist
CUST-0737,Bayu Darmawan,Surabaya,Marketplace,2025-02-09,326,1,270000,1,1,1,111,Lost
CUST-0738,Zahra Saputra,Bandar Lampung,Instagram Ads,2025-12-09,23,8,3774600,4,4,5,445,Champions
CUST-0739,Guntur Anggraini,Bandar Lampung,Organic Social,2025-12-29,3,7,3541200,5,4,5,545,Champions
CUST-0740,Vina Wibowo,Surabaya,Google Search,2025-12-25,7,3,503450,5,2,2,522,Potential Loyalist
CUST-0741,Ivan Nugroho,Bekasi,TikTok Ads,2025-11-29,33,10,2995500,4,5,5,455,Champions
CUST-0742,Ayu Sukmawati,Bogor,Instagram Ads,2025-10-31,62,5,1294300,3,3,3,333,Needs Attention
CUST-0743,Umar Darmawan,Surabaya,Organic Social,2025-03-08,299,3,934600,1,2,3,123,Lost
CUST-0744,Irfan Halim,Yogyakarta,TikTok Ads,2025-12-13,19,9,1875650,5,4,4,544,Champions
CUST-0745,Mega Marliana,Denpasar,Referral,2025-05-23,223,1,115000,2,1,1,211,Lost
CUST-0746,Mega Marliana,Jakarta,Referral,2025-04-15,261,1,84000,1,1,1,111,Lost
CUST-0747,Jasmine Cahyani,Jakarta,Organic Social,2025-12-26,6,6,1421800,5,4,3,543,Champions
CUST-0748,Zaki Santoso,Tangerang,TikTok Ads,2025-06-17,198,4,949100,2,3,3,233,At-Risk
CUST-0749,Rizky Wijaya,Surabaya,Referral,2025-12-17,15,5,1261050,5,3,3,533,Potential Loyalist
CUST-0750,Joko Kusuma,Palembang,Referral,2025-12-30,2,2,205100,5,1,1,511,Potential Loyalist
CUST-0751,Tono Firmansyah,Jakarta,Instagram Ads,2025-09-01,122,9,2647200,2,4,5,245,Loyal
CUST-0752,Endah Suryadi,Palembang,Organic Social,2024-05-10,601,1,660000,1,1,2,112,Lost
CUST-0753,Mega Ramadhan,Semarang,TikTok Ads,2024-06-16,564,1,142800,1,1,1,111,Lost
CUST-0754,Krisna Hidayat,Surabaya,Google Search,2024-09-05,483,1,156000,1,1,1,111,Lost
CUST-0755,Yuni Wijaya,Semarang,Instagram Ads,2024-12-09,388,2,305250,1,1,1,111,Lost
CUST-0756,Fajar Wijaya,Jakarta,Instagram Ads,2025-12-13,19,4,1128250,5,3,3,533,Potential Loyalist
CUST-0757,Ulfa Hartono,Solo,Google Search,2025-11-24,38,10,2817650,4,5,5,455,Champions
CUST-0758,Fajar Darmawan,Medan,Instagram Ads,2025-12-30,2,18,4901250,5,5,5,555,Champions
CUST-0759,Krisna Santoso,Surabaya,Instagram Ads,2025-04-13,263,2,2645000,1,1,5,115,Lost
CUST-0760,Ulfa Saputra,Jakarta,Google Search,2025-07-17,168,3,928200,2,2,3,223,Lost
CUST-0761,Nadia Kurniawan,Jakarta,Organic Social,2025-12-04,28,9,3775350,4,4,5,445,Champions
CUST-0762,Laras Hartono,Tangerang,TikTok Ads,2025-01-29,337,1,106200,1,1,1,111,Lost
CUST-0763,Galih Yulianti,Jakarta,Instagram Ads,2025-12-19,13,6,1064400,5,4,3,543,Champions
CUST-0764,Endah Firmansyah,Makassar,Organic Social,2024-05-08,603,1,330650,1,1,1,111,Lost
CUST-0765,Wawan Gunawan,Tangerang,Google Search,2025-03-20,287,2,577000,1,1,2,112,Lost
CUST-0766,Beni Santoso,Makassar,TikTok Ads,2025-10-02,91,4,1745500,3,3,4,334,Needs Attention
CUST-0767,Wawan Wibowo,Semarang,Referral,2025-08-28,126,5,850000,2,3,3,233,At-Risk
CUST-0768,Wawan Kurniawan,Makassar,Referral,2025-03-02,305,2,629400,1,1,2,112,Lost
CUST-0769,Endah Marliana,Bandar Lampung,Organic Social,2024-09-10,478,1,356000,1,1,1,111,Lost
CUST-0770,Dewi Prakoso,Palembang,TikTok Ads,2025-11-10,52,10,3098750,3,5,5,355,Loyal
CUST-0771,Taufik Lestari,Medan,Organic Social,2025-10-02,91,2,713500,3,1,2,312,Needs Attention
CUST-0772,Bagus Lestari,Palembang,Marketplace,2025-07-01,184,3,652050,2,2,2,222,Lost
CUST-0773,Hana Handoko,Makassar,Organic Social,2025-08-17,137,1,78000,2,1,1,211,Lost
CUST-0774,Galih Marliana,Bandung,Instagram Ads,2025-12-24,8,4,900000,5,3,3,533,Potential Loyalist
CUST-0775,Zaki Yulianti,Yogyakarta,Instagram Ads,2024-12-07,390,1,302600,1,1,1,111,Lost
CUST-0776,Irfan Rahayu,Jakarta,Instagram Ads,2025-11-16,46,7,1632000,4,4,4,444,Champions
CUST-0777,Vina Halim,Bandung,Referral,2025-10-16,77,3,1001000,3,2,3,323,Needs Attention
CUST-0778,Cindy Anggraini,Jakarta,TikTok Ads,2025-10-22,71,1,121500,3,1,1,311,Needs Attention
CUST-0779,Nadia Handoko,Malang,Instagram Ads,2025-07-25,160,10,2056500,2,5,4,254,Loyal
CUST-0780,Umar Pratama,Yogyakarta,Google Search,2025-12-12,20,9,2784000,4,4,5,445,Champions
CUST-0781,Jihan Lestari,Bandung,Organic Social,2025-03-17,290,3,1309650,1,2,3,123,Lost
CUST-0782,Omar Setiawan,Denpasar,TikTok Ads,2024-12-29,368,1,66750,1,1,1,111,Lost
CUST-0783,Vero Yulianti,Jakarta,Instagram Ads,2025-08-09,145,2,820000,2,1,3,213,Lost
CUST-0784,Dewi Halim,Bandung,Instagram Ads,,,0,0,,,,,Never Purchased
CUST-0785,Ayu Kusuma,Palembang,Referral,2025-06-10,205,1,1017000,2,1,3,213,Lost
CUST-0786,Maya Cahyani,Palembang,Referral,2025-12-12,20,5,2331000,4,3,4,434,Potential Loyalist
CUST-0787,Laras Halim,Unknown,Instagram Ads,2025-11-08,54,9,3136050,3,4,5,345,Loyal
CUST-0788,Vero Darmawan,Depok,TikTok Ads,2025-12-31,1,7,2678950,5,4,5,545,Champions
CUST-0789,Zaki Wibowo,Jakarta,Instagram Ads,2024-12-12,385,1,197100,1,1,1,111,Lost
CUST-0790,Bagus Santoso,Bandar Lampung,TikTok Ads,2025-09-07,116,3,1965150,2,2,4,224,Lost
CUST-0791,Nadia Purnama,Bandung,Instagram Ads,2025-10-30,63,4,650000,3,3,2,332,Needs Attention
CUST-0792,Umar Setiawan,Jakarta,TikTok Ads,2024-05-12,599,1,236000,1,1,1,111,Lost
CUST-0793,Faisal Wibowo,Medan,Instagram Ads,2024-05-11,600,1,64000,1,1,1,111,Lost
CUST-0794,Wawan Setiawan,Jakarta,Referral,2025-06-15,200,4,2336500,2,3,4,234,At-Risk
CUST-0795,Galih Nugroho,Jakarta,Google Search,2025-05-07,239,2,250200,1,1,1,111,Lost
CUST-0796,Ayu Santoso,Yogyakarta,Google Search,2025-07-28,157,1,230000,2,1,1,211,Lost
CUST-0797,Fajar Saputra,Denpasar,Organic Social,2025-12-30,2,8,1253950,5,4,3,543,Champions
CUST-0798,Jihan Permana,Malang,TikTok Ads,2024-07-02,548,1,100000,1,1,1,111,Lost
CUST-0799,Beni Kurniawan,Medan,Referral,2025-12-13,19,2,279000,5,1,1,511,Potential Loyalist
CUST-0800,Mega Pratama,Bandar Lampung,Google Search,2025-11-11,51,9,2063250,3,4,4,344,Loyal
CUST-0801,Krisna Wijaya,Semarang,Instagram Ads,2024-11-27,400,3,1477900,1,2,4,124,Lost
CUST-0802,Putri Maulana,Semarang,Referral,2025-12-03,29,8,1542250,4,4,4,444,Champions
CUST-0803,Jihan Saputra,Surabaya,Google Search,2025-12-31,1,4,1047000,5,3,3,533,Potential Loyalist
CUST-0804,Erik Maulana,Yogyakarta,Instagram Ads,2025-11-05,57,10,4685700,3,5,5,355,Loyal
CUST-0805,Joko Sukmawati,Solo,Organic Social,2025-11-03,59,11,2276700,3,5,4,354,Loyal
CUST-0806,Guntur Anggraini,Denpasar,Organic Social,2025-12-07,25,6,2023800,4,4,4,444,Champions
CUST-0807,Krisna Prakoso,Tangerang,TikTok Ads,2025-07-18,167,2,444000,2,1,2,212,Lost
CUST-0808,Farah Sukmawati,Surabaya,Instagram Ads,2025-07-11,174,5,1122750,2,3,3,233,At-Risk
CUST-0809,Cindy Purnama,Yogyakarta,TikTok Ads,2024-11-11,416,1,48000,1,1,1,111,Lost
CUST-0810,Wulan Sukmawati,Surabaya,TikTok Ads,2025-09-17,106,1,220000,3,1,1,311,Needs Attention
CUST-0811,Omar Santoso,Bogor,Instagram Ads,2024-11-19,408,3,1843750,1,2,4,124,Lost
CUST-0812,Umar Hartono,Makassar,Instagram Ads,2025-07-02,183,5,1214400,2,3,3,233,At-Risk
CUST-0813,Laras Sukmawati,Bandung,TikTok Ads,2025-10-26,67,19,6840700,3,5,5,355,Loyal
CUST-0814,Nadia Sukmawati,Bandung,TikTok Ads,2025-10-20,73,10,2963300,3,5,5,355,Loyal
CUST-0815,Laras Wijaya,Bekasi,Google Search,2024-11-25,402,2,884100,1,1,3,113,Lost
CUST-0816,Eka Handoko,Bandung,Organic Social,2025-09-13,110,2,307500,2,1,1,211,Lost
CUST-0817,Hana Hartono,Bandung,Instagram Ads,2025-10-26,67,1,346500,3,1,1,311,Needs Attention
CUST-0818,Rangga Yulianti,Medan,Referral,2025-11-18,44,5,2063850,4,3,4,434,Potential Loyalist
CUST-0819,Joko Hartono,Yogyakarta,Marketplace,2025-12-28,4,20,6094700,5,5,5,555,Champions
CUST-0820,Putri Ramadhan,Jakarta,TikTok Ads,2025-12-01,31,5,1203250,4,3,3,433,Potential Loyalist
CUST-0821,Reza Hidayat,Makassar,Referral,2025-12-22,10,5,1559250,5,3,4,534,Potential Loyalist
CUST-0822,Yoga Darmawan,Jakarta,Marketplace,2025-01-17,349,2,893750,1,1,3,113,Lost
CUST-0823,Citra Pratama,Unknown,Instagram Ads,2025-11-12,50,5,2104000,4,3,4,434,Potential Loyalist
CUST-0824,Cindy Nugroho,Unknown,Marketplace,2025-10-02,91,5,855600,3,3,3,333,Needs Attention
CUST-0825,Wawan Hidayat,Makassar,Instagram Ads,2025-12-15,17,11,4030850,5,5,5,555,Champions
CUST-0826,Putri Sukmawati,Jakarta,Referral,2025-12-31,1,9,1358200,5,4,3,543,Champions
CUST-0827,Vina Setiawan,Bekasi,Instagram Ads,2025-12-20,12,7,2253950,5,4,4,544,Champions
CUST-0828,Taufik Anggraini,Jakarta,TikTok Ads,2025-08-30,124,4,821300,2,3,3,233,At-Risk
CUST-0829,Dewi Hartono,Tangerang,Google Search,2025-07-15,170,7,1600750,2,4,4,244,Loyal
CUST-0830,Nadia Halim,Bogor,TikTok Ads,,,0,0,,,,,Never Purchased
CUST-0831,Ulfa Kusuma,Bekasi,Instagram Ads,2025-12-30,2,21,5144900,5,5,5,555,Champions
CUST-0832,Ulfa Marliana,Yogyakarta,Google Search,2025-12-29,3,8,2422500,5,4,4,544,Champions
CUST-0833,Dewi Wibowo,Bekasi,TikTok Ads,2025-09-13,110,4,1217000,2,3,3,233,At-Risk
CUST-0834,Eka Suryadi,Solo,Marketplace,2025-06-23,192,2,501000,2,1,2,212,Lost
CUST-0835,Jihan Darmawan,Jakarta,TikTok Ads,2024-09-13,475,1,250000,1,1,1,111,Lost
CUST-0836,Cindy Santoso,Makassar,Instagram Ads,2025-03-26,281,1,504000,1,1,2,112,Lost
CUST-0837,Prita Pratama,Tangerang,Marketplace,2025-03-22,285,1,137750,1,1,1,111,Lost
CUST-0838,Laras Pratama,Denpasar,TikTok Ads,2025-11-09,53,13,3013400,3,5,5,355,Loyal
CUST-0839,Anwar Yulianti,Pekanbaru,Organic Social,2025-09-11,112,4,1657800,2,3,4,234,At-Risk
CUST-0840,Faisal Nugroho,Semarang,Google Search,2025-09-23,100,9,2057300,3,4,4,344,Loyal
CUST-0841,Prita Firmansyah,Unknown,Instagram Ads,2025-12-12,20,3,1022000,4,2,3,423,Potential Loyalist
CUST-0842,Tono Firmansyah,Semarang,Instagram Ads,2025-12-23,9,9,2609700,5,4,5,545,Champions
CUST-0843,Irfan Nugroho,Semarang,Google Search,2025-07-12,173,6,1127250,2,4,3,243,Loyal
CUST-0844,Indra Wijaya,Unknown,Instagram Ads,2025-08-23,131,9,2679600,2,4,5,245,Loyal
CUST-0845,Reza Permana,Tangerang,TikTok Ads,2025-11-06,56,6,1572950,3,4,4,344,Loyal
CUST-0846,Dewi Lestari,Balikpapan,Organic Social,2025-09-15,108,1,369750,3,1,1,311,Needs Attention
CUST-0847,Endah Ramadhan,Jakarta,Organic Social,2025-11-23,39,8,1857000,4,4,4,444,Champions
CUST-0848,Joko Suryadi,Semarang,Google Search,2025-12-18,14,1,212400,5,1,1,511,Potential Loyalist
CUST-0849,Lukman Firmansyah,Yogyakarta,Instagram Ads,2024-11-02,425,1,135000,1,1,1,111,Lost
CUST-0850,Eka Prakoso,Bandung,Organic Social,2025-10-29,64,10,1993700,3,5,4,354,Loyal
CUST-0851,Cahya Prakoso,Jakarta,Marketplace,2024-11-05,422,2,731000,1,1,2,112,Lost
CUST-0852,Indra Lestari,Denpasar,Organic Social,2025-06-09,206,4,943500,2,3,3,233,At-Risk
CUST-0853,Sari Halim,Depok,Referral,2024-02-19,682,2,392000,1,1,2,112,Lost
CUST-0854,Mega Wijaya,Jakarta,Instagram Ads,2025-08-30,124,2,1195000,2,1,3,213,Lost
CUST-0855,Fajar Pratama,Depok,Instagram Ads,2025-11-13,49,12,6044850,4,5,5,455,Champions
CUST-0856,Faisal Cahyani,Bandar Lampung,Instagram Ads,2025-11-12,50,8,3034300,4,4,5,445,Champions
CUST-0857,Lukman Hartono,Unknown,Referral,2025-03-15,292,2,426000,1,1,2,112,Lost
CUST-0858,Beni Permana,Medan,TikTok Ads,2025-12-27,5,7,4388650,5,4,5,545,Champions
CUST-0859,Omar Gunawan,Jakarta,Organic Social,2025-12-25,7,12,5403050,5,5,5,555,Champions
CUST-0860,Nanda Hidayat,Solo,Instagram Ads,2025-11-15,47,10,3598500,4,5,5,455,Champions
CUST-0861,Kartika Ramadhan,Jakarta,Marketplace,2025-07-15,170,5,1478000,2,3,4,234,At-Risk
CUST-0862,Omar Yulianti,Jakarta,Organic Social,2025-09-02,121,2,291000,2,1,1,211,Lost
CUST-0863,Beni Pratama,Unknown,TikTok Ads,2025-06-30,185,2,638150,2,1,2,212,Lost
CUST-0864,Bayu Saputra,Jakarta,Referral,2025-01-01,365,2,675000,1,1,2,112,Lost
CUST-0865,Putri Sukmawati,Palembang,TikTok Ads,2025-05-28,218,1,1017000,2,1,3,213,Lost
CUST-0866,Hilda Maulana,Jakarta,Instagram Ads,2025-09-13,110,4,1749000,2,3,4,234,At-Risk
CUST-0867,Wulan Saputra,Bandar Lampung,Google Search,2025-12-31,1,2,342200,5,1,1,511,Potential Loyalist
CUST-0868,Dewi Hidayat,Solo,Instagram Ads,2025-10-23,70,5,799250,3,3,2,332,Needs Attention
CUST-0869,Hilda Permana,Bogor,Google Search,2025-12-28,4,4,669600,5,3,2,532,Potential Loyalist
CUST-0870,Fajar Maulana,Depok,Organic Social,2025-08-24,130,8,1738300,2,4,4,244,Loyal
CUST-0871,Adit Sukmawati,Yogyakarta,TikTok Ads,2025-05-12,234,3,725250,1,2,2,122,Lost
CUST-0872,Kevin Purnama,Malang,Marketplace,2025-12-28,4,1,123750,5,1,1,511,Potential Loyalist
CUST-0873,Faisal Sukmawati,Palembang,Referral,2024-11-20,407,1,113400,1,1,1,111,Lost
CUST-0874,Dinda Nugroho,Jakarta,TikTok Ads,2025-12-06,26,7,2933400,4,4,5,445,Champions
CUST-0875,Nanda Halim,Jakarta,TikTok Ads,2025-11-28,34,5,1097500,4,3,3,433,Potential Loyalist
CUST-0876,Vero Anggraini,Jakarta,Organic Social,2025-05-18,228,3,2101000,2,2,4,224,Lost
CUST-0877,Guntur Cahyani,Bekasi,TikTok Ads,2025-12-20,12,8,1817100,5,4,4,544,Champions
CUST-0878,Guntur Firmansyah,Depok,Instagram Ads,2025-12-17,15,8,2352650,5,4,4,544,Champions
CUST-0879,Sari Cahyani,Palembang,Marketplace,2025-08-01,153,3,793000,2,2,2,222,Lost
CUST-0880,Wawan Sukmawati,Semarang,Marketplace,2025-06-16,199,6,916950,2,4,3,243,Loyal
CUST-0881,Endah Hartono,Semarang,Instagram Ads,2025-10-30,63,5,1823800,3,3,4,334,Needs Attention
CUST-0882,Nanda Halim,surabaya,Marketplace,2025-12-19,13,6,710600,5,4,2,542,Champions
CUST-0883,Mega Handoko,Jakarta,Marketplace,2025-12-28,4,15,3074300,5,5,5,555,Champions
CUST-0884,Citra Hidayat,Jakarta,Instagram Ads,2025-12-29,3,5,930200,5,3,3,533,Potential Loyalist
CUST-0885,Faisal Cahyani,Surabaya,TikTok Ads,2025-12-24,8,7,5338000,5,4,5,545,Champions
CUST-0886,Ulfa Yulianti,Bogor,Marketplace,2025-11-11,51,9,3755900,3,4,5,345,Loyal
CUST-0887,Ayu Marliana,Malang,Instagram Ads,2024-01-15,717,1,297000,1,1,1,111,Lost
CUST-0888,Joko Suryadi,Balikpapan,Instagram Ads,2025-02-10,325,2,229700,1,1,1,111,Lost
CUST-0889,Indra Suryadi,Jakarta,TikTok Ads,2024-10-04,454,3,671250,1,2,2,122,Lost
CUST-0890,Cahya Utami,Surabaya,Organic Social,2025-08-11,143,2,1400250,2,1,3,213,Lost
CUST-0891,Beni Lestari,Semarang,TikTok Ads,2025-06-13,202,5,1619250,2,3,4,234,At-Risk
CUST-0892,Laras Halim,Denpasar,Organic Social,2025-09-29,94,3,374100,3,2,1,321,Needs Attention
CUST-0893,Anwar Handoko,Bandung,Instagram Ads,2025-08-16,138,15,3477600,2,5,5,255,Loyal
CUST-0894,Vero Setiawan,Bandung,Instagram Ads,2025-12-17,15,15,3345200,5,5,5,555,Champions
CUST-0895,Vina Purnama,Solo,Instagram Ads,2025-08-27,127,1,330000,2,1,1,211,Lost
CUST-0896,Vina Gunawan,Bandung,Instagram Ads,,,0,0,,,,,Never Purchased
CUST-0897,Ayu Kurniawan,Surabaya,TikTok Ads,2025-12-23,9,14,6279000,5,5,5,555,Champions
CUST-0898,Yoga Setiawan,jakarta,Marketplace,2025-03-25,282,2,445800,1,1,2,112,Lost
CUST-0899,Zahra Purnama,Bandung,Google Search,2025-11-02,60,10,3085550,3,5,5,355,Loyal
CUST-0900,Irfan Wijaya,Depok,Instagram Ads,2025-09-04,119,5,2443000,2,3,4,234,At-Risk
CUST-0901,Doni Gunawan,Semarang,Instagram Ads,2025-10-18,75,5,2316200,3,3,4,334,Needs Attention
CUST-0902,Anwar Hidayat,Jakarta,Instagram Ads,2025-07-29,156,8,2243000,2,4,4,244,Loyal
CUST-0903,Ayu Saputra,Jakarta,TikTok Ads,2025-12-18,14,7,1971150,5,4,4,544,Champions
CUST-0904,Joko Cahyani,Medan,Organic Social,2025-12-16,16,2,269900,5,1,1,511,Potential Loyalist
CUST-0905,Doni Handoko,Surabaya,Google Search,2025-08-08,146,3,1624000,2,2,4,224,Lost
CUST-0906,Tono Kusuma,Jakarta,Organic Social,2025-10-24,69,10,2018350,3,5,4,354,Loyal
CUST-0907,Mega Hartono,Balikpapan,Instagram Ads,2025-04-15,261,1,396000,1,1,2,112,Lost
CUST-0908,Eka Kurniawan,Jakarta,Marketplace,2025-11-29,33,18,5697400,4,5,5,455,Champions
CUST-0909,Bayu Kusuma,Bekasi,Google Search,2025-12-25,7,15,5912100,5,5,5,555,Champions
CUST-0910,Krisna Suryadi,Tangerang,Instagram Ads,2025-10-12,81,4,703100,3,3,2,332,Needs Attention
CUST-0911,Oki Pratama,Bogor,Organic Social,2025-12-30,2,7,1709750,5,4,4,544,Champions
CUST-0912,Hana Firmansyah,Jakarta,Google Search,2025-12-19,13,8,1846750,5,4,4,544,Champions
CUST-0913,Bagus Nugroho,Bandung,Referral,2025-09-20,103,10,2263300,3,5,4,354,Loyal
CUST-0914,Laras Maulana,Yogyakarta,Organic Social,2025-11-13,49,2,477450,4,1,2,412,Potential Loyalist
CUST-0915,Hesti Sukmawati,Makassar,Google Search,2025-11-09,53,2,329400,3,1,1,311,Needs Attention
CUST-0916,Hilda Cahyani,Bogor,Instagram Ads,2025-07-28,157,3,838200,2,2,3,223,Lost
CUST-0917,Yuni Wijaya,Jakarta,Instagram Ads,2025-11-16,46,12,2334700,4,5,4,454,Champions
CUST-0918,Zahra Nugroho,Semarang,Google Search,2025-11-15,47,10,1846100,4,5,4,454,Champions
CUST-0919,Cahya Permana,Jakarta,Instagram Ads,2025-12-23,9,9,1730850,5,4,4,544,Champions
CUST-0920,Joko Pratama,Tangerang,Instagram Ads,2025-11-15,47,2,262000,4,1,1,411,Potential Loyalist
CUST-0921,Joko Rahayu,Bandung,Instagram Ads,2025-12-28,4,2,485400,5,1,2,512,Potential Loyalist
CUST-0922,Farah Setiawan,Jakarta,Referral,2025-12-17,15,16,2518450,5,5,4,554,Champions
CUST-0923,Indra Kurniawan,Tangerang,Instagram Ads,2025-05-01,245,1,99000,1,1,1,111,Lost
CUST-0924,Nadia Rahayu,Bandung,Referral,2025-10-21,72,22,5794850,3,5,5,355,Loyal
CUST-0925,Indra Handoko,Bandung,Referral,2025-04-08,268,1,178000,1,1,1,111,Lost
CUST-0926,Citra Cahyani,Denpasar,Referral,2025-12-28,4,15,4329550,5,5,5,555,Champions
CUST-0927,Maya Nugroho,Jakarta,Instagram Ads,2025-10-27,66,4,866000,3,3,3,333,Needs Attention
CUST-0928,Umar Ramadhan,Denpasar,Instagram Ads,2025-08-01,153,2,557600,2,1,2,212,Lost
CUST-0929,Maya Kusuma,Jakarta,Referral,2025-12-16,16,5,2327000,5,3,4,534,Potential Loyalist
CUST-0930,Yuni Gunawan,Jakarta,Instagram Ads,2025-12-28,4,16,4559000,5,5,5,555,Champions
CUST-0931,Mega Darmawan,Yogyakarta,Instagram Ads,2025-08-20,134,2,370500,2,1,1,211,Lost
CUST-0932,Jihan Pratama,Jakarta,Marketplace,2025-11-22,40,12,3402500,4,5,5,455,Champions
CUST-0933,Ulfa Purnama,Jakarta,Instagram Ads,2025-11-02,60,3,372500,3,2,1,321,Needs Attention
CUST-0934,Citra Saputra,Denpasar,TikTok Ads,2025-12-26,6,13,3143550,5,5,5,555,Champions
CUST-0935,Galih Darmawan,Surabaya,TikTok Ads,2025-02-17,318,2,662000,1,1,2,112,Lost
CUST-0936,Tono Anggraini,Bandung,Google Search,2024-05-03,608,1,25000,1,1,1,111,Lost
CUST-0937,Farah Maulana,Bandung,Instagram Ads,2025-10-08,85,5,2397650,3,3,4,334,Needs Attention
CUST-0938,Taufik Suryadi,Jakarta,Referral,2025-06-10,205,2,142800,2,1,1,211,Lost
CUST-0939,Ayu Wibowo,Surabaya,Referral,2025-10-16,77,2,215000,3,1,1,311,Needs Attention
CUST-0940,Nadia Handoko,Solo,Marketplace,2025-09-06,117,2,492500,2,1,2,212,Lost
CUST-0941,Anwar Purnama,Jakarta,Google Search,2025-12-11,21,8,2807050,4,4,5,445,Champions
CUST-0942,Ayu Suryadi,Bekasi,TikTok Ads,2025-11-05,57,8,1662150,3,4,4,344,Loyal
CUST-0943,Oki Firmansyah,Jakarta,Marketplace,2025-08-02,152,2,201200,2,1,1,211,Lost
CUST-0944,Lukman Wibowo,Jakarta,Google Search,2025-09-07,116,8,1266600,2,4,3,243,Loyal
CUST-0945,Sinta Darmawan,Bandung,TikTok Ads,2025-12-08,24,10,1784650,4,5,4,454,Champions
CUST-0946,Hesti Hidayat,Yogyakarta,TikTok Ads,2025-10-07,86,4,820250,3,3,3,333,Needs Attention
CUST-0947,Citra Marliana,Depok,Marketplace,2025-11-26,36,2,360750,4,1,1,411,Potential Loyalist
CUST-0948,Cindy Kusuma,Surabaya,Google Search,2025-10-07,86,5,1209950,3,3,3,333,Needs Attention
CUST-0949,Indra Permana,Malang,Referral,2025-07-18,167,3,1417500,2,2,3,223,Lost
CUST-0950,Taufik Setiawan,Yogyakarta,Google Search,2025-11-10,52,6,1513200,3,4,4,344,Loyal
CUST-0951,Mega Wibowo,Yogyakarta,Google Search,2025-05-06,240,1,122000,1,1,1,111,Lost
CUST-0952,Indra Prakoso,Unknown,TikTok Ads,2025-12-25,7,7,1370250,5,4,3,543,Champions
CUST-0953,Gita Maulana,Depok,TikTok Ads,2025-12-28,4,4,909150,5,3,3,533,Potential Loyalist
CUST-0954,Reza Permana,Surabaya,Google Search,2025-07-05,180,1,100300,2,1,1,211,Lost
CUST-0955,Bagus Setiawan,Palembang,TikTok Ads,2025-12-07,25,3,474600,4,2,2,422,Potential Loyalist
CUST-0956,Ulfa Suryadi,Yogyakarta,Google Search,,,0,0,,,,,Never Purchased
CUST-0957,Cahya Suryadi,Solo,Instagram Ads,2025-11-02,60,4,773500,3,3,2,332,Needs Attention
CUST-0958,Wawan Kusuma,Denpasar,Google Search,2025-12-30,2,4,1250000,5,3,3,533,Potential Loyalist
CUST-0959,Beni Santoso,Surabaya,Organic Social,2025-11-28,34,6,1877550,4,4,4,444,Champions
CUST-0960,Ayu Yulianti,Semarang,Instagram Ads,2025-09-19,104,14,3045850,3,5,5,355,Loyal
CUST-0961,Wawan Hidayat,Bekasi,Instagram Ads,2025-05-02,244,1,250000,1,1,1,111,Lost
CUST-0962,Reza Prakoso,Depok,TikTok Ads,2025-10-20,73,6,1341950,3,4,3,343,Loyal
CUST-0963,Ayu Hidayat,Depok,Google Search,2025-12-17,15,1,318750,5,1,1,511,Potential Loyalist
CUST-0964,Ivan Handoko,Yogyakarta,Instagram Ads,2025-09-17,106,5,1131500,3,3,3,333,Needs Attention
CUST-0965,Omar Handoko,Yogyakarta,Referral,2025-12-30,2,3,777200,5,2,2,522,Potential Loyalist
CUST-0966,Zaki Anggraini,Unknown,Instagram Ads,2025-09-30,93,4,333000,3,3,1,331,Needs Attention
CUST-0967,Erik Kurniawan,Jakarta,Instagram Ads,2025-11-11,51,2,271000,3,1,1,311,Needs Attention
CUST-0968,Rangga Ramadhan,Jakarta,Google Search,2025-10-16,77,10,3684050,3,5,5,355,Loyal
CUST-0969,Dinda Permana,Unknown,TikTok Ads,2025-03-08,299,1,60000,1,1,1,111,Lost
CUST-0970,Sari Halim,Semarang,Instagram Ads,2025-04-20,256,1,345000,1,1,1,111,Lost
CUST-0971,Cindy Sukmawati,Depok,TikTok Ads,2025-09-26,97,7,2892550,3,4,5,345,Loyal
CUST-0972,Irfan Maulana,jakarta,Organic Social,2025-11-11,51,8,2481850,3,4,4,344,Loyal
CUST-0973,Indra Utami,Denpasar,Instagram Ads,2025-11-30,32,9,3160700,4,4,5,445,Champions
CUST-0974,Anwar Kurniawan,Tangerang,TikTok Ads,2025-02-20,315,2,434500,1,1,2,112,Lost
CUST-0975,Vina Lestari,Yogyakarta,Organic Social,2025-12-04,28,7,3509650,4,4,5,445,Champions
CUST-0976,Lukman Saputra,Tangerang,Marketplace,2025-11-08,54,2,289750,3,1,1,311,Needs Attention
CUST-0977,Zaki Cahyani,Surabaya,Marketplace,2025-10-17,76,3,1849000,3,2,4,324,Needs Attention
CUST-0978,Hilda Yulianti,Bandung,Marketplace,2025-12-31,1,19,4681650,5,5,5,555,Champions
CUST-0979,Irfan Hartono,Surabaya,Instagram Ads,2025-10-10,83,7,1839250,3,4,4,344,Loyal
CUST-0980,Rangga Setiawan,Bekasi,TikTok Ads,2025-11-10,52,10,3356750,3,5,5,355,Loyal
CUST-0981,Guntur Utami,Makassar,Organic Social,2024-12-08,389,1,50400,1,1,1,111,Lost
CUST-0982,Kevin Prakoso,Surabaya,Referral,2025-09-23,100,5,1225500,3,3,3,333,Needs Attention
CUST-0983,Cahya Darmawan,Bandung,Google Search,2025-04-22,254,2,365000,1,1,1,111,Lost
CUST-0984,Galih Suryadi,Depok,Referral,2025-11-06,56,7,1067200,3,4,3,343,Loyal
CUST-0985,Kartika Cahyani,Bandar Lampung,Instagram Ads,2025-01-17,349,1,275000,1,1,1,111,Lost
CUST-0986,Vina Anggraini,Jakarta,Referral,2025-11-28,34,4,1750000,4,3,4,434,Potential Loyalist
CUST-0987,Adit Wibowo,Bekasi,Instagram Ads,2025-11-01,61,9,4592600,3,4,5,345,Loyal
CUST-0988,Vero Darmawan,Bandung,Organic Social,2025-11-05,57,1,172500,3,1,1,311,Needs Attention
CUST-0989,Guntur Sukmawati,Bekasi,Instagram Ads,2025-11-29,33,4,1183000,4,3,3,433,Potential Loyalist
CUST-0990,Zaki Kusuma,Jakarta,TikTok Ads,2025-07-18,167,1,195500,2,1,1,211,Lost
CUST-0991,Reza Hartono,Surabaya,Google Search,2025-12-25,7,20,4950700,5,5,5,555,Champions
CUST-0992,Dewi Wibowo,Palembang,Google Search,2025-11-07,55,11,2951750,3,5,5,355,Loyal
CUST-0993,Laras Nugroho,Medan,Instagram Ads,2024-11-06,421,1,361250,1,1,1,111,Lost
CUST-0994,Vero Saputra,Semarang,Instagram Ads,2025-04-13,263,1,2125000,1,1,4,114,Lost
CUST-0995,Citra Handoko,malang,Instagram Ads,2025-09-30,93,2,852000,3,1,3,313,Needs Attention
CUST-0996,Bayu Yulianti,Jakarta,Instagram Ads,2025-11-03,59,5,2177300,3,3,4,334,Needs Attention
CUST-0997,Zaki Purnama,Bandung,Referral,2025-12-24,8,16,4725500,5,5,5,555,Champions
CUST-0998,Ayu Ramadhan,Yogyakarta,Instagram Ads,2025-12-26,6,15,3958300,5,5,5,555,Champions
CUST-0999,Krisna Wijaya,Surabaya,Instagram Ads,2024-11-10,417,1,495000,1,1,2,112,Lost
CUST-1000,Cahya Hartono,Bandar Lampung,Referral,2025-12-26,6,20,5524250,5,5,5,555,Champions
CUST-1001,Ayu Ramadhan,Depok,TikTok Ads,2025-08-29,125,5,1876500,2,3,4,234,At-Risk
CUST-1002,Hesti Suryadi,Balikpapan,Marketplace,2025-11-26,36,1,48000,4,1,1,411,Potential Loyalist
CUST-1003,Joko Hidayat,Malang,Instagram Ads,2025-04-12,264,4,1246000,1,3,3,133,At-Risk
CUST-1004,Zaki Kurniawan,Jakarta,TikTok Ads,2025-01-24,342,2,744600,1,1,2,112,Lost
CUST-1005,Ivan Lestari,Palembang,TikTok Ads,2025-12-14,18,13,4895350,5,5,5,555,Champions
CUST-1006,Kevin Ramadhan,Jakarta,Google Search,2025-12-24,8,4,678250,5,3,2,532,Potential Loyalist
CUST-1007,Faisal Hidayat,Surabaya,Instagram Ads,2025-08-02,152,2,363250,2,1,1,211,Lost
CUST-1008,Yuni Cahyani,Yogyakarta,Google Search,2025-02-28,307,2,674750,1,1,2,112,Lost
CUST-1009,Fajar Saputra,Yogyakarta,Organic Social,2024-06-14,566,1,235000,1,1,1,111,Lost
CUST-1010,Irfan Ramadhan,Jakarta,Google Search,2025-02-12,323,3,728500,1,2,2,122,Lost
CUST-1011,Jasmine Santoso,Medan,Instagram Ads,2024-09-18,470,2,442000,1,1,2,112,Lost
CUST-1012,Taufik Nugroho,Yogyakarta,TikTok Ads,2025-04-16,260,2,962000,1,1,3,113,Lost
CUST-1013,Endah Prakoso,Medan,Referral,2024-04-05,636,1,390000,1,1,2,112,Lost
CUST-1014,Cindy Firmansyah,Yogyakarta,Google Search,2025-09-20,103,3,589950,3,2,2,322,Needs Attention
CUST-1015,Tono Lestari,Yogyakarta,Organic Social,2025-12-14,18,9,1735300,5,4,4,544,Champions
CUST-1016,Rangga Kusuma,Bekasi,Instagram Ads,2025-09-22,101,1,106200,3,1,1,311,Needs Attention
CUST-1017,Anwar Wibowo,Bekasi,Instagram Ads,2025-11-05,57,2,634500,3,2,2,322,Needs Attention
CUST-1018,Yoga Yulianti,Bekasi,Marketplace,2025-04-14,262,5,1522850,1,3,4,134,At-Risk
CUST-1019,Hesti Saputra,Palembang,TikTok Ads,2025-10-23,70,6,2838100,3,4,5,345,Loyal
CUST-1020,Zahra Maulana,Malang,Organic Social,2025-11-21,41,5,2012000,4,3,4,434,Potential Loyalist
CUST-1021,Wawan Anggraini,Makassar,Referral,2025-08-22,132,1,375000,2,1,1,211,Lost
CUST-1022,Ivan Santoso,Denpasar,Instagram Ads,2025-06-09,206,10,4142800,2,5,5,255,Loyal
CUST-1023,Umar Prakoso,Surabaya,Instagram Ads,2025-12-01,31,10,1955050,4,5,4,454,Champions
CUST-1024,Hesti Nugroho,Surabaya,TikTok Ads,2025-12-21,11,8,3511700,5,4,5,545,Champions
CUST-1025,Yuni Hidayat,Surabaya,Google Search,2025-12-02,30,5,1181600,4,3,3,433,Potential Loyalist
CUST-1026,Beni Kusuma,Bekasi,Organic Social,2025-04-05,271,2,674600,1,2,2,122,Lost
CUST-1027,Wulan Anggraini,Jakarta,Referral,2025-06-07,208,2,484000,2,2,2,222,Lost
CUST-1028,Lukman Santoso,Yogyakarta,Referral,2025-08-01,153,2,1094500,2,2,3,223,Lost
CUST-1029,Hana Pratama,Medan,Instagram Ads,2025-12-07,25,1,841500,4,1,3,413,Potential Loyalist
CUST-1030,Galih Permana,Yogyakarta,Google Search,2025-10-20,73,5,1295450,3,3,3,333,Needs Attention
CUST-1031,Cahya Permana,Solo,Instagram Ads,2025-11-11,51,8,1954600,3,4,4,344,Loyal
CUST-1032,Maya Handoko,Jakarta,Instagram Ads,2025-11-30,32,7,2974800,4,4,5,445,Champions
CUST-1033,Farah Yulianti,Yogyakarta,TikTok Ads,2025-11-14,48,11,4287750,4,5,5,455,Champions
CUST-1034,Kartika Marliana,Jakarta,Instagram Ads,2025-08-25,129,1,389000,2,1,2,212,Lost
CUST-1035,Maya Permana,Tangerang,Google Search,2025-12-02,30,3,473000,4,2,2,422,Potential Loyalist
CUST-1036,Vero Maulana,Bogor,Marketplace,2025-10-26,67,8,3004350,3,4,5,345,Loyal
CUST-1037,Cindy Suryadi,Bogor,TikTok Ads,2025-12-23,9,17,4563600,5,5,5,555,Champions
CUST-1038,Citra Purnama,Semarang,TikTok Ads,2025-12-25,7,4,777500,5,3,2,532,Potential Loyalist
CUST-1039,Reza Gunawan,Jakarta,TikTok Ads,2025-04-21,255,4,928250,1,3,3,133,At-Risk
CUST-1040,Doni Utami,Unknown,TikTok Ads,2025-07-30,155,2,547750,2,2,2,222,Lost
CUST-1041,Endah Halim,Medan,Organic Social,2025-12-15,17,8,2098100,5,4,4,544,Champions
CUST-1042,Reza Sukmawati,Tangerang,TikTok Ads,2025-12-07,25,9,2606400,4,4,5,445,Champions
CUST-1043,Fajar Ramadhan,Yogyakarta,TikTok Ads,2025-11-12,50,8,1607200,4,4,4,444,Champions
CUST-1044,Galih Permana,Jakarta,Instagram Ads,2025-11-15,47,5,924750,4,3,3,433,Potential Loyalist
CUST-1045,Kartika Kusuma,semarang,Organic Social,2025-11-02,60,4,975400,3,3,3,333,Needs Attention
CUST-1046,Omar Utami,Palembang,Instagram Ads,2025-09-27,96,4,1128150,3,3,3,333,Needs Attention
CUST-1047,Cindy Darmawan,Jakarta,Organic Social,2025-12-11,21,4,1313500,4,3,3,433,Potential Loyalist
CUST-1048,Gita Cahyani,Bandung,Instagram Ads,2025-10-19,74,6,1445750,3,4,3,343,Loyal
CUST-1049,Gita Yulianti,Pekanbaru,Google Search,2025-11-28,34,2,641800,4,2,2,422,Potential Loyalist
CUST-1050,Kartika Firmansyah,Bekasi,Instagram Ads,2025-10-04,89,4,847000,3,3,3,333,Needs Attention
CUST-1051,Zahra Rahayu,Jakarta,TikTok Ads,2025-12-27,5,7,4146000,5,4,5,545,Champions
CUST-1052,Hana Handoko,Malang,Instagram Ads,2025-12-18,14,5,2055650,5,3,4,534,Potential Loyalist
CUST-1053,Tono Rahayu,Balikpapan,Instagram Ads,2025-11-26,36,2,540500,4,2,2,422,Potential Loyalist
CUST-1054,Zahra Darmawan,Bandung,TikTok Ads,2025-12-08,24,2,379750,4,2,1,421,Potential Loyalist
CUST-1055,Irfan Anggraini,Depok,Marketplace,2025-12-29,3,14,6223750,5,5,5,555,Champions
CUST-1056,Adit Cahyani,Semarang,Organic Social,2025-10-05,88,2,843600,3,2,3,323,Needs Attention
CUST-1057,Kartika Maulana,Pekanbaru,Instagram Ads,2025-12-26,6,16,3303700,5,5,5,555,Champions
CUST-1058,Vero Yulianti,Bekasi,Google Search,2025-08-15,139,14,4418700,2,5,5,255,Loyal
CUST-1059,Guntur Permana,Semarang,Referral,2025-12-03,29,10,3788600,4,5,5,455,Champions
CUST-1060,Omar Kurniawan,Bandung,Instagram Ads,2025-12-08,24,11,2771100,4,5,5,455,Champions
CUST-1061,Reza Anggraini,Surabaya,Referral,2025-11-22,40,11,1761900,4,5,4,454,Champions
CUST-1062,Jihan Lestari,Malang,TikTok Ads,2024-11-20,407,2,314200,1,2,1,121,Lost
CUST-1063,Fajar Rahayu,Tangerang,Google Search,2025-07-17,168,3,1573000,2,2,4,224,Lost
CUST-1064,Rangga Utami,Semarang,Organic Social,2025-10-09,84,2,370000,3,2,1,321,Needs Attention
CUST-1065,Erik Gunawan,Bandung,Instagram Ads,2025-12-25,7,6,1325250,5,4,3,543,Champions
CUST-1066,Doni Permana,Semarang,Google Search,2025-11-16,46,14,3804500,4,5,5,455,Champions
CUST-1067,Mega Purnama,Jakarta,Referral,2025-11-03,59,5,1710400,3,3,4,334,Needs Attention
CUST-1068,Tono Ramadhan,pekanbaru,Organic Social,2025-09-01,122,2,193800,2,2,1,221,Lost
CUST-1069,Gita Lestari,Tangerang,TikTok Ads,2025-07-17,168,8,2466400,2,4,4,244,Loyal
CUST-1070,Erik Maulana,Jakarta,Instagram Ads,2025-12-06,26,7,1604000,4,4,4,444,Champions
CUST-1071,Taufik Rahayu,Jakarta,TikTok Ads,2025-05-11,235,2,373550,1,2,1,121,Lost
CUST-1072,Citra Anggraini,Semarang,Referral,2025-09-13,110,5,786300,2,3,2,232,At-Risk
CUST-1073,Galih Cahyani,Pekanbaru,TikTok Ads,2025-12-20,12,2,560500,5,2,2,522,Potential Loyalist
CUST-1074,Endah Suryadi,Balikpapan,Instagram Ads,2025-11-17,45,10,3022750,4,5,5,455,Champions
CUST-1075,Bayu Nugroho,jakarta,Instagram Ads,2025-12-26,6,8,3171000,5,4,5,545,Champions
CUST-1076,Zaki Permana,Medan,Instagram Ads,2025-10-09,84,2,322700,3,2,1,321,Needs Attention
CUST-1077,Kevin Marliana,Jakarta,TikTok Ads,2025-12-16,16,5,1460350,5,3,3,533,Potential Loyalist
CUST-1078,Krisna Gunawan,Bandung,Instagram Ads,2025-11-07,55,1,100300,3,1,1,311,Needs Attention
CUST-1079,Wawan Yulianti,Jakarta,TikTok Ads,2025-12-07,25,2,673000,4,2,2,422,Potential Loyalist
CUST-1080,Zahra Anggraini,Bogor,Google Search,2025-11-26,36,8,1205150,4,4,3,443,Champions
CUST-1081,Bayu Wibowo,Jakarta,Instagram Ads,2025-12-17,15,7,1815700,5,4,4,544,Champions
CUST-1082,Yoga Hidayat,Unknown,Google Search,2025-11-23,39,8,1738000,4,4,4,444,Champions
CUST-1083,Umar Setiawan,Malang,Google Search,2025-12-20,12,7,2601350,5,4,5,545,Champions
CUST-1084,Zahra Wijaya,Makassar,Marketplace,2025-11-15,47,2,479250,4,2,2,422,Potential Loyalist
CUST-1085,Kevin Setiawan,Semarang,Instagram Ads,2025-10-03,90,2,1182000,3,2,3,323,Needs Attention
CUST-1086,Mega Anggraini,Jakarta,Instagram Ads,2025-11-02,60,6,1241150,3,4,3,343,Loyal
CUST-1087,Kevin Pratama,Semarang,TikTok Ads,2025-05-30,216,4,804000,2,3,2,232,At-Risk
CUST-1088,Fajar Nugroho,Jakarta,Marketplace,2025-05-26,220,2,202000,2,2,1,221,Lost
CUST-1089,Joko Permana,Semarang,Marketplace,2025-09-18,105,5,2342000,3,3,4,334,Needs Attention
CUST-1090,Vero Wijaya,Denpasar,Instagram Ads,2025-09-17,106,2,396000,3,2,2,322,Needs Attention
CUST-1091,Dinda Marliana,Jakarta,Instagram Ads,2024-09-07,481,1,148500,1,1,1,111,Lost
CUST-1092,Rizky Nugroho,Jakarta,Instagram Ads,2025-12-26,6,9,2887450,5,4,5,545,Champions
CUST-1093,Prita Utami,Bandung,Marketplace,2025-07-19,166,2,390000,2,2,2,222,Lost
CUST-1094,Zahra Setiawan,Jakarta,Google Search,2025-11-24,38,2,251600,4,2,1,421,Potential Loyalist
CUST-1095,Hesti Saputra,Jakarta,Organic Social,2025-12-28,4,9,2871600,5,4,5,545,Champions
CUST-1096,Citra Kurniawan,Jakarta,Google Search,2025-07-01,184,1,675000,2,1,2,212,Lost
CUST-1097,Kartika Pratama,Jakarta,Instagram Ads,2025-07-21,164,2,704250,2,2,2,222,Lost
CUST-1098,Yuni Prakoso,Bandar Lampung,Google Search,2025-06-09,206,5,1962500,2,3,4,234,At-Risk
CUST-1099,Laras Santoso,Medan,TikTok Ads,2025-12-12,20,9,3638550,4,4,5,445,Champions
CUST-1100,Sari Marliana,Surabaya,TikTok Ads,2025-12-05,27,5,794750,4,3,2,432,Potential Loyalist
CUST-1101,Zahra Cahyani,Makassar,TikTok Ads,2025-11-01,61,11,3734550,3,5,5,355,Loyal
CUST-1102,Wawan Pratama,Bandung,Marketplace,2025-12-19,13,13,3572900,5,5,5,555,Champions
CUST-1103,Taufik Kusuma,Jakarta,TikTok Ads,2025-11-13,49,10,4541950,4,5,5,455,Champions
CUST-1104,Hilda Firmansyah,Palembang,Google Search,2025-11-05,57,2,470250,3,2,2,322,Needs Attention
CUST-1105,Rizky Prakoso,Semarang,Google Search,2025-12-29,3,11,2846100,5,5,5,555,Champions
CUST-1106,Doni Pratama,Surabaya,Instagram Ads,2025-11-21,41,21,5315400,4,5,5,455,Champions
CUST-1107,Fajar Prakoso,Jakarta,Google Search,2025-12-08,24,3,700900,4,2,2,422,Potential Loyalist
CUST-1108,Cindy Hidayat,Bandung,TikTok Ads,2025-10-25,68,14,4062100,3,5,5,355,Loyal
CUST-1109,Hana Handoko,Tangerang,Instagram Ads,2025-12-27,5,8,1930450,5,4,4,544,Champions
CUST-1110,Taufik Ramadhan,Yogyakarta,Google Search,2025-06-22,193,5,892000,2,3,3,233,At-Risk
CUST-1111,Laras Handoko,Jakarta,Instagram Ads,2025-06-15,200,2,567600,2,2,2,222,Lost
CUST-1112,Ulfa Ramadhan,Semarang,TikTok Ads,2025-12-12,20,2,235450,4,2,1,421,Potential Loyalist
CUST-1113,Reza Ramadhan,Bandung,Marketplace,2025-12-24,8,14,3456250,5,5,5,555,Champions
CUST-1114,Taufik Rahayu,Jakarta,TikTok Ads,2025-11-10,52,3,257400,3,2,1,321,Needs Attention
CUST-1115,Jasmine Maulana,Surabaya,TikTok Ads,2025-03-22,285,2,355800,1,2,1,121,Lost
CUST-1116,Cahya Pratama,Bandung,Marketplace,2025-11-20,42,10,3383700,4,5,5,455,Champions
CUST-1117,Wawan Permana,Jakarta,Instagram Ads,2025-06-06,209,1,468000,2,1,2,212,Lost
CUST-1118,Cahya Firmansyah,Makassar,Marketplace,2025-02-10,325,2,1123500,1,2,3,123,Lost
CUST-1119,Erik Wijaya,Bogor,Organic Social,2025-12-24,8,11,2890850,5,5,5,555,Champions
CUST-1120,Doni Darmawan,Semarang,Instagram Ads,2025-07-05,180,7,1946850,2,4,4,244,Loyal
CUST-1121,Rizky Lestari,Unknown,Organic Social,2025-12-22,10,17,3758250,5,5,5,555,Champions
CUST-1122,Umar Hartono,Tangerang,Google Search,2025-06-13,202,3,1112200,2,2,3,223,Lost
CUST-1123,Ayu Nugroho,Jakarta,Google Search,2025-08-11,143,8,2144850,2,4,4,244,Loyal
CUST-1124,Hilda Hartono,Surabaya,Google Search,2025-09-13,110,5,773350,2,3,2,232,At-Risk
CUST-1125,Gita Nugroho,Bandung,Instagram Ads,2025-08-26,128,3,606000,2,2,2,222,Lost
CUST-1126,Rangga Gunawan,Tangerang,TikTok Ads,2025-09-24,99,7,2129700,3,4,4,344,Loyal
CUST-1127,Dewi Halim,Tangerang,TikTok Ads,2025-10-30,63,6,1534050,3,4,4,344,Loyal
CUST-1128,Joko Suryadi,Surabaya,TikTok Ads,2025-10-03,90,6,1547550,3,4,4,344,Loyal
CUST-1129,Taufik Halim,bandung,Instagram Ads,2025-06-13,202,1,207400,2,1,1,211,Lost
CUST-1130,Maya Firmansyah,Semarang,Marketplace,2025-12-05,27,3,700000,4,2,2,422,Potential Loyalist
CUST-1131,Endah Hartono,Depok,Referral,2025-12-22,10,5,2436450,5,3,4,534,Potential Loyalist
CUST-1132,Wawan Kusuma,Bogor,Instagram Ads,2025-12-13,19,2,253650,5,2,1,521,Potential Loyalist
CUST-1133,Ulfa Utami,malang,TikTok Ads,2025-10-30,63,6,2262500,3,4,4,344,Loyal
CUST-1134,Yoga Wibowo,Jakarta,Instagram Ads,2025-09-01,122,3,1203950,2,2,3,223,Lost
CUST-1135,Krisna Nugroho,Jakarta,Instagram Ads,2025-06-28,187,3,805000,2,2,2,222,Lost
CUST-1136,Bagus Saputra,Surabaya,Instagram Ads,2025-11-14,48,1,445500,4,1,2,412,Potential Loyalist
CUST-1137,Putri Kusuma,Jakarta,Instagram Ads,2025-11-25,37,11,3541400,4,5,5,455,Champions
CUST-1138,Indra Wibowo,Jakarta,Google Search,2025-06-08,207,5,1093750,2,3,3,233,At-Risk
CUST-1139,Zaki Yulianti,Malang,TikTok Ads,2025-09-04,119,1,354000,2,1,1,211,Lost
CUST-1140,Hilda Cahyani,Jakarta,Instagram Ads,2025-12-02,30,10,2580500,4,5,5,455,Champions
CUST-1141,Ulfa Gunawan,Jakarta,TikTok Ads,2025-12-17,15,3,426800,5,2,2,522,Potential Loyalist
CUST-1142,Maya Handoko,Surabaya,TikTok Ads,2025-12-13,19,8,1493550,5,4,4,544,Champions
CUST-1143,Guntur Halim,Depok,Organic Social,2025-12-06,26,7,1855800,4,4,4,444,Champions
CUST-1144,Beni Ramadhan,Balikpapan,Google Search,2025-12-28,4,9,2788450,5,4,5,545,Champions
CUST-1145,Zaki Suryadi,Jakarta,TikTok Ads,2025-09-06,117,5,1067750,2,3,3,233,At-Risk
CUST-1146,Galih Suryadi,Jakarta,Instagram Ads,2025-12-22,10,11,1976000,5,5,4,554,Champions
CUST-1147,Maya Anggraini,Surabaya,Organic Social,2025-10-11,82,1,96000,3,1,1,311,Needs Attention
CUST-1148,Kevin Prakoso,Surabaya,TikTok Ads,2025-10-15,78,3,570950,3,2,2,322,Needs Attention
CUST-1149,Yuni Utami,Semarang,Google Search,2025-08-20,134,5,2213000,2,3,4,234,At-Risk
CUST-1150,Zaki Yulianti,Yogyakarta,TikTok Ads,2025-11-07,55,2,376900,3,2,1,321,Needs Attention
CUST-1151,Eka Gunawan,Bandung,Marketplace,2025-02-11,324,2,1145000,1,2,3,123,Lost
CUST-1152,Sari Kurniawan,Bandung,Instagram Ads,2025-09-22,101,2,623000,3,2,2,322,Needs Attention
CUST-1153,Taufik Lestari,Jakarta,Instagram Ads,2025-08-17,137,3,524200,2,2,2,222,Lost
CUST-1154,Farah Darmawan,Bekasi,Referral,2025-11-16,46,13,2897100,4,5,5,455,Champions
CUST-1155,Yuni Yulianti,semarang,Marketplace,2025-11-13,49,4,806800,4,3,2,432,Potential Loyalist
CUST-1156,Hesti Darmawan,Pekanbaru,Marketplace,2025-12-30,2,4,994800,5,3,3,533,Potential Loyalist
CUST-1157,Oki Rahayu,Malang,Google Search,2025-05-04,242,2,307800,1,2,1,121,Lost
CUST-1158,Fajar Lestari,Semarang,Organic Social,2025-10-21,72,3,1053000,3,2,3,323,Needs Attention
CUST-1159,Bagus Gunawan,Surabaya,Instagram Ads,2025-12-01,31,6,1953000,4,4,4,444,Champions
CUST-1160,Sinta Prakoso,Malang,TikTok Ads,2024-05-16,595,1,50000,1,1,1,111,Lost
CUST-1161,Ulfa Setiawan,Jakarta,Instagram Ads,2025-10-30,63,6,2241750,3,4,4,344,Loyal
CUST-1162,Wawan Purnama,Medan,Google Search,2025-12-28,4,1,132600,5,1,1,511,Potential Loyalist
CUST-1163,Ayu Santoso,Medan,TikTok Ads,2025-09-15,108,1,435000,3,1,2,312,Needs Attention
CUST-1164,Umar Santoso,Unknown,Instagram Ads,2025-12-17,15,5,1717700,5,3,4,534,Potential Loyalist
CUST-1165,Bagus Kusuma,Denpasar,Instagram Ads,2025-09-24,99,6,1804150,3,4,4,344,Loyal
CUST-1166,Ivan Santoso,Palembang,TikTok Ads,2025-04-14,262,4,1326500,1,3,3,133,At-Risk
CUST-1167,Hana Halim,Surabaya,TikTok Ads,2024-11-12,415,2,480550,1,2,2,122,Lost
CUST-1168,Nanda Permana,Yogyakarta,TikTok Ads,2024-12-04,393,1,245000,1,1,1,111,Lost
CUST-1169,Mega Saputra,tangerang,TikTok Ads,2025-12-20,12,12,4860750,5,5,5,555,Champions
CUST-1170,Dinda Wibowo,Denpasar,Google Search,2025-01-06,360,2,1019000,1,2,3,123,Lost
CUST-1171,Laras Wijaya,Bandung,Referral,2024-08-09,510,1,212400,1,1,1,111,Lost
CUST-1172,Umar Wibowo,Bandung,Google Search,2025-12-09,23,8,3246250,4,4,5,445,Champions
CUST-1173,Wulan Maulana,Depok,TikTok Ads,2025-10-26,67,9,4478250,3,4,5,345,Loyal
CUST-1174,Cindy Utami,Palembang,Organic Social,2025-02-22,313,3,537950,1,2,2,122,Lost
CUST-1175,Wulan Marliana,Jakarta,Instagram Ads,2025-12-29,3,7,2212200,5,4,4,544,Champions
CUST-1176,Gita Rahayu,Yogyakarta,Referral,2025-10-19,74,2,555000,3,2,2,322,Needs Attention
CUST-1177,Endah Pratama,Bandung,Instagram Ads,2025-12-26,6,5,1846900,5,3,4,534,Potential Loyalist
CUST-1178,Maya Wibowo,Tangerang,Instagram Ads,2025-07-07,178,3,506200,2,2,2,222,Lost
CUST-1179,Endah Santoso,Bandung,Instagram Ads,2025-12-29,3,5,1009750,5,3,3,533,Potential Loyalist
CUST-1180,Kartika Kusuma,Denpasar,Organic Social,2025-09-19,104,4,642000,3,3,2,332,Needs Attention
CUST-1181,Kartika Santoso,Medan,Referral,2025-12-11,21,7,1749250,4,4,4,444,Champions
CUST-1182,Vero Wijaya,Jakarta,Organic Social,2025-06-08,207,1,66300,2,1,1,211,Lost
CUST-1183,Ivan Firmansyah,Semarang,Google Search,2025-06-02,213,4,880100,2,3,3,233,At-Risk
CUST-1184,Nadia Pratama,denpasar,Instagram Ads,2025-08-31,123,2,292000,2,2,1,221,Lost
CUST-1185,Maya Santoso,Surabaya,Instagram Ads,2025-12-07,25,20,6127950,4,5,5,455,Champions
CUST-1186,Eka Utami,Jakarta,Marketplace,2025-10-05,88,8,1346950,3,4,3,343,Loyal
CUST-1187,Gita Prakoso,Jakarta,TikTok Ads,2025-08-27,127,5,1692300,2,3,4,234,At-Risk
CUST-1188,Citra Nugroho,Medan,Instagram Ads,2025-06-20,195,5,1368300,2,3,3,233,At-Risk
CUST-1189,Adit Wibowo,Jakarta,Instagram Ads,2025-11-29,33,5,989850,4,3,3,433,Potential Loyalist
CUST-1190,Hilda Saputra,Jakarta,TikTok Ads,2025-11-22,40,2,201600,4,2,1,421,Potential Loyalist
CUST-1191,Beni Kurniawan,Bekasi,Organic Social,2025-12-23,9,9,2422150,5,4,4,544,Champions
CUST-1192,Taufik Kurniawan,Jakarta,Marketplace,2025-09-04,119,5,793050,2,3,2,232,At-Risk
CUST-1193,Vina Handoko,Tangerang,Google Search,2025-11-22,40,21,6116050,4,5,5,455,Champions
CUST-1194,Hesti Firmansyah,Jakarta,Referral,2025-04-12,264,3,868250,1,2,3,123,Lost
CUST-1195,Hana Permana,yogyakarta,Instagram Ads,2025-12-16,16,8,1360700,5,4,3,543,Champions
CUST-1196,Galih Permana,Surabaya,Instagram Ads,2025-09-22,101,1,115000,3,1,1,311,Needs Attention
CUST-1197,Doni Sukmawati,Surabaya,Organic Social,2025-12-22,10,7,1463150,5,4,3,543,Champions
CUST-1198,Beni Maulana,Jakarta,Google Search,2024-10-17,441,1,126000,1,1,1,111,Lost
CUST-1199,Putri Saputra,Bandung,TikTok Ads,2025-03-01,306,2,694200,1,2,2,122,Lost
CUST-1200,Nadia Handoko,Palembang,TikTok Ads,2025-12-27,5,8,1782000,5,4,4,544,Champions
CUST-1201,Eka Saputra,Bandung,Instagram Ads,2025-12-08,24,8,2633600,4,4,5,445,Champions
CUST-1202,Erik Yulianti,Solo,Marketplace,2024-12-07,390,4,2046000,1,3,4,134,At-Risk
CUST-1203,Wulan Saputra,Jakarta,Instagram Ads,2025-05-15,231,5,1802000,2,3,4,234,At-Risk
CUST-1204,Prita Saputra,Jakarta,Instagram Ads,2025-01-11,355,2,190650,1,2,1,121,Lost
CUST-1205,Kartika Suryadi,bekasi,TikTok Ads,2024-12-12,385,1,1396000,1,1,3,113,Lost
CUST-1206,Faisal Pratama,Semarang,Referral,2025-11-15,47,17,4185000,4,5,5,455,Champions
CUST-1207,Joko Setiawan,Surabaya,Referral,2025-12-23,9,7,1818150,5,4,4,544,Champions
CUST-1208,Nadia Suryadi,Bandung,Instagram Ads,2025-11-10,52,2,1040000,3,2,3,323,Needs Attention
CUST-1209,Guntur Rahayu,Jakarta,Referral,,,0,0,,,,,Never Purchased
CUST-1210,Zaki Wibowo,Surabaya,TikTok Ads,2025-11-27,35,9,1808150,4,4,4,444,Champions
CUST-1211,Hana Wibowo,Makassar,Marketplace,2025-11-11,51,11,2265800,3,5,4,354,Loyal
CUST-1212,Wulan Gunawan,Jakarta,TikTok Ads,2025-12-30,2,16,3658200,5,5,5,555,Champions
CUST-1213,Citra Sukmawati,Yogyakarta,Instagram Ads,2024-12-12,385,4,919500,1,3,3,133,At-Risk
CUST-1214,Sinta Firmansyah,Yogyakarta,Instagram Ads,2025-02-06,329,1,99000,1,1,1,111,Lost
CUST-1215,Sinta Prakoso,Medan,Instagram Ads,2025-07-20,165,2,372000,2,2,1,221,Lost
CUST-1216,Mega Marliana,Jakarta,Instagram Ads,2025-03-25,282,3,658100,1,2,2,122,Lost
CUST-1217,Umar Rahayu,Palembang,Marketplace,2025-06-27,188,1,297000,2,1,1,211,Lost
CUST-1218,Hilda Kurniawan,Denpasar,Referral,2025-11-10,52,2,550200,3,2,2,322,Needs Attention
CUST-1219,Sari Sukmawati,Jakarta,Instagram Ads,2025-11-27,35,5,1217350,4,3,3,433,Potential Loyalist
CUST-1220,Adit Nugroho,Bekasi,Instagram Ads,2024-08-05,514,4,1337500,1,3,3,133,At-Risk
CUST-1221,Kartika Kusuma,Tangerang,TikTok Ads,2025-11-10,52,6,1921600,3,4,4,344,Loyal
CUST-1222,Doni Purnama,Tangerang,Organic Social,2025-12-24,8,20,4912950,5,5,5,555,Champions
CUST-1223,Rangga Marliana,Jakarta,Organic Social,2025-10-03,90,10,2836300,3,5,5,355,Loyal
CUST-1224,Fajar Wibowo,Surabaya,Instagram Ads,2024-05-27,584,1,561000,1,1,2,112,Lost
CUST-1225,Zahra Nugroho,Jakarta,Instagram Ads,2025-09-20,103,4,845500,3,3,3,333,Needs Attention
CUST-1226,Gita Saputra,Bandung,TikTok Ads,2025-12-05,27,21,6241550,4,5,5,455,Champions
CUST-1227,Galih Suryadi,Jakarta,Referral,,,0,0,,,,,Never Purchased
CUST-1228,Dinda Utami,Medan,Marketplace,2025-12-17,15,11,3031150,5,5,5,555,Champions
CUST-1229,Cahya Nugroho,Denpasar,Instagram Ads,2025-11-16,46,11,4108550,4,5,5,455,Champions
CUST-1230,Hana Handoko,Malang,TikTok Ads,2025-11-12,50,1,91200,4,1,1,411,Potential Loyalist
CUST-1231,Guntur Suryadi,Pekanbaru,TikTok Ads,2025-12-12,20,10,3097600,4,5,5,455,Champions
CUST-1232,Prita Gunawan,Denpasar,Organic Social,2024-12-23,374,1,220000,1,1,1,111,Lost
CUST-1233,Ayu Sukmawati,Balikpapan,Google Search,2025-12-09,23,11,3275050,4,5,5,455,Champions
CUST-1234,Farah Cahyani,Jakarta,Marketplace,2025-11-04,58,14,3824500,3,5,5,355,Loyal
CUST-1235,Ivan Marliana,Tangerang,Google Search,2025-03-17,290,2,519000,1,2,2,122,Lost
CUST-1236,Umar Prakoso,Bogor,Referral,2025-12-14,18,6,1786300,5,4,4,544,Champions
CUST-1237,Faisal Ramadhan,Semarang,TikTok Ads,2025-12-14,18,10,3681000,5,5,5,555,Champions
CUST-1238,Gita Maulana,Bandung,Marketplace,2025-06-14,201,6,1476250,2,4,4,244,Loyal
CUST-1239,Wulan Hidayat,Jakarta,Google Search,2025-11-04,58,2,457000,3,2,2,322,Needs Attention
CUST-1240,Galih Santoso,Pekanbaru,Organic Social,2025-12-04,28,8,1419400,4,4,3,443,Champions
CUST-1241,Eka Firmansyah,Bandung,TikTok Ads,2025-12-31,1,12,3799450,5,5,5,555,Champions
CUST-1242,Farah Maulana,Palembang,Organic Social,2025-05-26,220,3,1438000,2,2,3,223,Lost
CUST-1243,Yoga Purnama,Jakarta,Marketplace,2024-09-19,469,1,289000,1,1,1,111,Lost
CUST-1244,Rizky Purnama,Bekasi,Referral,2025-11-19,43,8,1013600,4,4,3,443,Champions
CUST-1245,Vina Darmawan,Bandung,TikTok Ads,2025-12-22,10,17,3631300,5,5,5,555,Champions
CUST-1246,Gita Wibowo,Denpasar,Instagram Ads,2025-12-27,5,7,1479500,5,4,4,544,Champions
CUST-1247,Galih Ramadhan,Bogor,TikTok Ads,2025-11-23,39,5,1726800,4,3,4,434,Potential Loyalist
CUST-1248,Cindy Hartono,Medan,TikTok Ads,2025-11-09,53,8,2437200,3,4,4,344,Loyal
CUST-1249,Prita Prakoso,Yogyakarta,Instagram Ads,2025-12-01,31,3,351000,4,2,1,421,Potential Loyalist
CUST-1250,Dinda Cahyani,Unknown,Instagram Ads,2025-09-25,98,4,1321050,3,3,3,333,Needs Attention
CUST-1251,Anwar Kusuma,Tangerang,Organic Social,2025-11-22,40,11,3404050,4,5,5,455,Champions
CUST-1252,Kartika Pratama,Tangerang,TikTok Ads,2025-12-18,14,16,4853800,5,5,5,555,Champions
CUST-1253,Eka Rahayu,Bandung,Referral,2025-08-01,153,2,1895000,2,2,4,224,Lost
CUST-1254,Indra Lestari,Bandung,Referral,2024-04-07,634,1,330000,1,1,1,111,Lost
CUST-1255,Reza Kusuma,Medan,Google Search,2025-05-31,215,4,1359100,2,3,3,233,At-Risk
CUST-1256,Cahya Sukmawati,Surabaya,Instagram Ads,2025-04-29,247,1,145000,1,1,1,111,Lost
CUST-1257,Beni Handoko,Denpasar,Instagram Ads,2025-09-28,95,2,417700,3,2,2,322,Needs Attention
CUST-1258,Gita Gunawan,Pekanbaru,Marketplace,2025-12-12,20,14,3061700,4,5,5,455,Champions
CUST-1259,Mega Maulana,Jakarta,Marketplace,2025-11-19,43,7,1200850,4,4,3,443,Champions
CUST-1260,Galih Permana,Makassar,Referral,2025-08-03,151,2,637200,2,2,2,222,Lost
CUST-1261,Fajar Darmawan,balikpapan,TikTok Ads,2025-12-29,3,9,2048450,5,4,4,544,Champions
CUST-1262,Adit Nugroho,depok,Instagram Ads,2025-08-07,147,2,247500,2,2,1,221,Lost
CUST-1263,Laras Suryadi,Jakarta,Instagram Ads,2025-11-01,61,2,334000,3,2,1,321,Needs Attention
CUST-1264,Umar Purnama,Bekasi,Instagram Ads,2024-12-29,368,8,3805200,1,4,5,145,Loyal
CUST-1265,Ayu Setiawan,Bandung,Organic Social,2025-09-30,93,5,937000,3,3,3,333,Needs Attention
CUST-1266,Jihan Cahyani,Bekasi,Organic Social,2025-12-15,17,5,1401000,5,3,3,533,Potential Loyalist
CUST-1267,Nadia Cahyani,Denpasar,Instagram Ads,2024-03-12,660,1,339000,1,1,1,111,Lost
CUST-1268,Reza Kusuma,Semarang,Instagram Ads,2025-08-11,143,5,688800,2,3,2,232,At-Risk
CUST-1269,Zaki Setiawan,Bandung,Instagram Ads,2024-11-03,424,2,447200,1,2,2,122,Lost
CUST-1270,Ivan Marliana,Solo,Organic Social,2025-10-04,89,8,3142250,3,4,5,345,Loyal
CUST-1271,Ivan Kurniawan,Denpasar,Marketplace,2025-12-18,14,7,1928900,5,4,4,544,Champions
CUST-1272,Dinda Wijaya,Bandung,Instagram Ads,2025-11-12,50,1,44800,4,1,1,411,Potential Loyalist
CUST-1273,Nadia Setiawan,Jakarta,Instagram Ads,2025-12-24,8,20,4282300,5,5,5,555,Champions
CUST-1274,Rangga Hidayat,Surabaya,TikTok Ads,2024-12-03,394,2,294600,1,2,1,121,Lost
CUST-1275,Ulfa Halim,Palembang,TikTok Ads,2025-10-22,71,10,2543350,3,5,4,354,Loyal
CUST-1276,Vero Gunawan,Jakarta,Google Search,2025-07-19,166,5,1368250,2,3,3,233,At-Risk
CUST-1277,Vina Yulianti,Denpasar,TikTok Ads,2025-11-26,36,7,2228000,4,4,4,444,Champions
CUST-1278,Taufik Setiawan,Jakarta,TikTok Ads,2025-08-01,153,4,799500,2,3,2,232,At-Risk
CUST-1279,Joko Handoko,Bandung,Organic Social,2025-09-26,97,5,1481000,3,3,4,334,Needs Attention
CUST-1280,Gita Yulianti,Bandung,Marketplace,2025-12-30,2,4,349150,5,3,1,531,Potential Loyalist
CUST-1281,Ivan Gunawan,Jakarta,Referral,2025-12-29,3,3,848000,5,2,3,523,Potential Loyalist
CUST-1282,Kartika Lestari,Malang,Marketplace,2025-12-24,8,11,2285450,5,5,4,554,Champions
CUST-1283,Jihan Setiawan,Surabaya,Google Search,2025-10-31,62,20,5325800,3,5,5,355,Loyal
CUST-1284,Hesti Cahyani,Bogor,Instagram Ads,2025-10-15,78,1,339000,3,1,1,311,Needs Attention
CUST-1285,Wulan Firmansyah,Jakarta,Marketplace,2025-12-05,27,2,552000,4,2,2,422,Potential Loyalist
CUST-1286,Lukman Anggraini,Tangerang,Marketplace,2025-10-24,69,11,3739300,3,5,5,355,Loyal
CUST-1287,Vero Marliana,Depok,Marketplace,2025-12-02,30,3,624700,4,2,2,422,Potential Loyalist
CUST-1288,Farah Santoso,Jakarta,Google Search,2025-12-22,10,9,1313500,5,4,3,543,Champions
CUST-1289,Fajar Sukmawati,Jakarta,Instagram Ads,2025-02-06,329,5,1074650,1,3,3,133,At-Risk
CUST-1290,Kevin Sukmawati,Bandar Lampung,Instagram Ads,2025-12-05,27,10,3316600,4,5,5,455,Champions
CUST-1291,Maya Kurniawan,Yogyakarta,Organic Social,2025-10-16,77,2,706000,3,2,2,322,Needs Attention
CUST-1292,Yoga Ramadhan,Jakarta,Marketplace,2025-11-12,50,3,372100,4,2,1,421,Potential Loyalist
CUST-1293,Kartika Ramadhan,Bogor,Marketplace,2025-12-11,21,9,1780150,4,4,4,444,Champions
CUST-1294,Hesti Gunawan,Bekasi,Marketplace,2025-06-29,186,10,2924400,2,5,5,255,Loyal
CUST-1295,Taufik Utami,Surabaya,Organic Social,2025-03-16,291,5,2210100,1,3,4,134,At-Risk
CUST-1296,Nanda Pratama,Bogor,Referral,2025-05-15,231,2,305600,2,2,1,221,Lost
CUST-1297,Irfan Wijaya,Medan,Marketplace,2025-09-05,118,4,862000,2,3,3,233,At-Risk
CUST-1298,Wawan Permana,Palembang,TikTok Ads,2025-12-27,5,5,1203250,5,3,3,533,Potential Loyalist
CUST-1299,Galih Saputra,Jakarta,Instagram Ads,2025-06-10,205,2,924750,2,2,3,223,Lost
CUST-1300,Anwar Ramadhan,Semarang,Instagram Ads,2025-04-12,264,2,304750,1,2,1,121,Lost
CUST-1301,Jihan Yulianti,Yogyakarta,Instagram Ads,2025-11-13,49,10,4303800,4,5,5,455,Champions
CUST-1302,Adit Gunawan,Solo,Organic Social,2025-12-22,10,4,1180900,5,3,3,533,Potential Loyalist
CUST-1303,Bayu Sukmawati,Tangerang,TikTok Ads,2024-02-18,683,1,125000,1,1,1,111,Lost
CUST-1304,Hana Maulana,Jakarta,TikTok Ads,2025-08-14,140,13,4265300,2,5,5,255,Loyal
CUST-1305,Ayu Rahayu,Yogyakarta,Referral,2025-12-16,16,8,1778050,5,4,4,544,Champions
CUST-1306,Indra Halim,Bekasi,TikTok Ads,2025-10-01,92,7,1098400,3,4,3,343,Loyal
CUST-1307,Nadia Sukmawati,Jakarta,Instagram Ads,2025-09-30,93,3,1916000,3,2,4,324,Needs Attention
CUST-1308,Omar Halim,Yogyakarta,Referral,2025-05-28,218,4,678550,2,3,2,232,At-Risk
CUST-1309,Putri Ramadhan,Jakarta,Organic Social,2025-10-05,88,13,3228100,3,5,5,355,Loyal
CUST-1310,Maya Handoko,Jakarta,Google Search,2025-10-29,64,8,2498300,3,4,4,344,Loyal
CUST-1311,Maya Kurniawan,Makassar,Instagram Ads,2024-11-19,408,1,135000,1,1,1,111,Lost
CUST-1312,Ivan Permana,jakarta,Referral,2025-06-22,193,4,1014500,2,3,3,233,At-Risk
CUST-1313,Citra Firmansyah,Solo,Instagram Ads,,,0,0,,,,,Never Purchased
CUST-1314,Putri Lestari,Jakarta,Organic Social,2025-11-16,46,5,1226000,4,3,3,433,Potential Loyalist
CUST-1315,Tono Suryadi,Jakarta,Instagram Ads,2025-10-02,91,4,1830950,3,3,4,334,Needs Attention
CUST-1316,Umar Nugroho,Medan,Instagram Ads,2025-11-18,44,1,950000,4,1,3,413,Potential Loyalist
CUST-1317,Yoga Yulianti,Jakarta,TikTok Ads,2025-11-20,42,2,406000,4,2,2,422,Potential Loyalist
CUST-1318,Nanda Purnama,Bekasi,TikTok Ads,2025-12-15,17,6,2538700,5,4,4,544,Champions
CUST-1319,Mega Kurniawan,Malang,Organic Social,2025-09-16,107,2,424000,3,2,2,322,Needs Attention
CUST-1320,Jihan Hartono,Depok,TikTok Ads,2025-05-12,234,2,465000,1,2,2,122,Lost
CUST-1321,Maya Maulana,Tangerang,Google Search,2025-07-22,163,1,135000,2,1,1,211,Lost
CUST-1322,Vero Nugroho,Bandung,Marketplace,2025-11-27,35,5,1237500,4,3,3,433,Potential Loyalist
CUST-1323,Kartika Hartono,Jakarta,Instagram Ads,2025-10-14,79,10,2603750,3,5,5,355,Loyal
CUST-1324,Ulfa Saputra,Balikpapan,Referral,2024-09-10,478,1,135000,1,1,1,111,Lost
CUST-1325,Zahra Rahayu,Unknown,TikTok Ads,2025-10-21,72,2,627000,3,2,2,322,Needs Attention
CUST-1326,Kartika Purnama,Bekasi,Instagram Ads,2024-08-29,490,1,178000,1,1,1,111,Lost
CUST-1327,Rangga Permana,Tangerang,Organic Social,2025-12-21,11,7,1285800,5,4,3,543,Champions
CUST-1328,Jihan Utami,Bandung,Instagram Ads,2024-12-12,385,1,24000,1,1,1,111,Lost
CUST-1329,Dewi Firmansyah,Makassar,Marketplace,2025-09-09,114,18,5141950,2,5,5,255,Loyal
CUST-1330,Prita Hartono,Solo,Marketplace,2025-12-29,3,7,1477550,5,4,4,544,Champions
CUST-1331,Omar Permana,Bandung,TikTok Ads,2025-11-20,42,3,699000,4,2,2,422,Potential Loyalist
CUST-1332,Sari Kusuma,Jakarta,Instagram Ads,2025-09-25,98,7,2948800,3,4,5,345,Loyal
CUST-1333,Reza Hidayat,Jakarta,Organic Social,2025-12-24,8,7,1770500,5,4,4,544,Champions
CUST-1334,Sari Saputra,Makassar,Google Search,2025-11-20,42,2,287500,4,2,1,421,Potential Loyalist
CUST-1335,Citra Gunawan,Depok,Instagram Ads,2025-12-29,3,8,1791050,5,4,4,544,Champions
CUST-1336,Lukman Saputra,Yogyakarta,Google Search,2025-12-11,21,10,2974300,4,5,5,455,Champions
CUST-1337,Hilda Kusuma,Pekanbaru,Organic Social,2025-07-13,172,2,213800,2,2,1,221,Lost
CUST-1338,Endah Kurniawan,Denpasar,Google Search,2025-05-18,228,4,655100,2,3,2,232,At-Risk
CUST-1339,Nadia Nugroho,Surabaya,TikTok Ads,2025-11-26,36,9,3077100,4,4,5,445,Champions
CUST-1340,Indra Utami,Jakarta,Organic Social,2025-11-28,34,14,2952150,4,5,5,455,Champions
CUST-1341,Gita Setiawan,Bandung,Referral,2025-11-04,58,14,2623250,3,5,5,355,Loyal
CUST-1342,Irfan Anggraini,Bandung,Organic Social,2025-11-17,45,9,2928000,4,5,5,455,Champions
CUST-1343,Sari Firmansyah,Bandung,TikTok Ads,2025-12-23,9,2,387600,5,2,2,522,Potential Loyalist
CUST-1344,Hilda Prakoso,Jakarta,TikTok Ads,2024-10-09,449,1,156000,1,1,1,111,Lost
CUST-1345,Yuni Firmansyah,Jakarta,Instagram Ads,2025-11-12,50,4,811250,4,3,3,433,Potential Loyalist
CUST-1346,Hana Suryadi,Bandar Lampung,Instagram Ads,2025-12-05,27,9,2379800,4,5,4,454,Champions
CUST-1347,Omar Lestari,Jakarta,Instagram Ads,2025-01-22,344,3,749750,1,2,2,122,Lost
CUST-1348,Citra Rahayu,Bandar Lampung,TikTok Ads,,,0,0,,,,,Never Purchased
CUST-1349,Omar Prakoso,jakarta,Instagram Ads,2025-11-23,39,7,1910650,4,4,4,444,Champions
CUST-1350,Rangga Yulianti,Malang,Marketplace,2025-08-14,140,3,1460000,2,2,3,223,Lost
CUST-1351,Joko Lestari,Depok,Instagram Ads,2025-12-28,4,7,3722600,5,4,5,545,Champions
CUST-1352,Wulan Hidayat,Surabaya,Instagram Ads,2025-04-21,255,3,295000,1,2,1,121,Lost
CUST-1353,Galih Maulana,Bandung,TikTok Ads,2025-06-18,197,4,1123000,2,3,3,233,At-Risk
CUST-1354,Rizky Maulana,Solo,TikTok Ads,2025-10-17,76,10,2129000,3,5,4,354,Loyal
CUST-1355,Fajar Purnama,Semarang,Referral,2025-12-01,31,2,165600,4,2,1,421,Potential Loyalist
CUST-1356,Nanda Handoko,Semarang,Instagram Ads,2025-06-16,199,4,1144000,2,3,3,233,At-Risk
CUST-1357,Zaki Handoko,Semarang,Organic Social,2025-11-19,43,10,1867900,4,5,4,454,Champions
CUST-1358,Krisna Kurniawan,Bekasi,Marketplace,2025-10-25,68,8,3477100,3,4,5,345,Loyal
CUST-1359,Ulfa Cahyani,Jakarta,Instagram Ads,2025-08-25,129,2,466000,2,2,2,222,Lost
CUST-1360,Mega Santoso,Tangerang,TikTok Ads,2025-12-22,10,1,189000,5,1,1,511,Potential Loyalist
CUST-1361,Putri Santoso,Medan,Instagram Ads,2025-05-05,241,2,785000,1,2,2,122,Lost
CUST-1362,Indra Sukmawati,Bogor,TikTok Ads,2025-12-09,23,3,513250,4,2,2,422,Potential Loyalist
CUST-1363,Reza Cahyani,Pekanbaru,Instagram Ads,2025-12-17,15,4,1124050,5,3,3,533,Potential Loyalist
CUST-1364,Lukman Rahayu,Jakarta,Instagram Ads,2025-10-27,66,6,1952750,3,4,4,344,Loyal
CUST-1365,Erik Hidayat,Surabaya,Marketplace,2025-04-11,265,2,810000,1,2,3,123,Lost
CUST-1366,Fajar Rahayu,Yogyakarta,TikTok Ads,2024-08-10,509,3,1675000,1,2,4,124,Lost
CUST-1367,Lukman Prakoso,Pekanbaru,Referral,2025-01-15,351,2,685800,1,2,2,122,Lost
CUST-1368,Reza Firmansyah,Semarang,TikTok Ads,2025-03-27,280,3,452300,1,2,2,122,Lost
CUST-1369,Sari Nugroho,Surabaya,Instagram Ads,2025-10-14,79,3,974600,3,2,3,323,Needs Attention
CUST-1370,Gita Santoso,Surabaya,Instagram Ads,2025-11-18,44,2,384000,4,2,2,422,Potential Loyalist
CUST-1371,Cindy Utami,Jakarta,Instagram Ads,2025-12-01,31,5,764150,4,3,2,432,Potential Loyalist
CUST-1372,Dewi Lestari,Solo,Instagram Ads,2025-11-13,49,3,599100,4,2,2,422,Potential Loyalist
CUST-1373,Vina Darmawan,Bandung,TikTok Ads,2025-11-23,39,5,909800,4,3,3,433,Potential Loyalist
CUST-1374,Irfan Sukmawati,Surabaya,TikTok Ads,2025-07-19,166,3,1516000,2,2,4,224,Lost
CUST-1375,Mega Handoko,Yogyakarta,Organic Social,2025-05-06,240,2,493500,1,2,2,122,Lost
CUST-1376,Fajar Cahyani,Bandung,Instagram Ads,2025-12-20,12,20,4795600,5,5,5,555,Champions
CUST-1377,Hesti Rahayu,Jakarta,Marketplace,2025-12-10,22,12,4693850,4,5,5,455,Champions
CUST-1378,Indra Lestari,Makassar,Instagram Ads,2025-11-03,59,3,469300,3,2,2,322,Needs Attention
CUST-1379,Rizky Utami,Makassar,Instagram Ads,2025-12-22,10,10,2597200,5,5,5,555,Champions
CUST-1380,Galih Nugroho,Makassar,Organic Social,2025-11-06,56,9,2196500,3,5,4,354,Loyal
CUST-1381,Fajar Suryadi,Jakarta,Instagram Ads,2025-08-06,148,11,2339050,2,5,4,254,Loyal
CUST-1382,Yuni Santoso,Bandung,Instagram Ads,2025-11-22,40,4,1499750,4,3,4,434,Potential Loyalist
CUST-1383,Zahra Marliana,Tangerang,TikTok Ads,2025-10-05,88,14,5062450,3,5,5,355,Loyal
CUST-1384,Farah Permana,Bandar Lampung,TikTok Ads,2024-11-06,421,2,401000,1,2,2,122,Lost
CUST-1385,Vina Gunawan,Bogor,Instagram Ads,2025-10-31,62,9,1806550,3,5,4,354,Loyal
CUST-1386,Reza Wijaya,Surabaya,Referral,2025-04-24,252,1,90000,1,1,1,111,Lost
CUST-1387,Kartika Purnama,Bandung,TikTok Ads,2025-11-18,44,4,385000,4,3,2,432,Potential Loyalist
CUST-1388,Endah Anggraini,Jakarta,Google Search,2025-11-15,47,2,571400,4,2,2,422,Potential Loyalist
CUST-1389,Jasmine Kurniawan,Unknown,TikTok Ads,2025-11-07,55,7,1501550,3,4,4,344,Loyal
CUST-1390,Nadia Suryadi,Surabaya,Instagram Ads,2025-06-13,202,2,681000,2,2,2,222,Lost
CUST-1391,Faisal Halim,Bekasi,Google Search,2025-12-16,16,4,1142300,5,3,3,533,Potential Loyalist
CUST-1392,Kevin Yulianti,Bandung,TikTok Ads,2025-12-22,10,2,259750,5,2,1,521,Potential Loyalist
CUST-1393,Zahra Ramadhan,Surabaya,TikTok Ads,2025-12-15,17,10,4348000,5,5,5,555,Champions
CUST-1394,Fajar Permana,Unknown,Organic Social,2025-02-01,334,4,707300,1,3,2,132,At-Risk
CUST-1395,Lukman Prakoso,Yogyakarta,Instagram Ads,2025-11-30,32,8,2290200,4,4,4,444,Champions
CUST-1396,Maya Gunawan,Palembang,Marketplace,2025-05-15,231,4,1104750,2,3,3,233,At-Risk
CUST-1397,Citra Gunawan,Yogyakarta,Marketplace,2025-12-27,5,11,3059500,5,5,5,555,Champions
CUST-1398,Wulan Ramadhan,Medan,Google Search,2025-07-10,175,2,920000,2,2,3,223,Lost
CUST-1399,Galih Handoko,Jakarta,TikTok Ads,2025-12-28,4,18,7650800,5,5,5,555,Champions
CUST-1400,Doni Prakoso,Depok,Organic Social,2025-06-12,203,2,524000,2,2,2,222,Lost
CUST-1401,Maya Maulana,Makassar,Referral,2025-12-23,9,9,2822350,5,5,5,555,Champions
CUST-1402,Taufik Purnama,Bekasi,Marketplace,2025-11-30,32,17,3388300,4,5,5,455,Champions
CUST-1403,Guntur Nugroho,Surabaya,Referral,2025-10-22,71,4,872400,3,3,3,333,Needs Attention
CUST-1404,Jihan Maulana,denpasar,TikTok Ads,2025-11-18,44,3,234300,4,2,1,421,Potential Loyalist
CUST-1405,Lukman Setiawan,Bekasi,Google Search,2025-05-24,222,3,824800,2,2,3,223,Lost
CUST-1406,Citra Firmansyah,Semarang,Instagram Ads,2025-08-08,146,5,1529000,2,3,4,234,At-Risk
CUST-1407,Fajar Firmansyah,Makassar,Instagram Ads,2025-08-11,143,5,1569000,2,3,4,234,At-Risk
CUST-1408,Jihan Nugroho,Bandar Lampung,Google Search,2025-12-04,28,9,2291850,4,5,4,454,Champions
CUST-1409,Anwar Anggraini,Yogyakarta,Google Search,2025-07-10,175,2,559000,2,2,2,222,Lost
CUST-1410,Jasmine Anggraini,Jakarta,TikTok Ads,2025-11-28,34,13,3703200,4,5,5,455,Champions
CUST-1411,Hesti Permana,Depok,Instagram Ads,2025-10-29,64,9,3223300,3,5,5,355,Loyal
CUST-1412,Taufik Utami,Denpasar,Instagram Ads,2025-12-29,3,21,6442300,5,5,5,555,Champions
CUST-1413,Erik Prakoso,palembang,TikTok Ads,2025-12-21,11,7,1537000,5,4,4,544,Champions
CUST-1414,Putri Setiawan,Unknown,Marketplace,2025-12-24,8,17,5127450,5,5,5,555,Champions
CUST-1415,Citra Halim,Jakarta,Marketplace,2025-12-28,4,16,3665950,5,5,5,555,Champions
CUST-1416,Citra Utami,Surabaya,Instagram Ads,2025-11-15,47,5,923000,4,3,3,433,Potential Loyalist
CUST-1417,Erik Darmawan,Depok,Google Search,2025-12-05,27,7,2513850,4,4,4,444,Champions
CUST-1418,Fajar Pratama,bandung,TikTok Ads,2025-10-09,84,1,60000,3,1,1,311,Needs Attention
CUST-1419,Fajar Purnama,Makassar,TikTok Ads,2024-12-03,394,1,520000,1,1,2,112,Lost
CUST-1420,Yuni Kusuma,Bekasi,Instagram Ads,2025-12-25,7,5,3314350,5,3,5,535,Potential Loyalist
CUST-1421,Anwar Yulianti,palembang,Organic Social,2025-12-18,14,2,997500,5,2,3,523,Potential Loyalist
CUST-1422,Prita Purnama,Bekasi,Organic Social,2025-08-09,145,7,1173800,2,4,3,243,Loyal
CUST-1423,Lukman Santoso,Jakarta,Instagram Ads,2025-04-18,258,2,922000,1,2,3,123,Lost
CUST-1424,Bayu Santoso,Unknown,TikTok Ads,2025-12-13,19,5,1123400,5,3,3,533,Potential Loyalist
CUST-1425,Prita Kurniawan,Makassar,TikTok Ads,2025-10-16,77,10,3135600,3,5,5,355,Loyal
CUST-1426,Prita Hartono,Jakarta,Organic Social,2025-11-16,46,11,4314650,4,5,5,455,Champions
CUST-1427,Nadia Setiawan,Jakarta,Instagram Ads,2025-12-20,12,9,2571900,5,5,5,555,Champions
CUST-1428,Jihan Pratama,Semarang,TikTok Ads,2025-12-29,3,8,1727650,5,4,4,544,Champions
CUST-1429,Bagus Lestari,Bekasi,Instagram Ads,2025-11-28,34,19,4974600,4,5,5,455,Champions
CUST-1430,Fajar Gunawan,Jakarta,Referral,2025-12-01,31,2,659550,4,2,2,422,Potential Loyalist
CUST-1431,Ayu Kurniawan,Denpasar,Instagram Ads,2025-09-27,96,2,939000,3,2,3,323,Needs Attention
CUST-1432,Anwar Purnama,Jakarta,TikTok Ads,2025-09-12,111,4,910000,2,3,3,233,At-Risk
CUST-1433,Yoga Hidayat,Depok,Organic Social,2025-11-08,54,3,3434500,3,2,5,325,Needs Attention
CUST-1434,Irfan Firmansyah,Makassar,Organic Social,2025-05-06,240,4,2132000,1,3,4,134,At-Risk
CUST-1435,Tono Hartono,Yogyakarta,Organic Social,2025-11-10,52,3,1553400,3,2,4,324,Needs Attention
CUST-1436,Cahya Lestari,Denpasar,TikTok Ads,2025-12-28,4,2,311000,5,2,1,521,Potential Loyalist
CUST-1437,Joko Darmawan,Jakarta,TikTok Ads,2024-05-02,609,2,133000,1,2,1,121,Lost
CUST-1438,Beni Lestari,Jakarta,Organic Social,2025-08-07,147,3,335600,2,2,1,221,Lost
CUST-1439,Gita Setiawan,Medan,Instagram Ads,2025-08-04,150,4,625200,2,3,2,232,At-Risk
CUST-1440,Zahra Maulana,Makassar,TikTok Ads,2025-11-11,51,3,736000,3,2,2,322,Needs Attention
CUST-1441,Sari Maulana,Bandung,Instagram Ads,2025-10-19,74,4,3161250,3,3,5,335,Needs Attention
CUST-1442,Tono Pratama,Yogyakarta,Google Search,2025-12-29,3,4,1512000,5,3,4,534,Potential Loyalist
CUST-1443,Ayu Wijaya,Bogor,Organic Social,2025-11-18,44,1,330000,4,1,1,411,Potential Loyalist
CUST-1444,Gita Prakoso,Bandar Lampung,Organic Social,2025-05-06,240,1,165000,1,1,1,111,Lost
CUST-1445,Krisna Darmawan,Tangerang,TikTok Ads,2025-12-14,18,5,968600,5,3,3,533,Potential Loyalist
CUST-1446,Reza Kurniawan,Makassar,Instagram Ads,2025-07-26,159,5,1491650,2,3,4,234,At-Risk
CUST-1447,Indra Nugroho,Unknown,Marketplace,2025-09-01,122,7,1823900,2,4,4,244,Loyal
CUST-1448,Irfan Yulianti,Malang,TikTok Ads,2025-08-03,151,1,220000,2,1,1,211,Lost
CUST-1449,Beni Wijaya,Palembang,Instagram Ads,2025-07-19,166,2,631000,2,2,2,222,Lost
CUST-1450,Cahya Wibowo,Pekanbaru,Instagram Ads,2025-07-17,168,10,2464000,2,5,4,254,Loyal
CUST-1451,Guntur Halim,jakarta,Referral,2025-07-19,166,2,435000,2,2,2,222,Lost
CUST-1452,Ivan Utami,Malang,Google Search,2025-09-20,103,1,259000,3,1,1,311,Needs Attention
CUST-1453,Fajar Hidayat,Denpasar,Referral,2025-04-02,274,3,361250,1,2,1,121,Lost
CUST-1454,Yoga Handoko,Tangerang,Instagram Ads,2025-10-27,66,6,1485950,3,4,4,344,Loyal
CUST-1455,Endah Prakoso,Unknown,TikTok Ads,2025-12-22,10,5,1395050,5,3,3,533,Potential Loyalist
CUST-1456,Hesti Handoko,Yogyakarta,TikTok Ads,2025-07-23,162,8,2120300,2,4,4,244,Loyal
CUST-1457,Indra Utami,Pekanbaru,Marketplace,2025-09-26,97,2,975500,3,2,3,323,Needs Attention
CUST-1458,Ayu Saputra,Surabaya,Instagram Ads,2025-11-21,41,2,584500,4,2,2,422,Potential Loyalist
CUST-1459,Joko Anggraini,Surabaya,Organic Social,2025-10-16,77,6,1498000,3,4,4,344,Loyal
CUST-1460,Bagus Suryadi,Bekasi,Google Search,2025-06-24,191,1,75000,2,1,1,211,Lost
CUST-1461,Citra Saputra,Unknown,Instagram Ads,2025-12-15,17,2,340000,5,2,1,521,Potential Loyalist
CUST-1462,Gita Wijaya,Yogyakarta,Google Search,2025-12-16,16,4,2033100,5,3,4,534,Potential Loyalist
CUST-1463,Nadia Hidayat,Tangerang,TikTok Ads,2025-07-31,154,2,1599000,2,2,4,224,Lost
CUST-1464,Hana Utami,Yogyakarta,Instagram Ads,2025-11-04,58,10,3599500,3,5,5,355,Loyal
CUST-1465,Sari Utami,Palembang,Organic Social,2025-12-16,16,5,1015700,5,3,3,533,Potential Loyalist
CUST-1466,Dinda Marliana,Tangerang,Referral,2025-04-26,250,2,348950,1,2,1,121,Lost
CUST-1467,Vero Hartono,Yogyakarta,Instagram Ads,2025-11-16,46,9,1356000,4,5,3,453,Champions
CUST-1468,Yoga Permana,Jakarta,Organic Social,2025-12-17,15,8,1774300,5,4,4,544,Champions
CUST-1469,Wawan Marliana,Denpasar,TikTok Ads,2025-12-03,29,1,97600,4,1,1,411,Potential Loyalist
CUST-1470,Rangga Marliana,Balikpapan,Instagram Ads,2025-08-12,142,1,120000,2,1,1,211,Lost
CUST-1471,Galih Handoko,Denpasar,Instagram Ads,2025-12-06,26,4,1065000,4,3,3,433,Potential Loyalist
CUST-1472,Ivan Rahayu,Jakarta,Instagram Ads,2025-07-12,173,5,1688000,2,3,4,234,At-Risk
CUST-1473,Doni Suryadi,Jakarta,Referral,2025-11-20,42,8,1207350,4,4,3,443,Champions
CUST-1474,Adit Prakoso,Solo,TikTok Ads,2025-02-07,328,4,676750,1,3,2,132,At-Risk
CUST-1475,Hana Hidayat,Tangerang,Referral,2025-12-28,4,6,1944550,5,4,4,544,Champions
CUST-1476,Sinta Halim,Tangerang,TikTok Ads,2025-08-18,136,6,882000,2,4,3,243,Loyal
CUST-1477,Yoga Santoso,Jakarta,Instagram Ads,2025-12-16,16,4,1350950,5,3,3,533,Potential Loyalist
CUST-1478,Irfan Kurniawan,Balikpapan,TikTok Ads,2025-10-10,83,7,1804000,3,4,4,344,Loyal
CUST-1479,Wawan Wibowo,Balikpapan,Google Search,2025-12-18,14,5,1227500,5,3,3,533,Potential Loyalist
CUST-1480,Ulfa Lestari,Pekanbaru,Organic Social,2025-12-20,12,3,867500,5,2,3,523,Potential Loyalist
CUST-1481,Tono Nugroho,Jakarta,Marketplace,2025-12-08,24,5,1516400,4,3,4,434,Potential Loyalist
CUST-1482,Tono Hartono,Yogyakarta,Google Search,2025-09-14,109,2,343000,2,2,1,221,Lost
CUST-1483,Endah Wijaya,Jakarta,Instagram Ads,2025-09-24,99,3,742200,3,2,2,322,Needs Attention
CUST-1484,Yuni Ramadhan,Bogor,Organic Social,2025-06-12,203,2,323900,2,2,1,221,Lost
CUST-1485,Hesti Ramadhan,Jakarta,Marketplace,2025-12-12,20,5,953450,4,3,3,433,Potential Loyalist
CUST-1486,Maya Maulana,Medan,Google Search,2025-12-17,15,19,4478000,5,5,5,555,Champions
CUST-1487,Taufik Firmansyah,Jakarta,TikTok Ads,2024-10-13,445,1,219000,1,1,1,111,Lost
CUST-1488,Lukman Purnama,Surabaya,TikTok Ads,2025-11-28,34,10,1931850,4,5,4,454,Champions
CUST-1489,Indra Maulana,Malang,Google Search,2025-11-15,47,2,665100,4,2,2,422,Potential Loyalist
CUST-1490,Lukman Wibowo,Bandung,Organic Social,2025-12-28,4,4,1399400,5,3,3,533,Potential Loyalist
CUST-1491,Hesti Kurniawan,Bogor,Referral,2025-07-28,157,7,2123900,2,4,4,244,Loyal
CUST-1492,Endah Pratama,Surabaya,Marketplace,2025-11-27,35,18,4727850,4,5,5,455,Champions
CUST-1493,Umar Yulianti,Jakarta,Instagram Ads,2025-10-25,68,10,5079450,3,5,5,355,Loyal
CUST-1494,Dewi Darmawan,Semarang,Organic Social,2025-09-03,120,14,3311600,2,5,5,255,Loyal
CUST-1495,Endah Prakoso,Jakarta,Instagram Ads,2025-12-31,1,11,3549900,5,5,5,555,Champions
CUST-1496,Laras Suryadi,Jakarta,Referral,2025-12-20,12,11,2550200,5,5,4,554,Champions
CUST-1497,Vero Wijaya,Malang,Referral,2025-08-23,131,5,1840700,2,3,4,234,At-Risk
CUST-1498,Irfan Ramadhan,Semarang,Google Search,2025-08-04,150,1,95000,2,1,1,211,Lost
CUST-1499,Omar Cahyani,Jakarta,Instagram Ads,2025-11-27,35,8,3078850,4,4,5,445,Champions
CUST-1500,Putri Saputra,Unknown,Instagram Ads,2024-11-19,408,3,1013000,1,2,3,123,Lost
CUST-1501,Umar Wibowo,Jakarta,TikTok Ads,2025-12-30,2,9,2226750,5,5,4,554,Champions
CUST-1502,Omar Ramadhan,Jakarta,TikTok Ads,2025-08-19,135,1,330000,2,1,1,211,Lost
CUST-1503,Joko Prakoso,Denpasar,Referral,2025-12-13,19,1,390000,5,1,2,512,Potential Loyalist
CUST-1504,Faisal Permana,Jakarta,Instagram Ads,2025-08-25,129,1,391500,2,1,2,212,Lost
CUST-1505,Ulfa Yulianti,Jakarta,Instagram Ads,2025-08-30,124,4,1874000,2,3,4,234,At-Risk
CUST-1506,Laras Wibowo,Surabaya,Instagram Ads,2025-08-09,145,4,1187500,2,3,3,233,At-Risk
CUST-1507,Endah Marliana,Bandung,Referral,2025-11-09,53,14,3200350,3,5,5,355,Loyal
CUST-1508,Irfan Cahyani,Bandung,TikTok Ads,2025-12-15,17,2,375300,5,2,1,521,Potential Loyalist
CUST-1509,Laras Lestari,Semarang,TikTok Ads,2025-10-12,81,6,1168000,3,4,3,343,Loyal
CUST-1510,Kevin Wibowo,Bogor,Instagram Ads,2025-11-12,50,7,1730750,4,4,4,444,Champions
CUST-1511,Lukman Purnama,Bogor,Referral,2025-09-09,114,8,1790100,2,4,4,244,Loyal
CUST-1512,Mega Gunawan,Semarang,Google Search,2025-12-14,18,2,490000,5,2,2,522,Potential Loyalist
CUST-1513,Gita Ramadhan,Bogor,Instagram Ads,2025-03-12,295,1,100300,1,1,1,111,Lost
CUST-1514,Cahya Kurniawan,Bandar Lampung,Referral,2025-12-20,12,17,4676900,5,5,5,555,Champions
CUST-1515,Bayu Kurniawan,Jakarta,Instagram Ads,2025-11-28,34,5,1252000,4,3,3,433,Potential Loyalist
CUST-1516,Zahra Gunawan,Makassar,Google Search,2025-09-03,120,2,449750,2,2,2,222,Lost
CUST-1517,Indra Firmansyah,Bogor,Google Search,2025-12-04,28,4,1027400,4,3,3,433,Potential Loyalist
CUST-1518,Maya Sukmawati,Jakarta,Instagram Ads,2025-12-12,20,3,1507000,4,2,4,424,Potential Loyalist
CUST-1519,Sinta Nugroho,Depok,Instagram Ads,2025-11-18,44,10,2799100,4,5,5,455,Champions
CUST-1520,Guntur Santoso,Depok,TikTok Ads,2025-09-19,104,4,1105250,3,3,3,333,Needs Attention
CUST-1521,Dinda Suryadi,Denpasar,TikTok Ads,2025-09-14,109,2,370200,2,2,1,221,Lost
CUST-1522,Citra Firmansyah,Surabaya,TikTok Ads,,,0,0,,,,,Never Purchased
CUST-1523,Hana Suryadi,Jakarta,Instagram Ads,2025-10-25,68,4,640000,3,3,2,332,Needs Attention
CUST-1524,Kevin Prakoso,Medan,Instagram Ads,2025-12-29,3,15,5341050,5,5,5,555,Champions
CUST-1525,Eka Setiawan,Tangerang,Google Search,2025-09-09,114,14,3350250,2,5,5,255,Loyal
CUST-1526,Ulfa Marliana,Bogor,Instagram Ads,2025-10-31,62,1,165750,3,1,1,311,Needs Attention
CUST-1527,Rangga Saputra,Yogyakarta,TikTok Ads,2025-04-27,249,2,512000,1,2,2,122,Lost
CUST-1528,Kevin Darmawan,Bekasi,Google Search,2025-11-10,52,8,2746800,3,4,5,345,Loyal
CUST-1529,Irfan Hartono,Unknown,Referral,2025-09-06,117,19,4100850,2,5,5,255,Loyal
CUST-1530,Nadia Sukmawati,Bekasi,Google Search,2025-12-17,15,21,6842750,5,5,5,555,Champions
CUST-1531,Cindy Nugroho,Jakarta,Instagram Ads,2025-12-08,24,3,551350,4,2,2,422,Potential Loyalist
CUST-1532,Hilda Utami,Semarang,Instagram Ads,2025-09-27,96,7,2586500,3,4,5,345,Loyal
CUST-1533,Yoga Pratama,Jakarta,Google Search,2025-11-17,45,8,2315300,4,4,4,444,Champions
CUST-1534,Krisna Halim,Jakarta,Instagram Ads,2025-10-11,82,4,791500,3,3,2,332,Needs Attention
CUST-1535,Dewi Utami,Jakarta,Instagram Ads,2025-08-02,152,4,1215900,2,3,3,233,At-Risk
CUST-1536,Beni Setiawan,Medan,Google Search,2025-12-31,1,15,4370700,5,5,5,555,Champions
CUST-1537,Eka Wijaya,Solo,Instagram Ads,2025-07-30,155,8,2341000,2,4,4,244,Loyal
CUST-1538,Putri Permana,Jakarta,Instagram Ads,2025-08-13,141,11,3164500,2,5,5,255,Loyal
CUST-1539,Jihan Saputra,Surabaya,TikTok Ads,2024-01-05,727,1,518000,1,1,2,112,Lost
CUST-1540,Umar Gunawan,Tangerang,Organic Social,2025-11-20,42,4,954150,4,3,3,433,Potential Loyalist
CUST-1541,Jihan Rahayu,Bandung,Instagram Ads,2025-12-10,22,5,2054750,4,3,4,434,Potential Loyalist
CUST-1542,Fajar Saputra,Bandung,Marketplace,2025-12-14,18,3,405500,5,2,2,522,Potential Loyalist
CUST-1543,Hana Gunawan,Bogor,Referral,2025-08-24,130,3,1529500,2,2,4,224,Lost
CUST-1544,Zahra Anggraini,Depok,Marketplace,2025-08-24,130,5,1961500,2,3,4,234,At-Risk
CUST-1545,Dinda Santoso,jakarta,Instagram Ads,2025-06-12,203,4,1789050,2,3,4,234,At-Risk
CUST-1546,Cindy Utami,Bogor,Instagram Ads,2025-10-01,92,5,1116650,3,3,3,333,Needs Attention
CUST-1547,Jihan Darmawan,Jakarta,TikTok Ads,2025-10-21,72,4,2246250,3,3,4,334,Needs Attention
CUST-1548,Mega Saputra,Jakarta,Referral,2025-11-21,41,10,2530450,4,5,4,454,Champions
CUST-1549,Yoga Darmawan,Bandung,Instagram Ads,2025-12-13,19,10,1353300,5,5,3,553,Champions
CUST-1550,Jihan Anggraini,Jakarta,TikTok Ads,2025-12-18,14,2,240150,5,2,1,521,Potential Loyalist
CUST-1551,Kevin Utami,Tangerang,Instagram Ads,2025-12-12,20,2,1036500,4,2,3,423,Potential Loyalist
CUST-1552,Tono Lestari,Jakarta,Google Search,2025-08-26,128,11,3464100,2,5,5,255,Loyal
CUST-1553,Reza Yulianti,Jakarta,Organic Social,2024-12-30,367,1,178000,1,1,1,111,Lost
CUST-1554,Farah Kusuma,Jakarta,TikTok Ads,2025-09-18,105,10,2021900,3,5,4,354,Loyal
CUST-1555,Farah Setiawan,Unknown,Instagram Ads,2025-06-27,188,4,736500,2,3,2,232,At-Risk
CUST-1556,Eka Anggraini,Jakarta,Instagram Ads,2025-03-12,295,4,789000,1,3,2,132,At-Risk
CUST-1557,Prita Kusuma,Bekasi,Instagram Ads,2025-03-03,304,2,258000,1,2,1,121,Lost
CUST-1558,Taufik Rahayu,Makassar,Organic Social,2025-09-26,97,1,118000,3,1,1,311,Needs Attention
CUST-1559,Vero Hidayat,Unknown,Marketplace,2025-10-25,68,2,547000,3,2,2,322,Needs Attention
CUST-1560,Yuni Nugroho,Jakarta,Instagram Ads,2025-09-24,99,8,1426600,3,4,3,343,Loyal
CUST-1561,Zaki Prakoso,Surabaya,Organic Social,2025-12-05,27,4,706650,4,3,2,432,Potential Loyalist
CUST-1562,Nadia Yulianti,surabaya,TikTok Ads,,,0,0,,,,,Never Purchased
CUST-1563,Kartika Gunawan,Solo,Instagram Ads,2025-11-26,36,9,1799400,4,5,4,454,Champions
CUST-1564,Hesti Cahyani,Bandar Lampung,Organic Social,2025-05-28,218,7,2546800,2,4,4,244,Loyal
CUST-1565,Mega Wijaya,Semarang,Google Search,2025-09-12,111,2,120000,2,2,1,221,Lost
CUST-1566,Laras Firmansyah,Jakarta,TikTok Ads,2025-10-07,86,5,1764700,3,3,4,334,Needs Attention
CUST-1567,Nadia Suryadi,Surabaya,Google Search,2025-12-19,13,6,1544600,5,4,4,544,Champions
CUST-1568,Jasmine Utami,Semarang,TikTok Ads,2025-06-11,204,2,198750,2,2,1,221,Lost
CUST-1569,Hana Cahyani,Depok,Instagram Ads,2025-12-21,11,6,1525700,5,4,4,544,Champions
CUST-1570,Eka Kurniawan,Tangerang,TikTok Ads,2024-11-18,409,1,93750,1,1,1,111,Lost
CUST-1571,Dinda Prakoso,Yogyakarta,Marketplace,2024-11-23,404,1,400500,1,1,2,112,Lost
CUST-1572,Sinta Halim,Bandar Lampung,Google Search,2025-12-04,28,6,1457950,4,4,3,443,Champions
CUST-1573,Hesti Halim,Depok,Google Search,2025-12-02,30,5,648250,4,3,2,432,Potential Loyalist
CUST-1574,Hana Maulana,Makassar,Instagram Ads,2025-10-24,69,1,165000,3,1,1,311,Needs Attention
CUST-1575,Erik Maulana,Semarang,Instagram Ads,2025-09-26,97,5,1680000,3,3,4,334,Needs Attention
CUST-1576,Irfan Maulana,Jakarta,TikTok Ads,2025-12-29,3,9,2714100,5,5,5,555,Champions
CUST-1577,Irfan Prakoso,Surabaya,Organic Social,2025-10-21,72,1,42000,3,1,1,311,Needs Attention
CUST-1578,Jasmine Gunawan,Medan,Marketplace,2025-09-18,105,2,291250,3,2,1,321,Needs Attention
CUST-1579,Faisal Cahyani,Palembang,Instagram Ads,2025-04-01,275,1,570000,1,1,2,112,Lost
CUST-1580,Zaki Ramadhan,Jakarta,Google Search,2025-11-03,59,8,2108750,3,4,4,344,Loyal
CUST-1581,Anwar Nugroho,Surabaya,Instagram Ads,2025-09-11,112,3,488400,2,2,2,222,Lost
CUST-1582,Farah Kurniawan,Yogyakarta,TikTok Ads,2025-02-20,315,2,335000,1,2,1,121,Lost
CUST-1583,Yoga Marliana,Bandung,Marketplace,2024-12-20,377,2,420650,1,2,2,122,Lost
CUST-1584,Yuni Permana,Jakarta,Instagram Ads,2025-10-19,74,5,1907000,3,3,4,334,Needs Attention
CUST-1585,Jasmine Hidayat,Bandung,Marketplace,2025-04-19,257,2,431000,1,2,2,122,Lost
CUST-1586,Krisna Prakoso,Bekasi,TikTok Ads,2024-06-21,559,1,390000,1,1,2,112,Lost
CUST-1587,Maya Pratama,Jakarta,TikTok Ads,2025-12-18,14,5,1000850,5,3,3,533,Potential Loyalist
CUST-1588,Doni Rahayu,Depok,Instagram Ads,2025-02-02,333,3,830500,1,2,3,123,Lost
CUST-1589,Citra Suryadi,Yogyakarta,Instagram Ads,2025-12-13,19,3,801000,5,2,2,522,Potential Loyalist
CUST-1590,Cahya Santoso,Malang,Referral,2025-12-03,29,14,3396550,4,5,5,455,Champions
CUST-1591,Endah Firmansyah,Jakarta,Referral,2025-12-29,3,2,566600,5,2,2,522,Potential Loyalist
CUST-1592,Cindy Maulana,Denpasar,Instagram Ads,2025-12-23,9,20,6691800,5,5,5,555,Champions
CUST-1593,Erik Marliana,Tangerang,Google Search,2025-10-21,72,3,394000,3,2,2,322,Needs Attention
CUST-1594,Oki Ramadhan,Pekanbaru,Instagram Ads,2025-09-23,100,2,1197000,3,2,3,323,Needs Attention
CUST-1595,Indra Saputra,Yogyakarta,Google Search,2025-12-18,14,5,642800,5,3,2,532,Potential Loyalist
CUST-1596,Citra Santoso,Jakarta,TikTok Ads,2025-11-17,45,1,63000,4,1,1,411,Potential Loyalist
CUST-1597,Rizky Firmansyah,Makassar,Google Search,2025-06-23,192,2,189000,2,2,1,221,Lost
CUST-1598,Erik Utami,Makassar,Organic Social,2025-11-17,45,8,3411450,4,4,5,445,Champions
CUST-1599,Jihan Suryadi,Denpasar,Instagram Ads,2025-11-15,47,8,1726300,4,4,4,444,Champions
CUST-1600,Sinta Maulana,Jakarta,Instagram Ads,2025-11-05,57,4,2357900,3,3,4,334,Needs Attention
CUST-1601,Vero Halim,Yogyakarta,Organic Social,2025-06-26,189,7,1677500,2,4,4,244,Loyal
CUST-1602,Tono Hidayat,Yogyakarta,TikTok Ads,2025-10-24,69,1,128000,3,1,1,311,Needs Attention
CUST-1603,Taufik Lestari,Unknown,TikTok Ads,2025-11-17,45,4,1266500,4,3,3,433,Potential Loyalist
CUST-1604,Wulan Utami,Depok,TikTok Ads,2025-12-02,30,1,445500,4,1,2,412,Potential Loyalist
CUST-1605,Kartika Setiawan,depok,Instagram Ads,2025-12-02,30,5,1860000,4,3,4,434,Potential Loyalist
CUST-1606,Wulan Pratama,Makassar,Organic Social,2024-04-14,627,1,137750,1,1,1,111,Lost
CUST-1607,Eka Firmansyah,Jakarta,Instagram Ads,2025-10-12,81,5,2162200,3,3,4,334,Needs Attention
CUST-1608,Ayu Handoko,Jakarta,Referral,2025-11-13,49,10,2518400,4,5,4,454,Champions
CUST-1609,Krisna Sukmawati,Bandung,Instagram Ads,2025-03-09,298,3,511200,1,2,2,122,Lost
CUST-1610,Ayu Yulianti,Jakarta,TikTok Ads,2025-09-11,112,1,580000,2,1,2,212,Lost
CUST-1611,Putri Wijaya,Jakarta,Instagram Ads,2025-12-12,20,8,1107350,4,4,3,443,Champions
CUST-1612,Hilda Hidayat,Jakarta,Organic Social,2025-12-24,8,7,2749950,5,4,5,545,Champions
CUST-1613,Bagus Pratama,Jakarta,Referral,2025-12-29,3,8,2017300,5,4,4,544,Champions
CUST-1614,Maya Prakoso,Semarang,Google Search,2025-12-01,31,10,3477750,4,5,5,455,Champions
CUST-1615,Sari Anggraini,Bandung,Instagram Ads,2024-12-28,369,1,156000,1,1,1,111,Lost
CUST-1616,Oki Maulana,Bandung,Google Search,2025-10-03,90,3,819750,3,2,3,323,Needs Attention
CUST-1617,Galih Sukmawati,Yogyakarta,TikTok Ads,2025-12-01,31,2,408750,4,2,2,422,Potential Loyalist
CUST-1618,Bagus Wibowo,Unknown,Organic Social,2025-10-31,62,1,349000,3,1,1,311,Needs Attention
CUST-1619,Joko Yulianti,Surabaya,Google Search,2025-10-09,84,4,1452600,3,3,3,333,Needs Attention
CUST-1620,Fajar Halim,Jakarta,TikTok Ads,2025-12-21,11,11,3901700,5,5,5,555,Champions
CUST-1621,Dewi Darmawan,Bogor,TikTok Ads,2025-12-07,25,5,1735000,4,3,4,434,Potential Loyalist
CUST-1622,Laras Hartono,Surabaya,TikTok Ads,2025-09-20,103,4,1600200,3,3,4,334,Needs Attention
CUST-1623,Galih Lestari,Jakarta,Marketplace,2025-11-09,53,4,1452000,3,3,3,333,Needs Attention
CUST-1624,Yoga Sukmawati,Jakarta,Instagram Ads,2025-12-29,3,3,910050,5,2,3,523,Potential Loyalist
CUST-1625,Ivan Sukmawati,Jakarta,Instagram Ads,2024-05-01,610,1,403750,1,1,2,112,Lost
CUST-1626,Prita Yulianti,Jakarta,TikTok Ads,2025-06-20,195,2,264150,2,2,1,221,Lost
CUST-1627,Citra Permana,Jakarta,Referral,2025-12-08,24,4,798750,4,3,2,432,Potential Loyalist
CUST-1628,Laras Firmansyah,Malang,Instagram Ads,2025-07-08,177,6,2336000,2,4,4,244,Loyal
CUST-1629,Nadia Hidayat,Bandung,TikTok Ads,2025-01-04,362,3,316500,1,2,1,121,Lost
CUST-1630,Kevin Halim,Jakarta,Instagram Ads,2025-12-08,24,9,2701750,4,5,5,455,Champions
CUST-1631,Faisal Santoso,Tangerang,Marketplace,2025-11-20,42,2,381000,4,2,1,421,Potential Loyalist
CUST-1632,Wawan Nugroho,Jakarta,Instagram Ads,2025-01-08,358,4,1424750,1,3,3,133,At-Risk
CUST-1633,Oki Gunawan,Yogyakarta,Google Search,2025-12-30,2,3,710750,5,2,2,522,Potential Loyalist
CUST-1634,Umar Gunawan,Bandar Lampung,Google Search,2025-12-24,8,4,2173150,5,3,4,534,Potential Loyalist
CUST-1635,Eka Purnama,Unknown,Instagram Ads,2025-11-11,51,9,2936800,3,5,5,355,Loyal
CUST-1636,Cahya Rahayu,Tangerang,Google Search,2025-04-23,253,2,373000,1,2,1,121,Lost
CUST-1637,Cahya Sukmawati,Bekasi,Organic Social,2025-10-13,80,7,1447900,3,4,3,343,Loyal
CUST-1638,Nanda Santoso,denpasar,Marketplace,2025-12-23,9,9,3571100,5,5,5,555,Champions
CUST-1639,Irfan Wijaya,Makassar,Instagram Ads,2025-08-03,151,3,1398500,2,2,3,223,Lost
CUST-1640,Zahra Nugroho,Depok,Instagram Ads,2025-11-10,52,5,497150,3,3,2,332,Needs Attention
CUST-1641,Ivan Lestari,Surabaya,TikTok Ads,2025-10-14,79,3,668500,3,2,2,322,Needs Attention
CUST-1642,Vero Halim,Malang,Organic Social,2025-11-16,46,9,2455500,4,5,4,454,Champions
CUST-1643,Krisna Marliana,Semarang,TikTok Ads,2025-12-18,14,8,2756000,5,4,5,545,Champions
CUST-1644,Yuni Sukmawati,Unknown,TikTok Ads,2025-12-06,26,9,1968000,4,5,4,454,Champions
CUST-1645,Adit Saputra,Makassar,TikTok Ads,2025-10-10,83,17,4554200,3,5,5,355,Loyal
CUST-1646,Zaki Kurniawan,Semarang,Instagram Ads,2025-03-12,295,1,226800,1,1,1,111,Lost
CUST-1647,Ayu Wijaya,Bandar Lampung,Marketplace,2025-12-25,7,8,2445750,5,4,4,544,Champions
CUST-1648,Guntur Cahyani,Tangerang,Marketplace,2025-12-29,3,6,2895300,5,4,5,545,Champions
CUST-1649,Reza Darmawan,Solo,TikTok Ads,2025-11-06,56,6,2037700,3,4,4,344,Loyal
CUST-1650,Yoga Kusuma,Jakarta,Organic Social,2025-10-15,78,2,386000,3,2,2,322,Needs Attention
CUST-1651,Prita Cahyani,Jakarta,Instagram Ads,2025-08-24,130,1,110000,2,1,1,211,Lost
CUST-1652,Yoga Pratama,Jakarta,TikTok Ads,2025-12-30,2,6,1919850,5,4,4,544,Champions
CUST-1653,Mega Sukmawati,denpasar,Marketplace,2025-12-31,1,11,4434700,5,5,5,555,Champions
CUST-1654,Eka Saputra,Semarang,Organic Social,2025-10-14,79,8,2103200,3,4,4,344,Loyal
CUST-1655,Nadia Saputra,Yogyakarta,Referral,2024-12-17,380,2,325000,1,2,1,121,Lost
CUST-1656,Wawan Anggraini,Surabaya,Google Search,2025-10-13,80,2,1085000,3,2,3,323,Needs Attention
CUST-1657,Fajar Kusuma,Tangerang,Referral,2025-10-15,78,1,230000,3,1,1,311,Needs Attention
CUST-1658,Prita Gunawan,Jakarta,TikTok Ads,2025-04-09,267,2,675000,1,2,2,122,Lost
CUST-1659,Irfan Handoko,Malang,Instagram Ads,2025-11-27,35,10,2744000,4,5,5,455,Champions
CUST-1660,Lukman Hidayat,Bekasi,Instagram Ads,2025-12-25,7,7,2614300,5,4,5,545,Champions
CUST-1661,Lukman Permana,Bandung,Instagram Ads,2025-11-11,51,21,6336400,3,5,5,355,Loyal
CUST-1662,Anwar Firmansyah,Surabaya,TikTok Ads,2025-09-04,119,4,868000,2,3,3,233,At-Risk
CUST-1663,Joko Setiawan,Bogor,Google Search,2025-12-10,22,5,877250,4,3,3,433,Potential Loyalist
CUST-1664,Tono Saputra,Solo,TikTok Ads,2025-11-09,53,9,4100800,3,5,5,355,Loyal
CUST-1665,Hesti Darmawan,Balikpapan,Instagram Ads,2025-12-09,23,2,390400,4,2,2,422,Potential Loyalist
CUST-1666,Prita Kusuma,Jakarta,TikTok Ads,2025-09-03,120,4,1350000,2,3,3,233,At-Risk
CUST-1667,Irfan Wijaya,Yogyakarta,TikTok Ads,2025-11-06,56,8,2820300,3,4,5,345,Loyal
CUST-1668,Faisal Lestari,Jakarta,TikTok Ads,2025-11-25,37,2,387600,4,2,2,422,Potential Loyalist
CUST-1669,Jihan Kusuma,Palembang,Referral,2025-03-31,276,1,315000,1,1,1,111,Lost
CUST-1670,Ayu Suryadi,Unknown,Organic Social,2025-09-22,101,4,1060100,3,3,3,333,Needs Attention
CUST-1671,Umar Wijaya,bandung,Marketplace,2025-10-31,62,6,2886600,3,4,5,345,Loyal
CUST-1672,Laras Wibowo,Malang,Google Search,2025-12-24,8,5,1353600,5,3,3,533,Potential Loyalist
CUST-1673,Ivan Saputra,Jakarta,Marketplace,2025-11-02,60,20,6244850,3,5,5,355,Loyal
CUST-1674,Dewi Santoso,Medan,TikTok Ads,2025-08-11,143,6,1824400,2,4,4,244,Loyal
CUST-1675,Sinta Halim,Bekasi,Instagram Ads,2025-08-31,123,2,459000,2,2,2,222,Lost
CUST-1676,Citra Santoso,Jakarta,Referral,2025-12-16,16,6,1577350,5,4,4,544,Champions
CUST-1677,Kartika Gunawan,Jakarta,Instagram Ads,2025-09-20,103,2,328650,3,2,1,321,Needs Attention
CUST-1678,Erik Anggraini,Semarang,Referral,2025-09-02,121,10,2684900,2,5,5,255,Loyal
CUST-1679,Indra Wibowo,Bekasi,Organic Social,2024-07-22,528,2,705000,1,2,2,122,Lost
CUST-1680,Galih Ramadhan,Palembang,Referral,2025-11-17,45,1,134400,4,1,1,411,Potential Loyalist
CUST-1681,Zaki Gunawan,Medan,TikTok Ads,2025-10-02,91,7,2622600,3,4,5,345,Loyal
CUST-1682,Galih Saputra,Bogor,Instagram Ads,2025-08-10,144,1,178200,2,1,1,211,Lost
CUST-1683,Joko Permana,Bandung,TikTok Ads,2025-12-14,18,2,556750,5,2,2,522,Potential Loyalist
CUST-1684,Ayu Ramadhan,Denpasar,TikTok Ads,2025-12-31,1,2,341250,5,2,1,521,Potential Loyalist
CUST-1685,Guntur Wibowo,Jakarta,Organic Social,2025-03-12,295,1,275000,1,1,1,111,Lost
CUST-1686,Endah Pratama,Jakarta,TikTok Ads,2025-05-11,235,4,964900,1,3,3,133,At-Risk
CUST-1687,Rangga Sukmawati,Balikpapan,Google Search,2025-06-18,197,4,1304900,2,3,3,233,At-Risk
CUST-1688,Wawan Handoko,Medan,TikTok Ads,2025-12-21,11,5,1848300,5,3,4,534,Potential Loyalist
CUST-1689,Guntur Ramadhan,Surabaya,Instagram Ads,2025-12-26,6,10,2975000,5,5,5,555,Champions
CUST-1690,Guntur Anggraini,Jakarta,TikTok Ads,2025-12-08,24,9,4739250,4,5,5,455,Champions
CUST-1691,Dewi Marliana,Yogyakarta,Google Search,2025-11-03,59,1,264000,3,1,1,311,Needs Attention
CUST-1692,Bagus Setiawan,Surabaya,Instagram Ads,2025-10-31,62,10,4583000,3,5,5,355,Loyal
CUST-1693,Cindy Hartono,Bandung,Instagram Ads,2025-12-03,29,5,1469900,4,3,3,433,Potential Loyalist
CUST-1694,Jihan Nugroho,Tangerang,Instagram Ads,2025-11-20,42,2,489250,4,2,2,422,Potential Loyalist
CUST-1695,Endah Cahyani,Jakarta,Google Search,2025-12-18,14,5,1977600,5,3,4,534,Potential Loyalist
CUST-1696,Zaki Wijaya,Bandar Lampung,Instagram Ads,2025-05-12,234,1,283500,1,1,1,111,Lost
CUST-1697,Kevin Firmansyah,solo,Referral,2025-04-23,253,2,272750,1,2,1,121,Lost
CUST-1698,Reza Sukmawati,Surabaya,Organic Social,2025-12-25,7,1,522000,5,1,2,512,Potential Loyalist
CUST-1699,Rangga Permana,bogor,Google Search,2025-10-17,76,1,534000,3,1,2,312,Needs Attention
CUST-1700,Faisal Saputra,Unknown,Referral,2025-06-02,213,3,990000,2,2,3,223,Lost
CUST-1701,Ayu Kurniawan,Surabaya,Instagram Ads,2025-05-01,245,2,76000,1,2,1,121,Lost
CUST-1702,Sinta Halim,Bandung,Instagram Ads,2025-09-18,105,5,2375400,3,3,4,334,Needs Attention
CUST-1703,Vina Utami,Yogyakarta,Instagram Ads,2024-09-10,478,1,220000,1,1,1,111,Lost
CUST-1704,Jihan Wibowo,Bandung,TikTok Ads,2025-12-01,31,8,2858150,4,4,5,445,Champions
CUST-1705,Joko Anggraini,Semarang,Organic Social,2025-08-30,124,6,1826700,2,4,4,244,Loyal
CUST-1706,Ayu Wijaya,Yogyakarta,Google Search,2025-11-29,33,2,242000,4,2,1,421,Potential Loyalist
CUST-1707,Fajar Saputra,Medan,Referral,2025-11-04,58,22,5379750,3,5,5,355,Loyal
CUST-1708,Endah Pratama,Semarang,Instagram Ads,2025-10-02,91,4,653800,3,3,2,332,Needs Attention
CUST-1709,Bagus Darmawan,Medan,Marketplace,2025-10-29,64,16,4887500,3,5,5,355,Loyal
CUST-1710,Indra Wibowo,Semarang,Google Search,2025-12-01,31,14,3147100,4,5,5,455,Champions
CUST-1711,Laras Permana,Bogor,Instagram Ads,2025-12-27,5,13,4135800,5,5,5,555,Champions
CUST-1712,Bayu Marliana,Jakarta,Google Search,2025-05-11,235,5,1141250,1,3,3,133,At-Risk
CUST-1713,Prita Darmawan,Bandung,Google Search,2025-12-13,19,19,4862200,5,5,5,555,Champions
CUST-1714,Endah Permana,yogyakarta,Organic Social,2025-09-09,114,3,792000,2,2,2,222,Lost
CUST-1715,Wawan Darmawan,Yogyakarta,TikTok Ads,2025-05-09,237,4,782400,1,3,2,132,At-Risk
CUST-1716,Bayu Maulana,Jakarta,Instagram Ads,2025-06-30,185,5,1015950,2,3,3,233,At-Risk
CUST-1717,Fajar Hartono,Jakarta,Google Search,2025-09-22,101,3,641300,3,2,2,322,Needs Attention
CUST-1718,Prita Suryadi,Surabaya,Referral,2025-11-24,38,1,750000,4,1,2,412,Potential Loyalist
CUST-1719,Krisna Rahayu,Pekanbaru,Organic Social,2025-10-06,87,6,2169000,3,4,4,344,Loyal
CUST-1720,Lukman Suryadi,Bogor,Marketplace,2025-12-08,24,14,3523950,4,5,5,455,Champions
CUST-1721,Nanda Purnama,Bandar Lampung,TikTok Ads,2025-12-29,3,9,2864300,5,5,5,555,Champions
CUST-1722,Endah Rahayu,Bandung,Google Search,2025-08-29,125,1,128000,2,1,1,211,Lost
CUST-1723,Wulan Santoso,Depok,Instagram Ads,2024-11-30,397,1,99000,1,1,1,111,Lost
CUST-1724,Eka Yulianti,Jakarta,TikTok Ads,2025-12-26,6,10,2971000,5,5,5,555,Champions
CUST-1725,Jihan Cahyani,Bandung,Instagram Ads,2025-12-11,21,11,3697400,4,5,5,455,Champions
CUST-1726,Wulan Darmawan,Yogyakarta,Instagram Ads,2025-12-09,23,9,2714750,4,5,5,455,Champions
CUST-1727,Hana Nugroho,Surabaya,Instagram Ads,2025-08-05,149,1,578000,2,1,2,212,Lost
CUST-1728,Zaki Maulana,Bandung,Google Search,2025-12-12,20,9,1687400,4,5,4,454,Champions
CUST-1729,Wawan Firmansyah,Jakarta,Referral,2024-09-09,479,1,245000,1,1,1,111,Lost
CUST-1730,Tono Cahyani,Yogyakarta,TikTok Ads,2025-06-17,198,2,865500,2,2,3,223,Lost
CUST-1731,Indra Halim,Depok,TikTok Ads,2025-07-09,176,1,375000,2,1,1,211,Lost
CUST-1732,Vero Kusuma,Jakarta,Google Search,2025-10-05,88,3,1010350,3,2,3,323,Needs Attention
CUST-1733,Ulfa Halim,Bandung,Instagram Ads,2025-11-21,41,9,1977500,4,5,4,454,Champions
CUST-1734,Nanda Purnama,Bandung,TikTok Ads,2025-04-30,246,2,293500,1,2,1,121,Lost
CUST-1735,Ivan Wibowo,Medan,TikTok Ads,2025-08-24,130,5,1471000,2,3,3,233,At-Risk
CUST-1736,Vina Rahayu,Palembang,TikTok Ads,2025-12-13,19,10,2215300,5,5,4,554,Champions
CUST-1737,Faisal Marliana,Malang,TikTok Ads,2025-11-14,48,2,858000,4,2,3,423,Potential Loyalist
CUST-1738,Joko Hidayat,Denpasar,Google Search,2025-03-17,290,2,495000,1,2,2,122,Lost
CUST-1739,Laras Kurniawan,Tangerang,Google Search,2025-10-25,68,4,1144750,3,3,3,333,Needs Attention
CUST-1740,Sinta Wijaya,Jakarta,TikTok Ads,2025-12-15,17,2,739000,5,2,2,522,Potential Loyalist
CUST-1741,Jihan Handoko,Jakarta,Referral,2025-03-07,300,2,381000,1,2,1,121,Lost
CUST-1742,Rangga Yulianti,Malang,Referral,2024-11-29,398,1,70200,1,1,1,111,Lost
CUST-1743,Cindy Hartono,Denpasar,Instagram Ads,2025-11-17,45,2,189250,4,2,1,421,Potential Loyalist
CUST-1744,Indra Rahayu,Bandung,TikTok Ads,2025-10-11,82,17,5369400,3,5,5,355,Loyal
CUST-1745,Gita Setiawan,Jakarta,Organic Social,2025-11-11,51,3,523300,3,2,2,322,Needs Attention
CUST-1746,Faisal Saputra,Jakarta,Instagram Ads,2025-03-22,285,3,586900,1,2,2,122,Lost
CUST-1747,Guntur Marliana,Unknown,Instagram Ads,2025-08-18,136,3,277000,2,2,1,221,Lost
CUST-1748,Endah Pratama,Malang,Instagram Ads,2025-09-29,94,11,3299250,3,5,5,355,Loyal
CUST-1749,Faisal Rahayu,Surabaya,Instagram Ads,2025-06-18,197,4,1208900,2,3,3,233,At-Risk
CUST-1750,Taufik Setiawan,denpasar,TikTok Ads,2025-10-29,64,5,1013750,3,3,3,333,Needs Attention
CUST-1751,Vina Marliana,Makassar,Marketplace,2025-12-25,7,5,597150,5,3,2,532,Potential Loyalist
CUST-1752,Umar Nugroho,Yogyakarta,Marketplace,2025-05-11,235,4,787750,1,3,2,132,At-Risk
CUST-1753,Zahra Utami,Surabaya,Instagram Ads,2025-12-19,13,10,2209000,5,5,4,554,Champions
CUST-1754,Umar Kurniawan,Yogyakarta,Google Search,2025-06-22,193,1,250000,2,1,1,211,Lost
CUST-1755,Beni Kusuma,Medan,Organic Social,2025-03-05,302,9,2136200,1,5,4,154,Loyal
CUST-1756,Reza Hartono,Makassar,Organic Social,2025-11-12,50,10,1613500,4,5,4,454,Champions
CUST-1757,Farah Prakoso,Bekasi,TikTok Ads,2025-07-04,181,4,1454100,2,3,3,233,At-Risk
CUST-1758,Doni Permana,Jakarta,TikTok Ads,2025-10-25,68,8,2969950,3,4,5,345,Loyal
CUST-1759,Bayu Gunawan,Surabaya,Google Search,2024-10-22,436,1,110000,1,1,1,111,Lost
CUST-1760,Maya Saputra,Jakarta,Google Search,2025-12-15,17,5,1702750,5,3,4,534,Potential Loyalist
CUST-1761,Vina Setiawan,Bandung,Google Search,2025-09-07,116,3,601400,2,2,2,222,Lost
CUST-1762,Gita Santoso,Jakarta,Instagram Ads,2025-12-05,27,9,4322250,4,5,5,455,Champions
CUST-1763,Cindy Darmawan,Bandung,Google Search,2025-12-17,15,4,1450600,5,3,3,533,Potential Loyalist
CUST-1764,Dewi Nugroho,Denpasar,Instagram Ads,2025-07-04,181,2,746000,2,2,2,222,Lost
CUST-1765,Indra Marliana,Bandung,Referral,2025-10-03,90,2,651250,3,2,2,322,Needs Attention
CUST-1766,Laras Saputra,Bandung,Google Search,2025-09-21,102,3,2494000,3,2,4,324,Needs Attention
CUST-1767,Krisna Rahayu,Unknown,Organic Social,2025-10-02,91,10,2481150,3,5,4,354,Loyal
CUST-1768,Ulfa Cahyani,Denpasar,Referral,2025-12-14,18,14,3540000,5,5,5,555,Champions
CUST-1769,Nanda Kusuma,Balikpapan,TikTok Ads,2025-10-13,80,6,1096500,3,4,3,343,Loyal
CUST-1770,Rangga Hidayat,Jakarta,Google Search,2025-11-18,44,9,1647750,4,5,4,454,Champions
CUST-1771,Cahya Suryadi,Bandar Lampung,Organic Social,2025-07-12,173,4,608900,2,3,2,232,At-Risk
CUST-1772,Laras Maulana,Bogor,Marketplace,2025-11-29,33,5,2730000,4,3,5,435,Potential Loyalist
CUST-1773,Wawan Firmansyah,Balikpapan,Instagram Ads,2025-08-07,147,4,1123000,2,3,3,233,At-Risk
CUST-1774,Kartika Yulianti,Jakarta,TikTok Ads,2025-09-14,109,2,494000,2,2,2,222,Lost
CUST-1775,Maya Darmawan,Unknown,Instagram Ads,2025-12-23,9,10,3093900,5,5,5,555,Champions
CUST-1776,Wawan Santoso,Denpasar,Instagram Ads,2025-02-01,334,1,351000,1,1,1,111,Lost
CUST-1777,Citra Marliana,Medan,Instagram Ads,2025-11-24,38,5,951000,4,3,3,433,Potential Loyalist
CUST-1778,Oki Lestari,Medan,TikTok Ads,2024-12-03,394,1,225000,1,1,1,111,Lost
CUST-1779,Endah Firmansyah,bandung,Google Search,2025-12-07,25,5,483900,4,3,2,432,Potential Loyalist
CUST-1780,Joko Saputra,Bekasi,Organic Social,2025-12-09,23,7,2446750,4,4,4,444,Champions
CUST-1781,Farah Wijaya,Jakarta,Organic Social,2025-10-02,91,6,1857000,3,4,4,344,Loyal
CUST-1782,Sinta Saputra,Semarang,Instagram Ads,2025-12-26,6,19,5161000,5,5,5,555,Champions
CUST-1783,Bagus Halim,Jakarta,Organic Social,2025-06-14,201,6,1609750,2,4,4,244,Loyal
CUST-1784,Guntur Sukmawati,Pekanbaru,Organic Social,2024-07-22,528,1,78000,1,1,1,111,Lost
CUST-1785,Anwar Wibowo,Jakarta,Google Search,2025-03-21,286,1,115900,1,1,1,111,Lost
CUST-1786,Hana Kusuma,Jakarta,Referral,2025-08-03,151,11,3571250,2,5,5,255,Loyal
CUST-1787,Vina Maulana,Jakarta,Instagram Ads,2025-12-30,2,5,835000,5,3,3,533,Potential Loyalist
CUST-1788,Endah Pratama,Solo,Instagram Ads,2025-06-14,201,2,634000,2,2,2,222,Lost
CUST-1789,Umar Prakoso,Depok,Instagram Ads,2025-05-29,217,1,293250,2,1,1,211,Lost
CUST-1790,Reza Yulianti,Pekanbaru,TikTok Ads,2024-09-07,481,2,789750,1,2,2,122,Lost
CUST-1791,Farah Utami,Yogyakarta,Instagram Ads,2024-11-02,425,1,245000,1,1,1,111,Lost
CUST-1792,Cindy Wijaya,Jakarta,Google Search,2025-12-14,18,2,207000,5,2,1,521,Potential Loyalist
CUST-1793,Bayu Kusuma,Jakarta,Instagram Ads,2025-12-14,18,9,2367200,5,5,4,554,Champions
CUST-1794,Zaki Marliana,Semarang,Marketplace,2025-12-27,5,6,1248500,5,4,3,543,Champions
CUST-1795,Zaki Kurniawan,Depok,Organic Social,2025-12-11,21,3,284300,4,2,1,421,Potential Loyalist
CUST-1796,Faisal Wijaya,Makassar,Referral,2025-07-22,163,1,100800,2,1,1,211,Lost
CUST-1797,Wulan Rahayu,Jakarta,Instagram Ads,2025-12-12,20,9,2719050,4,5,5,455,Champions
CUST-1798,Eka Nugroho,Jakarta,Marketplace,2025-12-25,7,5,1608150,5,3,4,534,Potential Loyalist
CUST-1799,Farah Hartono,Yogyakarta,Organic Social,2025-08-19,135,1,675000,2,1,2,212,Lost
CUST-1800,Sinta Setiawan,Jakarta,TikTok Ads,2025-12-08,24,1,158400,4,1,1,411,Potential Loyalist
CUST-1801,Laras Saputra,Makassar,Instagram Ads,2025-10-19,74,7,1593300,3,4,4,344,Loyal
CUST-1802,Vero Wibowo,Semarang,Instagram Ads,2025-12-25,7,9,2011000,5,5,4,554,Champions
CUST-1803,Umar Lestari,Makassar,Referral,2025-12-08,24,5,1625500,4,3,4,434,Potential Loyalist
CUST-1804,Indra Lestari,Yogyakarta,TikTok Ads,2025-12-02,30,10,3024450,4,5,5,455,Champions
CUST-1805,Cahya Wibowo,Denpasar,Google Search,2025-12-26,6,8,3966650,5,4,5,545,Champions
CUST-1806,Beni Utami,Depok,Instagram Ads,2025-11-06,56,1,130500,3,1,1,311,Needs Attention
CUST-1807,Guntur Prakoso,Bandung,Marketplace,2025-12-15,17,2,307500,5,2,1,521,Potential Loyalist
CUST-1808,Hana Sukmawati,Surabaya,Instagram Ads,2025-09-13,110,5,1740000,2,3,4,234,At-Risk
CUST-1809,Cahya Handoko,Bekasi,TikTok Ads,2025-11-06,56,1,134400,3,1,1,311,Needs Attention
CUST-1810,Rangga Santoso,Semarang,Organic Social,2025-09-16,107,7,1396750,3,4,3,343,Loyal
CUST-1811,Endah Prakoso,Surabaya,Instagram Ads,2025-06-10,205,2,140000,2,2,1,221,Lost
CUST-1812,Citra Setiawan,Semarang,Marketplace,2025-03-10,297,3,1037900,1,2,3,123,Lost
CUST-1813,Hesti Saputra,jakarta,Instagram Ads,2025-12-31,1,16,4755500,5,5,5,555,Champions
CUST-1814,Nadia Darmawan,Denpasar,Instagram Ads,2025-03-28,279,3,454600,1,2,2,122,Lost
CUST-1815,Oki Cahyani,malang,Marketplace,2025-11-26,36,2,571500,4,2,2,422,Potential Loyalist
CUST-1816,Prita Handoko,Semarang,Google Search,2025-09-01,122,2,503000,2,2,2,222,Lost
CUST-1817,Maya Hidayat,Bogor,Instagram Ads,2025-12-27,5,4,1491000,5,3,4,534,Potential Loyalist
CUST-1818,Irfan Suryadi,Balikpapan,TikTok Ads,2025-12-26,6,20,6147800,5,5,5,555,Champions
CUST-1819,Sinta Permana,Jakarta,Instagram Ads,2025-12-19,13,9,3333750,5,5,5,555,Champions
CUST-1820,Faisal Prakoso,Unknown,Instagram Ads,2025-10-25,68,1,235000,3,1,1,311,Needs Attention
CUST-1821,Ayu Purnama,Solo,Instagram Ads,2025-09-23,100,6,980550,3,4,3,343,Loyal
CUST-1822,Ayu Nugroho,Bogor,Referral,2024-08-15,504,2,409800,1,2,2,122,Lost
CUST-1823,Zahra Lestari,Medan,Instagram Ads,2025-12-15,17,8,2170000,5,4,4,544,Champions
CUST-1824,Faisal Utami,Jakarta,Google Search,2025-09-26,97,11,2824900,3,5,5,355,Loyal
CUST-1825,Eka Marliana,Bandung,Marketplace,2025-11-03,59,5,1101300,3,3,3,333,Needs Attention
CUST-1826,Irfan Hidayat,Palembang,Instagram Ads,2025-03-23,284,3,914500,1,2,3,123,Lost
CUST-1827,Beni Suryadi,Yogyakarta,Referral,2025-12-26,6,4,1362000,5,3,3,533,Potential Loyalist
CUST-1828,Nadia Handoko,Jakarta,TikTok Ads,2025-04-28,248,5,2492000,1,3,4,134,At-Risk
CUST-1829,Prita Nugroho,Malang,Organic Social,2025-10-30,63,2,722000,3,2,2,322,Needs Attention
CUST-1830,Bayu Ramadhan,Bandung,Organic Social,2025-05-13,233,3,1587000,1,2,4,124,Lost
CUST-1831,Putri Purnama,Solo,TikTok Ads,2025-11-15,47,9,3635250,4,5,5,455,Champions
CUST-1832,Galih Setiawan,Medan,Google Search,2025-08-25,129,9,2497750,2,5,4,254,Loyal
CUST-1833,Nadia Nugroho,medan,Google Search,2025-11-04,58,5,882400,3,3,3,333,Needs Attention
CUST-1834,Putri Gunawan,Depok,Google Search,2025-07-05,180,8,1604300,2,4,4,244,Loyal
CUST-1835,Yuni Firmansyah,Tangerang,Organic Social,2025-12-29,3,6,3011350,5,4,5,545,Champions
CUST-1836,Dinda Yulianti,Bogor,Google Search,2025-12-25,7,19,5973600,5,5,5,555,Champions
CUST-1837,Wawan Nugroho,Bekasi,Instagram Ads,2025-11-20,42,2,417600,4,2,2,422,Potential Loyalist
CUST-1838,Taufik Gunawan,Surabaya,TikTok Ads,2025-01-18,348,2,590000,1,2,2,122,Lost
CUST-1839,Ulfa Firmansyah,Balikpapan,Instagram Ads,2024-07-11,539,1,285000,1,1,1,111,Lost
CUST-1840,Yoga Wibowo,Depok,Referral,2025-09-30,93,10,3042650,3,5,5,355,Loyal
CUST-1841,Omar Setiawan,Bekasi,Referral,2025-11-21,41,5,1557100,4,3,4,434,Potential Loyalist
CUST-1842,Wulan Santoso,Bogor,Google Search,2025-08-26,128,2,1680800,2,2,4,224,Lost
CUST-1843,Rangga Handoko,Bandung,Referral,2025-11-28,34,2,391000,4,2,2,422,Potential Loyalist
CUST-1844,Kartika Lestari,Bandung,Instagram Ads,2025-06-08,207,1,256500,2,1,1,211,Lost
CUST-1845,Tono Darmawan,Jakarta,Google Search,2025-09-21,102,11,3259600,3,5,5,355,Loyal
CUST-1846,Jasmine Marliana,Jakarta,Google Search,2025-08-15,139,9,2228900,2,5,4,254,Loyal
CUST-1847,Indra Kurniawan,Bogor,TikTok Ads,2025-08-31,123,3,674750,2,2,2,222,Lost
CUST-1848,Oki Anggraini,Bogor,Organic Social,2024-10-27,431,2,665000,1,2,2,122,Lost
CUST-1849,Oki Prakoso,Bandung,Referral,2025-10-14,79,2,285000,3,2,1,321,Needs Attention
CUST-1850,Adit Permana,Jakarta,Instagram Ads,2025-05-20,226,2,84250,2,2,1,221,Lost
CUST-1851,Laras Saputra,Jakarta,TikTok Ads,2025-08-22,132,1,199750,2,1,1,211,Lost
CUST-1852,Rizky Sukmawati,Bogor,Instagram Ads,2025-12-31,1,20,7114050,5,5,5,555,Champions
CUST-1853,Zaki Marliana,Unknown,Marketplace,2025-05-11,235,4,784000,1,3,2,132,At-Risk
CUST-1854,Guntur Prakoso,Jakarta,Marketplace,2025-10-13,80,1,195000,3,1,1,311,Needs Attention
CUST-1855,Beni Rahayu,Bandung,Referral,2025-12-26,6,16,5135500,5,5,5,555,Champions
CUST-1856,Yuni Cahyani,Semarang,Referral,2024-04-03,638,1,425000,1,1,2,112,Lost
CUST-1857,Endah Hartono,Solo,TikTok Ads,2025-09-01,122,6,2229500,2,4,4,244,Loyal
CUST-1858,Doni Setiawan,Medan,Google Search,2025-02-03,332,2,504500,1,2,2,122,Lost
CUST-1859,Yuni Santoso,Palembang,Marketplace,2025-09-02,121,2,748000,2,2,2,222,Lost
CUST-1860,Nadia Suryadi,Bandung,TikTok Ads,2025-04-18,258,1,290000,1,1,1,111,Lost
CUST-1861,Umar Setiawan,Bekasi,Referral,2025-03-24,283,3,823650,1,2,3,123,Lost
CUST-1862,Joko Darmawan,Bandung,TikTok Ads,2025-11-18,44,13,3502200,4,5,5,455,Champions
CUST-1863,Zahra Gunawan,Denpasar,Google Search,2025-09-13,110,2,723150,2,2,2,222,Lost
CUST-1864,Kartika Sukmawati,Bekasi,Instagram Ads,2025-01-17,349,2,1579500,1,2,4,124,Lost
CUST-1865,Galih Sukmawati,Solo,Instagram Ads,2025-11-27,35,9,2814100,4,5,5,455,Champions
CUST-1866,Bayu Wibowo,Jakarta,Referral,2025-07-21,164,4,1369250,2,3,3,233,At-Risk
CUST-1867,Vero Maulana,Jakarta,Organic Social,2025-10-30,63,3,601200,3,2,2,322,Needs Attention
CUST-1868,Reza Firmansyah,yogyakarta,Instagram Ads,2025-11-20,42,1,25200,4,1,1,411,Potential Loyalist
CUST-1869,Dewi Setiawan,Unknown,Instagram Ads,2025-12-13,19,10,2674400,5,5,5,555,Champions
CUST-1870,Vina Wibowo,Surabaya,TikTok Ads,,,0,0,,,,,Never Purchased
CUST-1871,Maya Firmansyah,Depok,Google Search,2025-12-21,11,11,2433800,5,5,4,554,Champions
CUST-1872,Jasmine Halim,Jakarta,Google Search,2025-12-25,7,21,7015050,5,5,5,555,Champions
CUST-1873,Joko Prakoso,Medan,Organic Social,2025-02-26,309,1,76500,1,1,1,111,Lost
CUST-1874,Cahya Kurniawan,Jakarta,TikTok Ads,2025-10-21,72,19,5200800,3,5,5,355,Loyal
CUST-1875,Irfan Nugroho,Bandung,TikTok Ads,2025-10-25,68,5,2540250,3,3,4,334,Needs Attention
CUST-1876,Rizky Yulianti,Medan,TikTok Ads,2025-11-30,32,3,581250,4,2,2,422,Potential Loyalist
CUST-1877,Putri Prakoso,jakarta,TikTok Ads,2025-10-27,66,4,2560450,3,3,5,335,Needs Attention
CUST-1878,Jasmine Ramadhan,Depok,Referral,2025-09-05,118,11,3446250,2,5,5,255,Loyal
CUST-1879,Vina Kurniawan,Bogor,TikTok Ads,2025-12-24,8,8,1402800,5,4,3,543,Champions
CUST-1880,Maya Permana,Medan,TikTok Ads,2025-10-28,65,2,637200,3,2,2,322,Needs Attention
CUST-1881,Citra Wibowo,Surabaya,Instagram Ads,2025-10-29,64,5,909500,3,3,3,333,Needs Attention
CUST-1882,Umar Suryadi,Jakarta,Marketplace,2025-11-15,47,8,2496000,4,4,4,444,Champions
CUST-1883,Fajar Permana,Bekasi,Organic Social,2025-03-29,278,1,114000,1,1,1,111,Lost
CUST-1884,Dewi Setiawan,Bekasi,Instagram Ads,2025-10-03,90,3,1032000,3,2,3,323,Needs Attention
CUST-1885,Dinda Ramadhan,Balikpapan,Organic Social,2025-10-06,87,2,351600,3,2,1,321,Needs Attention
CUST-1886,Ulfa Wijaya,bekasi,Marketplace,2025-07-13,172,2,501000,2,2,2,222,Lost
CUST-1887,Vero Saputra,Jakarta,TikTok Ads,2024-10-28,430,4,928100,1,3,3,133,At-Risk
CUST-1888,Ulfa Nugroho,Medan,Marketplace,2025-06-29,186,1,129200,2,1,1,211,Lost
CUST-1889,Lukman Wibowo,Jakarta,Organic Social,2025-09-25,98,3,713500,3,2,2,322,Needs Attention
CUST-1890,Omar Ramadhan,Surabaya,Instagram Ads,2025-12-27,5,9,1544550,5,5,4,554,Champions
CUST-1891,Hilda Firmansyah,Unknown,Referral,2025-11-17,45,2,466100,4,2,2,422,Potential Loyalist
CUST-1892,Erik Marliana,Bandung,Instagram Ads,2025-11-07,55,5,1124750,3,3,3,333,Needs Attention
CUST-1893,Cindy Cahyani,Bekasi,Referral,2025-10-31,62,5,1206000,3,3,3,333,Needs Attention
CUST-1894,Irfan Yulianti,Jakarta,TikTok Ads,2025-06-12,203,1,234000,2,1,1,211,Lost
CUST-1895,Taufik Cahyani,Jakarta,Marketplace,2025-02-05,330,2,637000,1,2,2,122,Lost
CUST-1896,Zahra Nugroho,Surabaya,TikTok Ads,2025-09-26,97,2,315750,3,2,1,321,Needs Attention
CUST-1897,Maya Halim,Malang,TikTok Ads,2025-09-02,121,6,1789150,2,4,4,244,Loyal
CUST-1898,Rizky Kusuma,Jakarta,Instagram Ads,2025-05-03,243,1,100000,1,1,1,111,Lost
CUST-1899,Yoga Halim,Tangerang,TikTok Ads,2024-12-03,394,3,757300,1,2,2,122,Lost
CUST-1900,Wulan Lestari,Bekasi,Instagram Ads,2025-12-21,11,5,839300,5,3,3,533,Potential Loyalist
CUST-1901,Yuni Anggraini,Jakarta,Instagram Ads,2025-12-22,10,12,2213700,5,5,4,554,Champions
CUST-1902,Oki Kusuma,Makassar,Google Search,2025-12-01,31,4,1108100,4,3,3,433,Potential Loyalist
CUST-1903,Putri Hartono,Bandung,TikTok Ads,2025-01-13,353,1,161500,1,1,1,111,Lost
CUST-1904,Taufik Santoso,Semarang,TikTok Ads,2025-11-18,44,1,121500,4,1,1,411,Potential Loyalist
CUST-1905,Joko Marliana,Semarang,Instagram Ads,2025-12-05,27,5,1560050,4,3,4,434,Potential Loyalist
CUST-1906,Anwar Purnama,Jakarta,Instagram Ads,2025-10-09,84,11,2192600,3,5,4,354,Loyal
CUST-1907,Dinda Kurniawan,Jakarta,TikTok Ads,2025-04-14,262,1,115900,1,1,1,111,Lost
CUST-1908,Jasmine Sukmawati,Medan,Instagram Ads,2025-11-20,42,5,2411400,4,3,4,434,Potential Loyalist
CUST-1909,Jasmine Marliana,Yogyakarta,Instagram Ads,2025-07-09,176,3,1109000,2,2,3,223,Lost
CUST-1910,Lukman Wibowo,Semarang,Marketplace,2025-11-18,44,6,939500,4,4,3,443,Champions
CUST-1911,Joko Wijaya,Malang,TikTok Ads,2025-07-24,161,6,2402450,2,4,4,244,Loyal
CUST-1912,Prita Gunawan,Tangerang,Instagram Ads,2025-07-09,176,2,921300,2,2,3,223,Lost
CUST-1913,Rizky Anggraini,Surabaya,TikTok Ads,2024-11-07,420,2,170500,1,2,1,121,Lost
CUST-1914,Nanda Cahyani,Bandung,Instagram Ads,2025-02-12,323,1,168000,1,1,1,111,Lost
CUST-1915,Beni Maulana,jakarta,TikTok Ads,2025-12-05,27,8,2698450,4,4,5,445,Champions
CUST-1916,Doni Permana,Bandung,Marketplace,2025-07-23,162,4,683400,2,3,2,232,At-Risk
CUST-1917,Hilda Kusuma,Balikpapan,Google Search,2025-12-31,1,3,736100,5,2,2,522,Potential Loyalist
CUST-1918,Nanda Wibowo,Pekanbaru,Google Search,2025-01-28,338,2,746000,1,2,2,122,Lost
CUST-1919,Beni Yulianti,Jakarta,Instagram Ads,2025-12-12,20,5,1103950,4,3,3,433,Potential Loyalist
CUST-1920,Kevin Suryadi,Surabaya,TikTok Ads,,,0,0,,,,,Never Purchased
CUST-1921,Beni Santoso,Bandar Lampung,Instagram Ads,2025-12-22,10,11,2760000,5,5,5,555,Champions
CUST-1922,Irfan Gunawan,Jakarta,Instagram Ads,2025-04-07,269,2,425250,1,2,2,122,Lost
CUST-1923,Jasmine Lestari,Jakarta,Google Search,2025-05-30,216,3,1089250,2,2,3,223,Lost
CUST-1924,Gita Yulianti,Bogor,Google Search,2025-11-27,35,4,418000,4,3,2,432,Potential Loyalist
CUST-1925,Omar Maulana,Palembang,Instagram Ads,2025-01-12,354,3,518750,1,2,2,122,Lost
CUST-1926,Irfan Utami,Semarang,Marketplace,2025-12-09,23,7,1385500,4,4,3,443,Champions
CUST-1927,Indra Marliana,Denpasar,TikTok Ads,2025-04-14,262,5,1003450,1,3,3,133,At-Risk
CUST-1928,Dinda Gunawan,surabaya,Marketplace,2025-12-08,24,9,2618150,4,5,5,455,Champions
CUST-1929,Sinta Purnama,medan,TikTok Ads,2025-12-11,21,19,4570500,4,5,5,455,Champions
CUST-1930,Omar Permana,Bandung,Referral,2025-05-03,243,2,666400,1,2,2,122,Lost
CUST-1931,Maya Firmansyah,Bandar Lampung,TikTok Ads,2025-12-22,10,22,5388450,5,5,5,555,Champions
CUST-1932,Omar Marliana,Tangerang,Google Search,2025-06-10,205,2,218000,2,2,1,221,Lost
CUST-1933,Ivan Marliana,Solo,Marketplace,2025-09-19,104,2,1014600,3,2,3,323,Needs Attention
CUST-1934,Rangga Anggraini,Yogyakarta,Marketplace,2025-08-14,140,4,707600,2,3,2,232,At-Risk
CUST-1935,Sinta Santoso,Bandung,TikTok Ads,2025-05-03,243,7,2081100,1,4,4,144,Loyal
CUST-1936,Maya Marliana,Jakarta,TikTok Ads,2025-11-21,41,4,1762400,4,3,4,434,Potential Loyalist
CUST-1937,Hesti Handoko,Surabaya,Marketplace,2025-06-13,202,2,973700,2,2,3,223,Lost
CUST-1938,Krisna Saputra,Surabaya,TikTok Ads,2025-12-29,3,10,3177200,5,5,5,555,Champions
CUST-1939,Jasmine Lestari,Bandung,Organic Social,2025-12-20,12,6,2845500,5,4,5,545,Champions
CUST-1940,Putri Santoso,Palembang,Instagram Ads,2025-04-09,267,6,1423600,1,4,3,143,Loyal
CUST-1941,Eka Pratama,Jakarta,Referral,2025-12-13,19,2,277200,5,2,1,521,Potential Loyalist
CUST-1942,Mega Firmansyah,Tangerang,Marketplace,2025-07-17,168,1,38000,2,1,1,211,Lost
CUST-1943,Dewi Cahyani,Balikpapan,Instagram Ads,2025-12-08,24,7,1242900,4,4,3,443,Champions
CUST-1944,Adit Maulana,Bandar Lampung,Organic Social,2025-11-25,37,14,3946050,4,5,5,455,Champions
CUST-1945,Ivan Saputra,Jakarta,TikTok Ads,2025-11-26,36,2,1595600,4,2,4,424,Potential Loyalist
CUST-1946,Wulan Ramadhan,jakarta,Google Search,2025-12-19,13,4,568200,5,3,2,532,Potential Loyalist
CUST-1947,Maya Hidayat,Malang,Instagram Ads,2025-08-13,141,1,390000,2,1,2,212,Lost
CUST-1948,Maya Kusuma,Semarang,Organic Social,2025-11-11,51,9,2077800,3,5,4,354,Loyal
CUST-1949,Tono Hartono,Bekasi,TikTok Ads,2025-03-09,298,9,3407500,1,5,5,155,Loyal
CUST-1950,Putri Rahayu,Makassar,Instagram Ads,2025-12-07,25,4,965200,4,3,3,433,Potential Loyalist
CUST-1951,Eka Suryadi,Palembang,TikTok Ads,2025-03-22,285,2,255600,1,2,1,121,Lost
CUST-1952,Doni Pratama,Tangerang,Marketplace,2025-11-30,32,16,4369900,4,5,5,455,Champions
CUST-1953,Nadia Ramadhan,Denpasar,Marketplace,2025-12-08,24,6,1745000,4,4,4,444,Champions
CUST-1954,Zaki Suryadi,Medan,TikTok Ads,2025-12-20,12,8,2006500,5,4,4,544,Champions
CUST-1955,Kartika Wijaya,Yogyakarta,Referral,2025-09-12,111,2,156500,2,2,1,221,Lost
CUST-1956,Ayu Anggraini,Surabaya,Organic Social,2025-12-29,3,9,3462850,5,5,5,555,Champions
CUST-1957,Bagus Handoko,Yogyakarta,Instagram Ads,2025-10-31,62,4,534000,3,3,2,332,Needs Attention
CUST-1958,Dinda Ramadhan,Bandung,Marketplace,2025-04-16,260,4,1000750,1,3,3,133,At-Risk
CUST-1959,Joko Hidayat,Jakarta,TikTok Ads,2025-08-18,136,2,513000,2,2,2,222,Lost
CUST-1960,Krisna Hidayat,Jakarta,Instagram Ads,2025-12-30,2,14,4379300,5,5,5,555,Champions
CUST-1961,Sinta Wijaya,Unknown,TikTok Ads,2025-12-17,15,5,2158000,5,3,4,534,Potential Loyalist
CUST-1962,Putri Rahayu,Jakarta,Marketplace,2025-10-24,69,2,297000,3,2,1,321,Needs Attention
CUST-1963,Wawan Firmansyah,Depok,TikTok Ads,2025-07-29,156,6,1739000,2,4,4,244,Loyal
CUST-1964,Wulan Gunawan,Makassar,Organic Social,2025-05-11,235,4,1965500,1,3,4,134,At-Risk
CUST-1965,Doni Gunawan,Malang,TikTok Ads,,,0,0,,,,,Never Purchased
CUST-1966,Irfan Suryadi,Jakarta,Organic Social,2025-05-31,215,4,680550,2,3,2,232,At-Risk
CUST-1967,Indra Lestari,Semarang,Organic Social,2025-12-06,26,1,253300,4,1,1,411,Potential Loyalist
CUST-1968,Dinda Utami,Medan,TikTok Ads,2025-09-01,122,1,250000,2,1,1,211,Lost
CUST-1969,Joko Hartono,Yogyakarta,TikTok Ads,2024-12-08,389,2,352450,1,2,1,121,Lost
CUST-1970,Doni Wibowo,semarang,Organic Social,2025-01-04,362,1,142800,1,1,1,111,Lost
CUST-1971,Dewi Suryadi,Depok,Instagram Ads,2025-12-25,7,10,2194400,5,5,4,554,Champions
CUST-1972,Joko Yulianti,Makassar,Instagram Ads,2025-11-05,57,2,345050,3,2,1,321,Needs Attention
CUST-1973,Cahya Firmansyah,bandung,Instagram Ads,2025-09-05,118,1,168000,2,1,1,211,Lost
CUST-1974,Maya Rahayu,Bandar Lampung,Organic Social,2024-08-31,488,6,2284600,1,4,4,144,Loyal
CUST-1975,Umar Hidayat,Bandung,Instagram Ads,2025-12-28,4,7,1319700,5,4,3,543,Champions
CUST-1976,Zaki Anggraini,Bandung,Organic Social,2024-04-28,613,2,633000,1,2,2,122,Lost
CUST-1977,Doni Darmawan,Solo,TikTok Ads,2025-10-05,88,2,171000,3,2,1,321,Needs Attention
CUST-1978,Tono Kusuma,Pekanbaru,Google Search,2025-09-15,108,5,2365500,3,3,4,334,Needs Attention
CUST-1979,Zaki Halim,Bandung,TikTok Ads,2025-10-08,85,4,2076900,3,3,4,334,Needs Attention
CUST-1980,Ayu Kusuma,Tangerang,TikTok Ads,2025-11-11,51,8,1903900,3,4,4,344,Loyal
CUST-1981,Laras Wijaya,Bogor,Organic Social,2025-06-25,190,3,355850,2,2,1,221,Lost
CUST-1982,Gita Rahayu,Jakarta,Instagram Ads,2025-05-31,215,2,495000,2,2,2,222,Lost
CUST-1983,Bayu Lestari,Tangerang,Referral,2024-12-26,371,4,759000,1,3,2,132,At-Risk
CUST-1984,Ayu Cahyani,Yogyakarta,Instagram Ads,2025-12-09,23,9,2401750,4,5,4,454,Champions
CUST-1985,Guntur Hidayat,Bogor,Instagram Ads,2025-11-06,56,8,1981500,3,4,4,344,Loyal
CUST-1986,Oki Suryadi,Jakarta,Instagram Ads,2025-12-24,8,6,979450,5,4,3,543,Champions
CUST-1987,Vina Wibowo,Jakarta,Referral,2025-02-08,327,1,460000,1,1,2,112,Lost
CUST-1988,Sinta Cahyani,Denpasar,Referral,2025-10-30,63,5,949600,3,3,3,333,Needs Attention
CUST-1989,Mega Suryadi,Semarang,Instagram Ads,2024-10-09,449,2,238000,1,2,1,121,Lost
CUST-1990,Kartika Wibowo,Tangerang,Instagram Ads,2025-12-23,9,11,2983150,5,5,5,555,Champions
CUST-1991,Kartika Prakoso,Semarang,Instagram Ads,2025-08-11,143,3,464300,2,2,2,222,Lost
CUST-1992,Reza Permana,Makassar,TikTok Ads,2025-03-21,286,2,563400,1,2,2,122,Lost
CUST-1993,Cindy Wibowo,Surabaya,Organic Social,2025-04-29,247,1,165000,1,1,1,111,Lost
CUST-1994,Umar Prakoso,Bekasi,Referral,2025-12-01,31,10,2635500,4,5,5,455,Champions
CUST-1995,Oki Purnama,Jakarta,Organic Social,2025-12-04,28,10,2003250,4,5,4,454,Champions
CUST-1996,Erik Kusuma,Bogor,Organic Social,2025-10-30,63,1,414000,3,1,2,312,Needs Attention
CUST-1997,Nadia Darmawan,Jakarta,Instagram Ads,2025-12-14,18,10,2770400,5,5,5,555,Champions
CUST-1998,Farah Utami,Yogyakarta,Instagram Ads,2025-12-15,17,11,2995800,5,5,5,555,Champions
CUST-1999,Adit Hidayat,Jakarta,Marketplace,,,0,0,,,,,Never Purchased
CUST-2000,Zaki Saputra,Bandung,Google Search,2025-05-26,220,2,220000,2,2,1,221,Lost
CUST-2001,Umar Darmawan,Balikpapan,Instagram Ads,2025-12-27,5,5,2568900,5,3,5,535,Potential Loyalist
CUST-2002,Hana Kurniawan,Jakarta,Google Search,2025-12-26,6,12,5892550,5,5,5,555,Champions
CUST-2003,Hana Santoso,pekanbaru,Referral,2025-05-19,227,2,566000,2,2,2,222,Lost
CUST-2004,Ulfa Purnama,Yogyakarta,TikTok Ads,2025-12-05,27,3,588250,4,2,2,422,Potential Loyalist
CUST-2005,Bagus Wijaya,tangerang,TikTok Ads,2025-11-18,44,10,3332550,4,5,5,455,Champions
CUST-2006,Cindy Ramadhan,Bogor,Instagram Ads,2025-08-18,136,5,1712050,2,3,4,234,At-Risk
CUST-2007,Cahya Hidayat,Bekasi,Instagram Ads,2025-03-10,297,5,3509450,1,3,5,135,At-Risk
CUST-2008,Reza Wijaya,Bandung,Organic Social,2025-12-02,30,11,3931800,4,5,5,455,Champions
CUST-2009,Oki Cahyani,Bogor,Organic Social,2025-11-06,56,5,1541750,3,3,4,334,Needs Attention
CUST-2010,Faisal Setiawan,Jakarta,Instagram Ads,2025-10-12,81,2,471250,3,2,2,322,Needs Attention
CUST-2011,Yoga Firmansyah,Denpasar,TikTok Ads,2025-06-08,207,1,115200,2,1,1,211,Lost
CUST-2012,Joko Prakoso,Jakarta,Referral,2025-12-15,17,5,1393000,5,3,3,533,Potential Loyalist
CUST-2013,Rangga Marliana,Palembang,Instagram Ads,2025-07-08,177,1,145000,2,1,1,211,Lost
CUST-2014,Kartika Marliana,Bandar Lampung,Instagram Ads,2025-12-27,5,8,1821950,5,4,4,544,Champions
CUST-2015,Yoga Kusuma,Semarang,Organic Social,2025-12-02,30,9,2294450,4,5,4,454,Champions
CUST-2016,Bayu Marliana,Medan,Instagram Ads,2025-08-26,128,2,452000,2,2,2,222,Lost
CUST-2017,Kevin Setiawan,Yogyakarta,Google Search,2024-04-10,631,1,675000,1,1,2,112,Lost
CUST-2018,Hana Lestari,Jakarta,Referral,2025-07-19,166,3,722400,2,2,2,222,Lost
CUST-2019,Ayu Utami,Depok,Google Search,2025-11-16,46,5,1486700,4,3,4,434,Potential Loyalist
CUST-2020,Erik Cahyani,Bekasi,Organic Social,2025-08-10,144,5,1383500,2,3,3,233,At-Risk
CUST-2021,Galih Halim,Jakarta,Marketplace,2025-07-14,171,8,2000750,2,4,4,244,Loyal
CUST-2022,Nanda Setiawan,Tangerang,Google Search,2025-01-20,346,2,930000,1,2,3,123,Lost
CUST-2023,Nanda Kusuma,Pekanbaru,Organic Social,2025-12-08,24,3,1673450,4,2,4,424,Potential Loyalist
CUST-2024,Yuni Ramadhan,Denpasar,TikTok Ads,2025-07-08,177,3,560100,2,2,2,222,Lost
CUST-2025,Citra Hartono,Tangerang,Google Search,,,0,0,,,,,Never Purchased
CUST-2026,Yuni Pratama,Yogyakarta,Instagram Ads,2024-04-03,638,2,176500,1,2,1,121,Lost
CUST-2027,Ulfa Purnama,Yogyakarta,Google Search,2025-03-14,293,1,135000,1,1,1,111,Lost
CUST-2028,Galih Darmawan,Bandung,Marketplace,2025-07-26,159,1,89000,2,1,1,211,Lost
CUST-2029,Vero Firmansyah,Yogyakarta,Marketplace,2025-11-20,42,7,1818500,4,4,4,444,Champions
CUST-2030,Umar Setiawan,Yogyakarta,Organic Social,2025-11-01,61,2,450750,3,2,2,322,Needs Attention
CUST-2031,Indra Purnama,Bogor,Organic Social,2024-12-15,382,1,236000,1,1,1,111,Lost
CUST-2032,Sari Cahyani,Bekasi,Google Search,2025-05-27,219,1,290000,2,1,1,211,Lost
CUST-2033,Hana Cahyani,Depok,TikTok Ads,,,0,0,,,,,Never Purchased
CUST-2034,Nadia Lestari,Jakarta,TikTok Ads,2025-10-11,82,2,259000,3,2,1,321,Needs Attention
CUST-2035,Rizky Darmawan,Denpasar,Referral,2025-05-21,225,1,468000,2,1,2,212,Lost
CUST-2036,Oki Lestari,Denpasar,Organic Social,2025-07-11,174,3,346100,2,2,1,221,Lost
CUST-2037,Jasmine Nugroho,Medan,Instagram Ads,2025-10-10,83,4,761750,3,3,2,332,Needs Attention
CUST-2038,Ulfa Maulana,Jakarta,Instagram Ads,2025-12-12,20,3,1044000,4,2,3,423,Potential Loyalist
CUST-2039,Cindy Hidayat,Semarang,TikTok Ads,2025-10-16,77,3,442000,3,2,2,322,Needs Attention
CUST-2040,Sinta Gunawan,Tangerang,TikTok Ads,2025-11-27,35,17,4675950,4,5,5,455,Champions
CUST-2041,Kartika Santoso,Semarang,Google Search,2025-11-05,57,1,60000,3,1,1,311,Needs Attention
CUST-2042,Rangga Suryadi,Denpasar,Instagram Ads,2025-04-08,268,4,1322150,1,3,3,133,At-Risk
CUST-2043,Oki Saputra,Depok,Instagram Ads,2025-04-13,263,2,630750,1,2,2,122,Lost
CUST-2044,Adit Nugroho,Jakarta,TikTok Ads,2025-11-18,44,4,518800,4,3,2,432,Potential Loyalist
CUST-2045,Jasmine Utami,Bandung,Organic Social,2025-05-23,223,1,105000,2,1,1,211,Lost
CUST-2046,Gita Kusuma,Depok,TikTok Ads,2025-10-23,70,1,244000,3,1,1,311,Needs Attention
CUST-2047,Indra Handoko,Makassar,TikTok Ads,2025-12-10,22,1,330000,4,1,1,411,Potential Loyalist
CUST-2048,Putri Firmansyah,Malang,Referral,2025-12-26,6,2,384100,5,2,2,522,Potential Loyalist
CUST-2049,Dewi Darmawan,Unknown,TikTok Ads,2025-05-29,217,2,705000,2,2,2,222,Lost
CUST-2050,Zaki Wibowo,Malang,TikTok Ads,2025-11-14,48,6,1325200,4,4,3,443,Champions
CUST-2051,Beni Rahayu,Bogor,Organic Social,2025-09-23,100,2,572600,3,2,2,322,Needs Attention
CUST-2052,Anwar Santoso,Denpasar,TikTok Ads,2025-11-22,40,5,1224200,4,3,3,433,Potential Loyalist
CUST-2053,Joko Darmawan,Jakarta,Google Search,2025-12-19,13,19,3524600,5,5,5,555,Champions
CUST-2054,Jasmine Lestari,Surabaya,TikTok Ads,2025-12-21,11,7,1969000,5,4,4,544,Champions
CUST-2055,Rizky Darmawan,Semarang,Organic Social,2025-12-07,25,5,1082500,4,3,3,433,Potential Loyalist
CUST-2056,Beni Purnama,Denpasar,Instagram Ads,2025-12-30,2,10,2455250,5,5,4,554,Champions
CUST-2057,Prita Santoso,Bandung,Instagram Ads,2025-12-01,31,3,362750,4,2,1,421,Potential Loyalist
CUST-2058,Vina Kurniawan,Bandung,Marketplace,2024-12-13,384,4,1411600,1,3,3,133,At-Risk
CUST-2059,Wawan Rahayu,Palembang,Referral,2025-12-25,7,1,168300,5,1,1,511,Potential Loyalist
CUST-2060,Hilda Yulianti,Bandung,Instagram Ads,2025-12-14,18,9,1391000,5,5,3,553,Champions
CUST-2061,Jihan Setiawan,Bekasi,TikTok Ads,2025-12-05,27,5,1059550,4,3,3,433,Potential Loyalist
CUST-2062,Hilda Permana,Depok,Google Search,2025-12-17,15,8,1659450,5,4,4,544,Champions
CUST-2063,Zaki Utami,jakarta,TikTok Ads,2025-06-19,196,5,1352000,2,3,3,233,At-Risk
CUST-2064,Nadia Santoso,Tangerang,Instagram Ads,2025-10-05,88,1,135000,3,1,1,311,Needs Attention
CUST-2065,Cahya Kurniawan,Balikpapan,Instagram Ads,2025-09-29,94,1,74100,3,1,1,311,Needs Attention
CUST-2066,Bayu Saputra,Yogyakarta,Instagram Ads,2025-12-27,5,3,825100,5,2,3,523,Potential Loyalist
CUST-2067,Vina Nugroho,Solo,Instagram Ads,2025-12-02,30,3,547400,4,2,2,422,Potential Loyalist
CUST-2068,Krisna Setiawan,Jakarta,Instagram Ads,2025-09-30,93,4,1549900,3,3,4,334,Needs Attention
CUST-2069,Adit Nugroho,Bekasi,TikTok Ads,2025-12-23,9,3,954750,5,2,3,523,Potential Loyalist
CUST-2070,Omar Hartono,Makassar,Google Search,2025-01-09,357,1,250000,1,1,1,111,Lost
CUST-2071,Krisna Purnama,Bandung,TikTok Ads,2025-10-17,76,1,330000,3,1,1,311,Needs Attention
CUST-2072,Kartika Santoso,Jakarta,Google Search,2024-10-19,439,1,235000,1,1,1,111,Lost
CUST-2073,Farah Maulana,Makassar,Instagram Ads,2024-11-24,403,1,92000,1,1,1,111,Lost
CUST-2074,Adit Utami,Yogyakarta,Referral,2025-11-09,53,2,234400,3,2,1,321,Needs Attention
CUST-2075,Fajar Maulana,Surabaya,Referral,2025-03-26,281,1,198000,1,1,1,111,Lost
CUST-2076,Jihan Darmawan,Surabaya,Instagram Ads,2025-09-07,116,3,533600,2,2,2,222,Lost
CUST-2077,Bagus Suryadi,Malang,TikTok Ads,2025-08-03,151,2,277000,2,2,1,221,Lost
CUST-2078,Eka Hartono,Surabaya,Organic Social,2025-12-07,25,2,244750,4,2,1,421,Potential Loyalist
CUST-2079,Yuni Wibowo,Denpasar,Instagram Ads,2025-03-29,278,2,385000,1,2,2,122,Lost
CUST-2080,Taufik Kurniawan,Tangerang,Google Search,2025-12-23,9,12,3019750,5,5,5,555,Champions
CUST-2081,Laras Gunawan,Denpasar,TikTok Ads,2025-03-06,301,1,243000,1,1,1,111,Lost
CUST-2082,Rangga Gunawan,Jakarta,Instagram Ads,2025-04-03,273,1,305100,1,1,1,111,Lost
CUST-2083,Mega Firmansyah,Surabaya,TikTok Ads,,,0,0,,,,,Never Purchased
CUST-2084,Zahra Utami,Semarang,Instagram Ads,2025-12-26,6,4,843500,5,3,3,533,Potential Loyalist
CUST-2085,Fajar Rahayu,Palembang,Marketplace,2025-06-14,201,2,621750,2,2,2,222,Lost
CUST-2086,Jasmine Kusuma,Yogyakarta,Instagram Ads,2025-07-23,162,5,1196500,2,3,3,233,At-Risk
CUST-2087,Laras Firmansyah,Bandung,Organic Social,2025-12-29,3,9,2215500,5,5,4,554,Champions
CUST-2088,Irfan Kusuma,Malang,Instagram Ads,2025-10-23,70,8,2439250,3,4,4,344,Loyal
CUST-2089,Gita Hidayat,Depok,Organic Social,2025-11-13,49,2,564000,4,2,2,422,Potential Loyalist
CUST-2090,Wulan Kusuma,Jakarta,Instagram Ads,2025-12-23,9,9,3741050,5,5,5,555,Champions
CUST-2091,Anwar Hidayat,bandar lampung,TikTok Ads,2025-12-17,15,5,1694450,5,3,4,534,Potential Loyalist
CUST-2092,Dewi Suryadi,Jakarta,Instagram Ads,2025-10-01,92,2,262000,3,2,1,321,Needs Attention
CUST-2093,Endah Kusuma,Jakarta,Referral,2025-08-10,144,3,711750,2,2,2,222,Lost
CUST-2094,Rizky Halim,Tangerang,Instagram Ads,2025-03-04,303,2,325000,1,2,1,121,Lost
CUST-2095,Wulan Wibowo,Yogyakarta,Organic Social,2025-12-07,25,3,548000,4,2,2,422,Potential Loyalist
CUST-2096,Erik Sukmawati,Yogyakarta,TikTok Ads,2025-05-31,215,2,376400,2,2,1,221,Lost
CUST-2097,Cindy Saputra,Bandung,Instagram Ads,2025-02-19,316,1,212400,1,1,1,111,Lost
CUST-2098,Umar Gunawan,Solo,Instagram Ads,2024-07-31,519,2,635000,1,2,2,122,Lost
CUST-2099,Joko Anggraini,Yogyakarta,Organic Social,2025-07-29,156,8,2475200,2,4,4,244,Loyal
CUST-2100,Joko Pratama,Depok,Marketplace,2025-11-04,58,2,447300,3,2,2,322,Needs Attention
CUST-2101,Zaki Marliana,Palembang,Instagram Ads,2025-12-07,25,6,2343500,4,4,4,444,Champions
CUST-2102,Kevin Nugroho,Jakarta,Instagram Ads,2025-12-10,22,10,1487900,4,5,4,454,Champions
CUST-2103,Eka Hartono,Jakarta,Instagram Ads,2025-12-17,15,15,5626500,5,5,5,555,Champions
CUST-2104,Wawan Saputra,Depok,TikTok Ads,2025-09-30,93,2,266000,3,2,1,321,Needs Attention
CUST-2105,Krisna Hidayat,Semarang,Instagram Ads,2025-12-17,15,9,2490150,5,5,4,554,Champions
CUST-2106,Cahya Hartono,Semarang,TikTok Ads,2025-07-30,155,2,118000,2,2,1,221,Lost
CUST-2107,Hana Marliana,Makassar,TikTok Ads,2025-02-08,327,4,722600,1,3,2,132,At-Risk
CUST-2108,Yoga Purnama,Yogyakarta,TikTok Ads,2025-12-10,22,2,590400,4,2,2,422,Potential Loyalist
CUST-2109,Vero Anggraini,Solo,Referral,2025-08-19,135,3,566800,2,2,2,222,Lost
CUST-2110,Rizky Hidayat,Makassar,TikTok Ads,2024-12-16,381,1,152000,1,1,1,111,Lost
CUST-2111,Laras Saputra,Jakarta,TikTok Ads,2025-04-21,255,2,250150,1,2,1,121,Lost
CUST-2112,Jasmine Saputra,Bogor,Instagram Ads,2024-02-08,693,1,354000,1,1,1,111,Lost
CUST-2113,Oki Anggraini,Jakarta,Marketplace,2025-07-06,179,5,1258500,2,3,3,233,At-Risk
CUST-2114,Irfan Lestari,Jakarta,Google Search,2025-12-06,26,3,494250,4,2,2,422,Potential Loyalist
CUST-2115,Krisna Marliana,Solo,Marketplace,2025-09-26,97,4,1416000,3,3,3,333,Needs Attention
CUST-2116,Vero Purnama,Bekasi,TikTok Ads,2025-12-29,3,8,3978000,5,4,5,545,Champions
CUST-2117,Sari Lestari,Bandung,Marketplace,2025-06-18,197,3,1153550,2,2,3,223,Lost
CUST-2118,Guntur Hidayat,Bandung,Instagram Ads,2025-09-06,117,2,452500,2,2,2,222,Lost
CUST-2119,Putri Anggraini,Jakarta,Marketplace,2025-12-14,18,22,6365500,5,5,5,555,Champions
CUST-2120,Bayu Purnama,Bandar Lampung,TikTok Ads,2025-12-22,10,6,3169200,5,4,5,545,Champions
CUST-2121,Vina Kurniawan,jakarta,Organic Social,2025-09-30,93,1,336300,3,1,1,311,Needs Attention
CUST-2122,Wawan Gunawan,Surabaya,Instagram Ads,2025-10-30,63,8,2150500,3,4,4,344,Loyal
CUST-2123,Ayu Maulana,Jakarta,Organic Social,2025-11-21,41,2,738000,4,2,2,422,Potential Loyalist
CUST-2124,Rizky Handoko,Bandung,Instagram Ads,2025-11-06,56,2,260500,3,2,1,321,Needs Attention
CUST-2125,Fajar Kurniawan,Jakarta,Marketplace,2025-02-23,312,3,995000,1,2,3,123,Lost
CUST-2126,Cindy Halim,Depok,Instagram Ads,2025-07-28,157,3,296000,2,2,1,221,Lost
CUST-2127,Irfan Permana,Bogor,TikTok Ads,2024-08-12,507,2,241000,1,2,1,121,Lost
CUST-2128,Dinda Kurniawan,Jakarta,Instagram Ads,2025-12-20,12,11,4440000,5,5,5,555,Champions
CUST-2129,Mega Permana,Jakarta,Google Search,,,0,0,,,,,Never Purchased
CUST-2130,Rangga Kusuma,Semarang,Google Search,2025-12-27,5,7,2611250,5,4,5,545,Champions
CUST-2131,Cindy Wibowo,Tangerang,Organic Social,2025-12-20,12,9,1493700,5,5,4,554,Champions
CUST-2132,Umar Permana,Denpasar,Google Search,2025-12-28,4,12,3951700,5,5,5,555,Champions
CUST-2133,Farah Permana,Unknown,Google Search,2025-09-01,122,7,1859000,2,4,4,244,Loyal
CUST-2134,Dewi Purnama,jakarta,Organic Social,2025-08-10,144,1,349000,2,1,1,211,Lost
CUST-2135,Anwar Lestari,Jakarta,Referral,2025-09-24,99,2,680000,3,2,2,322,Needs Attention
CUST-2136,Sinta Ramadhan,Medan,Google Search,2025-12-12,20,13,3244200,4,5,5,455,Champions
CUST-2137,Kartika Wibowo,Medan,Instagram Ads,2025-08-18,136,2,1088300,2,2,3,223,Lost
CUST-2138,Lukman Prakoso,Jakarta,TikTok Ads,2025-02-23,312,2,437000,1,2,2,122,Lost
CUST-2139,Dinda Lestari,Denpasar,Referral,2025-12-27,5,2,1207500,5,2,3,523,Potential Loyalist
CUST-2140,Ulfa Kusuma,Tangerang,Instagram Ads,2025-09-05,118,2,825000,2,2,3,223,Lost
CUST-2141,Wawan Halim,Bekasi,Instagram Ads,2025-10-31,62,9,2839000,3,5,5,355,Loyal
CUST-2142,Wulan Kusuma,Jakarta,TikTok Ads,2025-10-06,87,10,2165550,3,5,4,354,Loyal
CUST-2143,Wawan Pratama,Bekasi,Instagram Ads,2025-11-10,52,4,668400,3,3,2,332,Needs Attention
CUST-2144,Sinta Handoko,Bekasi,Referral,2025-06-05,210,2,686000,2,2,2,222,Lost
CUST-2145,Omar Kurniawan,Semarang,Google Search,2025-11-26,36,14,4578050,4,5,5,455,Champions
CUST-2146,Tono Setiawan,Surabaya,Marketplace,2025-09-24,99,5,864300,3,3,3,333,Needs Attention
CUST-2147,Beni Santoso,Yogyakarta,TikTok Ads,2025-07-12,173,5,2180100,2,3,4,234,At-Risk
CUST-2148,Kevin Lestari,Malang,Organic Social,2025-09-14,109,2,226300,2,2,1,221,Lost
CUST-2149,Dinda Utami,Jakarta,Google Search,2025-12-16,16,7,1866150,5,4,4,544,Champions
CUST-2150,Oki Prakoso,Medan,TikTok Ads,2024-11-10,417,1,253300,1,1,1,111,Lost
CUST-2151,Sari Setiawan,Surabaya,Organic Social,2025-11-07,55,8,2025250,3,4,4,344,Loyal
CUST-2152,Prita Yulianti,Semarang,TikTok Ads,2025-12-05,27,6,1326300,4,4,3,443,Champions
CUST-2153,Sinta Setiawan,Medan,Instagram Ads,,,0,0,,,,,Never Purchased
CUST-2154,Wawan Kusuma,Jakarta,TikTok Ads,2025-02-26,309,2,1064000,1,2,3,123,Lost
CUST-2155,Faisal Pratama,Jakarta,Instagram Ads,2025-11-12,50,1,126000,4,1,1,411,Potential Loyalist
CUST-2156,Bayu Kusuma,Bandar Lampung,Marketplace,2025-02-21,314,5,1978100,1,3,4,134,At-Risk
CUST-2157,Umar Setiawan,Jakarta,Referral,2025-12-11,21,22,7611750,4,5,5,455,Champions
CUST-2158,Adit Utami,Makassar,Instagram Ads,2025-07-02,183,9,3533050,2,5,5,255,Loyal
CUST-2159,Wawan Nugroho,Bekasi,TikTok Ads,2025-04-15,261,9,4696400,1,5,5,155,Loyal
CUST-2160,Omar Hidayat,bogor,Organic Social,2025-08-13,141,2,484000,2,2,2,222,Lost
CUST-2161,Jihan Hidayat,Surabaya,Referral,2025-04-17,259,7,2348650,1,4,4,144,Loyal
CUST-2162,Kartika Rahayu,Unknown,Organic Social,2025-08-21,133,2,600000,2,2,2,222,Lost
CUST-2163,Bagus Lestari,Semarang,Organic Social,2025-12-16,16,6,2374750,5,4,4,544,Champions
CUST-2164,Ayu Saputra,Depok,Instagram Ads,2025-11-17,45,5,948400,4,3,3,433,Potential Loyalist
CUST-2165,Yoga Utami,Makassar,Organic Social,2025-12-26,6,8,2246850,5,4,4,544,Champions
CUST-2166,Reza Gunawan,Bandar Lampung,Instagram Ads,2025-07-12,173,4,1321500,2,3,3,233,At-Risk
CUST-2167,Sinta Kurniawan,Jakarta,TikTok Ads,2025-06-28,187,3,1671000,2,2,4,224,Lost
CUST-2168,Erik Nugroho,Bandung,Google Search,2025-09-27,96,2,497250,3,2,2,322,Needs Attention
CUST-2169,Krisna Sukmawati,Medan,Referral,2025-09-14,109,3,856100,2,2,3,223,Lost
CUST-2170,Umar Setiawan,Jakarta,Organic Social,2024-07-26,524,2,1696500,1,2,4,124,Lost
CUST-2171,Indra Cahyani,Bandung,Instagram Ads,2025-11-02,60,7,1634000,3,4,4,344,Loyal
CUST-2172,Ivan Gunawan,surabaya,Instagram Ads,2025-11-05,57,12,2788950,3,5,5,355,Loyal
CUST-2173,Vina Kusuma,Bandung,Referral,2025-11-23,39,17,5074150,4,5,5,455,Champions
CUST-2174,Gita Hidayat,Malang,Referral,2025-12-25,7,5,1270500,5,3,3,533,Potential Loyalist
CUST-2175,Fajar Utami,Bandung,Instagram Ads,2025-07-29,156,3,1843900,2,2,4,224,Lost
CUST-2176,Krisna Kurniawan,Bandung,Google Search,2025-12-30,2,5,3090800,5,3,5,535,Potential Loyalist
CUST-2177,Irfan Wibowo,Denpasar,Referral,2025-06-26,189,5,2464000,2,3,4,234,At-Risk
CUST-2178,Dewi Halim,Jakarta,Instagram Ads,2024-12-27,370,1,1250000,1,1,3,113,Lost
CUST-2179,Cahya Gunawan,Pekanbaru,TikTok Ads,2025-11-03,59,1,302400,3,1,1,311,Needs Attention
CUST-2180,Putri Santoso,Jakarta,TikTok Ads,2025-11-07,55,11,2944950,3,5,5,355,Loyal
CUST-2181,Bagus Suryadi,Jakarta,Instagram Ads,2025-12-24,8,9,1749400,5,5,4,554,Champions
CUST-2182,Hesti Utami,Tangerang,Marketplace,2025-09-10,113,8,1683000,2,4,4,244,Loyal
CUST-2183,Anwar Prakoso,Jakarta,Instagram Ads,2025-12-12,20,5,1644500,4,3,4,434,Potential Loyalist
CUST-2184,Maya Prakoso,Semarang,TikTok Ads,2025-09-01,122,8,1510500,2,4,4,244,Loyal
CUST-2185,Tono Hidayat,Bandung,Instagram Ads,2025-12-04,28,11,3513650,4,5,5,455,Champions
CUST-2186,Galih Pratama,Bogor,Marketplace,2025-08-13,141,10,2214350,2,5,4,254,Loyal
CUST-2187,Lukman Prakoso,Surabaya,Google Search,2025-07-11,174,1,405000,2,1,2,212,Lost
CUST-2188,Putri Sukmawati,Jakarta,Instagram Ads,2025-03-09,298,2,823000,1,2,3,123,Lost
CUST-2189,Hana Purnama,Jakarta,Instagram Ads,2025-03-07,300,2,320000,1,2,1,121,Lost
CUST-2190,Wawan Saputra,Jakarta,TikTok Ads,2025-07-10,175,1,356000,2,1,1,211,Lost
CUST-2191,Rizky Ramadhan,Jakarta,TikTok Ads,2025-10-28,65,19,4516650,3,5,5,355,Loyal
CUST-2192,Yuni Saputra,Bandung,Organic Social,2025-11-30,32,1,267300,4,1,1,411,Potential Loyalist
CUST-2193,Rangga Pratama,Bogor,TikTok Ads,2025-09-19,104,2,856500,3,2,3,323,Needs Attention
CUST-2194,Bayu Nugroho,Jakarta,Organic Social,2025-06-05,210,5,565750,2,3,2,232,At-Risk
CUST-2195,Beni Darmawan,Jakarta,TikTok Ads,2025-07-03,182,2,484000,2,2,2,222,Lost
CUST-2196,Ulfa Handoko,Medan,Instagram Ads,2025-10-03,90,2,1330000,3,2,3,323,Needs Attention
CUST-2197,Irfan Halim,Yogyakarta,Instagram Ads,2024-12-30,367,1,497250,1,1,2,112,Lost
CUST-2198,Kevin Halim,Jakarta,Instagram Ads,2025-11-27,35,3,674250,4,3,2,432,Potential Loyalist
CUST-2199,Sinta Rahayu,Tangerang,Organic Social,2025-12-04,28,4,787250,4,3,2,432,Potential Loyalist
CUST-2200,Tono Hidayat,Bekasi,Organic Social,2025-10-04,89,2,433000,3,2,2,322,Needs Attention
CUST-2201,Ivan Kurniawan,Bekasi,Instagram Ads,2025-12-31,1,6,1808100,5,4,4,544,Champions
CUST-2202,Ulfa Darmawan,Yogyakarta,Google Search,2025-12-26,6,3,525000,5,3,2,532,Potential Loyalist
CUST-2203,Umar Sukmawati,Medan,Referral,2024-04-14,627,1,76500,1,1,1,111,Lost
CUST-2204,Erik Hartono,Bandung,Google Search,2025-06-27,188,3,1601000,2,3,4,234,At-Risk
CUST-2205,Vina Wijaya,Surabaya,Organic Social,2025-09-21,102,17,3507650,3,5,5,355,Loyal
CUST-2206,Krisna Pratama,Surabaya,Referral,2025-05-15,231,2,687900,2,2,2,222,Lost
CUST-2207,Bayu Setiawan,Jakarta,Marketplace,2024-08-27,492,1,425000,1,1,2,112,Lost
CUST-2208,Nanda Saputra,Jakarta,TikTok Ads,2025-12-09,23,2,593000,4,2,2,422,Potential Loyalist
CUST-2209,Sari Firmansyah,Jakarta,Google Search,2025-07-14,171,2,168200,2,2,1,221,Lost
CUST-2210,Fajar Yulianti,Yogyakarta,Instagram Ads,2025-12-14,18,8,1451300,5,4,3,543,Champions
CUST-2211,Kartika Ramadhan,Medan,Referral,2025-11-16,46,5,954000,4,3,3,433,Potential Loyalist
CUST-2212,Hilda Lestari,Tangerang,Instagram Ads,2025-09-16,107,5,921550,3,3,3,333,Needs Attention
CUST-2213,Ulfa Gunawan,Unknown,Marketplace,2024-11-20,407,2,390500,1,2,2,122,Lost
CUST-2214,Prita Purnama,Bekasi,Instagram Ads,2025-12-12,20,8,2280600,4,4,4,444,Champions
CUST-2215,Wulan Kusuma,Bandung,Instagram Ads,2025-07-30,155,5,1092400,2,3,3,233,At-Risk
CUST-2216,Oki Hartono,Jakarta,Instagram Ads,2025-10-09,84,10,3906950,3,5,5,355,Loyal
CUST-2217,Umar Prakoso,Jakarta,Referral,2025-10-18,75,17,4140050,3,5,5,355,Loyal
CUST-2218,Adit Kusuma,Jakarta,TikTok Ads,2025-06-13,202,4,816550,2,3,3,233,At-Risk
CUST-2219,Eka Halim,Semarang,TikTok Ads,2025-12-17,15,2,390550,5,2,2,522,Potential Loyalist
CUST-2220,Hilda Ramadhan,Surabaya,TikTok Ads,2025-09-26,97,7,2316000,3,4,4,344,Loyal
CUST-2221,Nadia Setiawan,Palembang,Google Search,2025-09-17,106,1,192000,3,1,1,311,Needs Attention
CUST-2222,Doni Hidayat,Jakarta,TikTok Ads,2025-12-22,10,10,3383700,5,5,5,555,Champions
CUST-2223,Jihan Anggraini,Medan,Marketplace,2025-04-15,261,4,1144200,1,3,3,133,At-Risk
CUST-2224,Oki Sukmawati,Malang,Referral,2025-09-03,120,15,4240450,2,5,5,255,Loyal
CUST-2225,Mega Cahyani,Pekanbaru,Referral,2025-12-26,6,21,5643000,5,5,5,555,Champions
CUST-2226,Putri Kurniawan,Jakarta,Instagram Ads,2025-09-17,106,6,1864050,3,4,4,344,Loyal
CUST-2227,Fajar Lestari,Bogor,TikTok Ads,2025-11-12,50,5,1733250,4,3,4,434,Potential Loyalist
CUST-2228,Cindy Maulana,Jakarta,TikTok Ads,2025-09-22,101,6,2054000,3,4,4,344,Loyal
CUST-2229,Fajar Rahayu,Bogor,Instagram Ads,2025-11-01,61,11,4364900,3,5,5,355,Loyal
CUST-2230,Zahra Lestari,surabaya,TikTok Ads,2025-12-09,23,1,70200,4,1,1,411,Potential Loyalist
CUST-2231,Bagus Darmawan,Denpasar,Google Search,2025-01-22,344,1,339000,1,1,1,111,Lost
CUST-2232,Cahya Firmansyah,Jakarta,Google Search,2025-04-11,265,5,1658000,1,3,4,134,At-Risk
CUST-2233,Beni Marliana,Jakarta,TikTok Ads,2024-03-13,659,2,626000,1,2,2,122,Lost
CUST-2234,Taufik Nugroho,Surabaya,Organic Social,2025-02-21,314,4,1056200,1,3,3,133,At-Risk
CUST-2235,Jihan Prakoso,Yogyakarta,Instagram Ads,2024-03-07,665,1,420750,1,1,2,112,Lost
CUST-2236,Anwar Santoso,denpasar,Instagram Ads,2025-09-26,97,3,578150,3,3,2,332,Needs Attention
CUST-2237,Rizky Suryadi,Bogor,Instagram Ads,2024-01-21,711,1,50000,1,1,1,111,Lost
CUST-2238,Rangga Marliana,Surabaya,Instagram Ads,2025-12-11,21,1,302600,4,1,1,411,Potential Loyalist
CUST-2239,Ivan Halim,Bandung,TikTok Ads,2025-12-13,19,4,717750,5,3,2,532,Potential Loyalist
CUST-2240,Oki Lestari,Medan,TikTok Ads,2025-09-27,96,1,495000,3,1,2,312,Needs Attention
CUST-2241,Wulan Wijaya,Jakarta,Google Search,2025-10-02,91,4,714000,3,3,2,332,Needs Attention
CUST-2242,Nadia Handoko,Jakarta,Google Search,2025-12-10,22,2,447600,4,2,2,422,Potential Loyalist
CUST-2243,Anwar Firmansyah,yogyakarta,Marketplace,2025-11-23,39,5,1633300,4,3,4,434,Potential Loyalist
CUST-2244,Cahya Wijaya,Bogor,Marketplace,2025-10-27,66,2,344300,3,2,1,321,Needs Attention
CUST-2245,Jasmine Rahayu,Malang,Referral,2025-11-28,34,11,5186900,4,5,5,455,Champions
CUST-2246,Faisal Suryadi,Bandung,Organic Social,2025-07-14,171,2,504750,2,2,2,222,Lost
CUST-2247,Reza Santoso,Bandung,TikTok Ads,2025-06-09,206,1,369750,2,1,1,211,Lost
CUST-2248,Tono Sukmawati,jakarta,Instagram Ads,2025-12-16,16,8,2817000,5,4,5,545,Champions
CUST-2249,Hilda Maulana,Medan,Referral,2025-05-08,238,1,110000,1,1,1,111,Lost
CUST-2250,Anwar Hidayat,Jakarta,Instagram Ads,2025-10-06,87,2,656000,3,2,2,322,Needs Attention
CUST-2251,Yuni Darmawan,Malang,TikTok Ads,2025-04-23,253,2,685000,1,2,2,122,Lost
CUST-2252,Taufik Gunawan,Bandung,TikTok Ads,2024-10-22,436,2,321000,1,2,1,121,Lost
CUST-2253,Fajar Suryadi,Denpasar,TikTok Ads,2024-02-21,680,1,349000,1,1,1,111,Lost
CUST-2254,Dinda Rahayu,Surabaya,TikTok Ads,2025-10-27,66,2,837000,3,2,3,323,Needs Attention
CUST-2255,Ulfa Rahayu,Bandar Lampung,TikTok Ads,2025-03-18,289,2,405800,1,2,2,122,Lost
CUST-2256,Erik Cahyani,Bogor,Instagram Ads,2025-12-03,29,3,1192600,4,3,3,433,Potential Loyalist
CUST-2257,Farah Permana,Denpasar,Instagram Ads,2025-08-21,133,2,267000,2,2,1,221,Lost
CUST-2258,Erik Rahayu,Bandar Lampung,Instagram Ads,2025-11-27,35,3,679850,4,3,2,432,Potential Loyalist
CUST-2259,Cahya Nugroho,Bandung,Instagram Ads,2025-11-03,59,5,873800,3,3,3,333,Needs Attention
CUST-2260,Hana Setiawan,Tangerang,Instagram Ads,2025-09-21,102,10,2894200,3,5,5,355,Loyal
CUST-2261,Galih Saputra,Solo,Instagram Ads,2025-10-25,68,11,2422650,3,5,4,354,Loyal
CUST-2262,Wulan Santoso,Makassar,Marketplace,2025-12-24,8,10,3813350,5,5,5,555,Champions
CUST-2263,Gita Anggraini,Bandar Lampung,Marketplace,2025-12-29,3,19,4140000,5,5,5,555,Champions
CUST-2264,Adit Kurniawan,Bogor,Instagram Ads,2025-12-17,15,11,3147650,5,5,5,555,Champions
CUST-2265,Hana Setiawan,Depok,Instagram Ads,2025-12-30,2,10,4064100,5,5,5,555,Champions
CUST-2266,Prita Cahyani,Medan,TikTok Ads,2025-06-23,192,3,808950,2,3,2,232,At-Risk
CUST-2267,Hilda Hartono,Tangerang,Referral,2025-10-30,63,14,6000550,3,5,5,355,Loyal
CUST-2268,Nadia Santoso,Surabaya,Organic Social,2024-10-08,450,1,889950,1,1,3,113,Lost
CUST-2269,Oki Wibowo,Malang,TikTok Ads,2025-12-29,3,2,151200,5,2,1,521,Potential Loyalist
CUST-2270,Maya Kusuma,Bandung,Organic Social,2025-12-30,2,9,4104600,5,5,5,555,Champions
CUST-2271,Putri Anggraini,Jakarta,Instagram Ads,2024-09-12,476,1,130000,1,1,1,111,Lost
CUST-2272,Farah Sukmawati,Bandung,Instagram Ads,2025-10-01,92,10,2356650,3,5,4,354,Loyal
CUST-2273,Prita Pratama,Semarang,Organic Social,2025-10-25,68,6,1093350,3,4,3,343,Loyal
CUST-2274,Beni Sukmawati,Bandung,Instagram Ads,2025-03-17,290,1,78000,1,1,1,111,Lost
CUST-2275,Bagus Wijaya,Tangerang,Marketplace,2025-10-28,65,10,3065350,3,5,5,355,Loyal
CUST-2276,Ayu Marliana,Unknown,Google Search,2025-12-20,12,4,1380450,5,3,3,533,Potential Loyalist
CUST-2277,Vina Sukmawati,Depok,Instagram Ads,2025-05-17,229,3,362000,2,3,1,231,At-Risk
CUST-2278,Dinda Maulana,Pekanbaru,TikTok Ads,2025-11-17,45,3,900700,4,3,3,433,Potential Loyalist
CUST-2279,Citra Darmawan,Jakarta,Google Search,2025-12-27,5,7,4066500,5,4,5,545,Champions
CUST-2280,Yoga Wijaya,Palembang,Instagram Ads,2025-02-22,313,1,364800,1,1,1,111,Lost
CUST-2281,Anwar Saputra,Bandung,TikTok Ads,2025-11-22,40,8,1596900,4,4,4,444,Champions
CUST-2282,Cindy Saputra,Jakarta,Instagram Ads,2025-08-08,146,1,60000,2,1,1,211,Lost
CUST-2283,Ulfa Cahyani,Unknown,Instagram Ads,2025-05-05,241,2,627800,1,2,2,122,Lost
CUST-2284,Eka Yulianti,Depok,Instagram Ads,2025-11-19,43,4,1499500,4,3,4,434,Potential Loyalist
CUST-2285,Mega Yulianti,Medan,Instagram Ads,2025-11-17,45,17,3860300,4,5,5,455,Champions
CUST-2286,Omar Purnama,Bekasi,Organic Social,2025-12-15,17,3,634150,5,3,2,532,Potential Loyalist
CUST-2287,Nadia Sukmawati,Unknown,Referral,2025-11-12,50,7,3348250,4,4,5,445,Champions
CUST-2288,Jihan Yulianti,Denpasar,TikTok Ads,2025-09-16,107,3,1684750,3,3,4,334,Needs Attention
CUST-2289,Tono Pratama,Surabaya,Organic Social,2025-11-12,50,2,1057100,4,2,3,423,Potential Loyalist
CUST-2290,Hilda Saputra,Malang,Instagram Ads,2025-12-03,29,8,1630550,4,4,4,444,Champions
CUST-2291,Citra Wibowo,Unknown,Google Search,2025-12-29,3,5,1213350,5,3,3,533,Potential Loyalist
CUST-2292,Krisna Suryadi,Balikpapan,Instagram Ads,2025-03-06,301,2,335100,1,2,1,121,Lost
CUST-2293,Lukman Sukmawati,Makassar,Instagram Ads,2025-11-29,33,10,2687150,4,5,5,455,Champions
CUST-2294,Sinta Hartono,medan,Marketplace,2025-11-23,39,5,1193500,4,3,3,433,Potential Loyalist
CUST-2295,Erik Prakoso,Denpasar,Marketplace,2025-11-20,42,5,1045000,4,3,3,433,Potential Loyalist
CUST-2296,Joko Marliana,Bogor,Referral,2025-08-29,125,1,47600,2,1,1,211,Lost
CUST-2297,Joko Wibowo,Makassar,Google Search,2025-12-27,5,11,2956350,5,5,5,555,Champions
CUST-2298,Krisna Wibowo,Surabaya,Google Search,2024-05-18,593,1,89000,1,1,1,111,Lost
CUST-2299,Faisal Yulianti,Bandung,TikTok Ads,2024-04-12,629,1,630000,1,1,2,112,Lost
CUST-2300,Laras Lestari,Denpasar,Marketplace,2025-11-30,32,2,537750,4,2,2,422,Potential Loyalist
CUST-2301,Jihan Halim,Bekasi,Instagram Ads,2024-09-15,473,2,750000,1,2,2,122,Lost
CUST-2302,Cindy Handoko,Depok,Instagram Ads,2025-12-08,24,7,2042150,4,4,4,444,Champions
CUST-2303,Farah Rahayu,Balikpapan,TikTok Ads,2025-06-14,201,2,417750,2,2,2,222,Lost
CUST-2304,Zahra Wibowo,surabaya,TikTok Ads,2024-12-25,372,1,72000,1,1,1,111,Lost
CUST-2305,Dinda Handoko,Jakarta,Instagram Ads,2025-01-11,355,4,867150,1,3,3,133,At-Risk
CUST-2306,Fajar Permana,Pekanbaru,Google Search,2025-10-31,62,10,2070700,3,5,4,354,Loyal
CUST-2307,Guntur Firmansyah,Jakarta,TikTok Ads,2025-10-17,76,9,2351100,3,5,4,354,Loyal
CUST-2308,Wulan Gunawan,Malang,Instagram Ads,2025-10-05,88,2,552600,3,2,2,322,Needs Attention
CUST-2309,Tono Wibowo,Bandung,Instagram Ads,2025-11-12,50,3,2191950,4,3,4,434,Potential Loyalist
CUST-2310,Guntur Maulana,Tangerang,Referral,2025-10-18,75,4,1057600,3,3,3,333,Needs Attention
CUST-2311,Guntur Suryadi,Medan,Referral,2024-11-07,420,1,99000,1,1,1,111,Lost
CUST-2312,Kevin Hartono,Bogor,Instagram Ads,2025-04-06,270,3,576050,1,3,2,132,At-Risk
CUST-2313,Rangga Santoso,Bekasi,Marketplace,2025-12-11,21,11,3139000,4,5,5,455,Champions
CUST-2314,Vina Gunawan,Jakarta,Referral,2025-12-30,2,14,3397200,5,5,5,555,Champions
CUST-2315,Jihan Kurniawan,Jakarta,Instagram Ads,2025-06-20,195,2,601000,2,2,2,222,Lost
CUST-2316,Adit Wibowo,Jakarta,Instagram Ads,2025-11-10,52,6,1138800,3,4,3,343,Loyal
CUST-2317,Endah Suryadi,Bekasi,TikTok Ads,2025-03-08,299,3,1216000,1,3,3,133,At-Risk
CUST-2318,Irfan Ramadhan,Solo,TikTok Ads,2024-11-03,424,2,435000,1,2,2,122,Lost
CUST-2319,Vina Wijaya,Bandung,Instagram Ads,2025-08-31,123,8,2574000,2,4,5,245,Loyal
CUST-2320,Sari Permana,Surabaya,Marketplace,2025-11-29,33,1,504000,4,1,2,412,Potential Loyalist
CUST-2321,Faisal Setiawan,Jakarta,Instagram Ads,2025-03-03,304,2,598000,1,2,2,122,Lost
CUST-2322,Kartika Kurniawan,Jakarta,Instagram Ads,2025-12-14,18,11,2604300,5,5,5,555,Champions
CUST-2323,Mega Setiawan,Jakarta,Organic Social,2025-12-18,14,17,5501700,5,5,5,555,Champions
CUST-2324,Jihan Lestari,Jakarta,Referral,2025-11-02,60,1,329400,3,1,1,311,Needs Attention
CUST-2325,Oki Handoko,Yogyakarta,Organic Social,2025-10-30,63,10,2907350,3,5,5,355,Loyal
CUST-2326,Vina Maulana,Bandung,Instagram Ads,2025-07-09,176,3,724000,2,3,2,232,At-Risk
CUST-2327,Ulfa Purnama,Jakarta,TikTok Ads,2025-08-21,133,2,294000,2,2,1,221,Lost
CUST-2328,Ulfa Wijaya,Makassar,TikTok Ads,2025-12-11,21,4,771600,4,3,2,432,Potential Loyalist
CUST-2329,Joko Handoko,Pekanbaru,Organic Social,2025-08-08,146,6,1068500,2,4,3,243,Loyal
CUST-2330,Erik Kusuma,Surabaya,Instagram Ads,,,0,0,,,,,Never Purchased
CUST-2331,Taufik Handoko,Makassar,Google Search,2025-12-13,19,20,6349300,5,5,5,555,Champions
CUST-2332,Taufik Hidayat,Jakarta,TikTok Ads,2025-11-22,40,17,2476350,4,5,4,454,Champions
CUST-2333,Eka Purnama,Jakarta,Instagram Ads,2025-12-01,31,13,2343550,4,5,4,454,Champions
CUST-2334,Jihan Darmawan,Medan,Referral,2025-04-22,254,2,346750,1,2,1,121,Lost
CUST-2335,Kartika Halim,Jakarta,Organic Social,2025-12-27,5,6,2322800,5,4,4,544,Champions
CUST-2336,Oki Ramadhan,Jakarta,Organic Social,2025-11-18,44,6,1315800,4,4,3,443,Champions
CUST-2337,Umar Marliana,Surabaya,Google Search,2025-11-15,47,9,1872100,4,5,4,454,Champions
CUST-2338,Tono Gunawan,Bogor,TikTok Ads,2025-12-31,1,11,3722550,5,5,5,555,Champions
CUST-2339,Ulfa Firmansyah,Semarang,TikTok Ads,2025-10-23,70,13,3112500,3,5,5,355,Loyal
CUST-2340,Rizky Suryadi,Surabaya,Instagram Ads,2025-12-29,3,2,1260000,5,2,3,523,Potential Loyalist
CUST-2341,Rizky Darmawan,Bekasi,Instagram Ads,2025-12-04,28,3,616750,4,3,2,432,Potential Loyalist
CUST-2342,Jihan Halim,Makassar,Organic Social,2025-11-28,34,4,2023000,4,3,4,434,Potential Loyalist
CUST-2343,Erik Prakoso,Medan,Instagram Ads,2025-12-25,7,5,1787000,5,3,4,534,Potential Loyalist
CUST-2344,Reza Setiawan,Semarang,TikTok Ads,2025-01-03,363,2,516200,1,2,2,122,Lost
CUST-2345,Putri Gunawan,Semarang,Instagram Ads,2025-12-24,8,5,824750,5,3,3,533,Potential Loyalist
CUST-2346,Rizky Wibowo,Bandung,Referral,2025-12-25,7,11,2477100,5,5,4,554,Champions
CUST-2347,Kartika Hidayat,Bandung,Organic Social,2025-11-09,53,9,2394800,3,5,4,354,Loyal
CUST-2348,Kevin Rahayu,Jakarta,TikTok Ads,2025-08-06,148,2,579000,2,2,2,222,Lost
CUST-2349,Tono Kusuma,Medan,Google Search,2025-09-26,97,7,1412950,3,4,3,343,Loyal
CUST-2350,Sari Yulianti,Makassar,TikTok Ads,2025-11-14,48,4,2558000,4,3,5,435,Potential Loyalist
CUST-2351,Wawan Wibowo,malang,Instagram Ads,2025-11-17,45,19,4662300,4,5,5,455,Champions
CUST-2352,Kevin Suryadi,Jakarta,Instagram Ads,2025-06-28,187,4,1024450,2,3,3,233,At-Risk
CUST-2353,Mega Utami,Pekanbaru,Organic Social,2025-03-11,296,1,460000,1,1,2,112,Lost
CUST-2354,Oki Handoko,Jakarta,Marketplace,2025-11-17,45,3,298400,4,3,1,431,Potential Loyalist
CUST-2355,Reza Suryadi,Yogyakarta,TikTok Ads,2025-10-20,73,1,850000,3,1,3,313,Needs Attention
CUST-2356,Galih Darmawan,Unknown,Referral,2025-12-15,17,4,1352750,5,3,3,533,Potential Loyalist
CUST-2357,Hana Marliana,Bogor,Referral,2025-11-24,38,5,1720750,4,3,4,434,Potential Loyalist
CUST-2358,Faisal Hartono,semarang,TikTok Ads,2025-10-27,66,1,195000,3,1,1,311,Needs Attention
CUST-2359,Sari Yulianti,Jakarta,Instagram Ads,2025-08-03,151,3,548600,2,3,2,232,At-Risk
CUST-2360,Endah Nugroho,Bogor,TikTok Ads,2025-06-11,204,3,409100,2,3,2,232,At-Risk
CUST-2361,Hilda Saputra,Bandung,Organic Social,2024-04-12,629,2,942000,1,2,3,123,Lost
CUST-2362,Farah Lestari,Yogyakarta,Instagram Ads,2025-12-07,25,3,697500,4,3,2,432,Potential Loyalist
CUST-2363,Reza Yulianti,Balikpapan,Instagram Ads,2025-09-10,113,8,1196800,2,4,3,243,Loyal
CUST-2364,Rizky Hartono,Pekanbaru,TikTok Ads,2024-04-13,628,1,151300,1,1,1,111,Lost
CUST-2365,Erik Halim,Solo,Referral,2025-12-24,8,6,1197000,5,4,3,543,Champions
CUST-2366,Farah Darmawan,Jakarta,TikTok Ads,2025-11-15,47,4,503800,4,3,2,432,Potential Loyalist
CUST-2367,Cahya Darmawan,Jakarta,TikTok Ads,2025-09-26,97,8,2164000,3,4,4,344,Loyal
CUST-2368,Beni Darmawan,Jakarta,TikTok Ads,2025-11-21,41,3,857400,4,3,3,433,Potential Loyalist
CUST-2369,Wawan Rahayu,Surabaya,TikTok Ads,2025-03-06,301,5,1260500,1,3,3,133,At-Risk
CUST-2370,Citra Gunawan,Bekasi,Organic Social,2025-09-22,101,9,2653550,3,5,5,355,Loyal
CUST-2371,Omar Kurniawan,Bandung,Instagram Ads,2024-06-20,560,2,897500,1,2,3,123,Lost
CUST-2372,Farah Pratama,Jakarta,Organic Social,,,0,0,,,,,Never Purchased
CUST-2373,Hilda Utami,Jakarta,Instagram Ads,2025-09-20,103,4,1354400,3,3,3,333,Needs Attention
CUST-2374,Adit Lestari,Jakarta,TikTok Ads,2025-02-04,331,2,323000,1,2,1,121,Lost
CUST-2375,Lukman Ramadhan,Jakarta,Instagram Ads,2025-01-04,362,2,570000,1,2,2,122,Lost
CUST-2376,Omar Cahyani,Bandung,TikTok Ads,2025-07-22,163,3,670000,2,3,2,232,At-Risk
CUST-2377,Wulan Permana,Yogyakarta,Google Search,2025-11-23,39,7,1263000,4,4,3,443,Champions
CUST-2378,Vero Kusuma,Jakarta,Marketplace,2025-10-08,85,15,3098050,3,5,5,355,Loyal
CUST-2379,Vero Setiawan,Bandung,Organic Social,2025-08-24,130,8,3328500,2,4,5,245,Loyal
CUST-2380,Nadia Halim,jakarta,Organic Social,2024-10-26,432,1,35000,1,1,1,111,Lost
CUST-2381,Adit Marliana,Denpasar,Instagram Ads,2025-12-10,22,3,863750,4,3,3,433,Potential Loyalist
CUST-2382,Endah Gunawan,bandung,Instagram Ads,2025-11-21,41,7,1926050,4,4,4,444,Champions
CUST-2383,Endah Kusuma,Jakarta,Organic Social,2025-11-14,48,1,123750,4,1,1,411,Potential Loyalist
CUST-2384,Zaki Setiawan,Palembang,Google Search,2025-12-05,27,8,1930800,4,4,4,444,Champions
CUST-2385,Vina Halim,Yogyakarta,Google Search,2025-11-22,40,18,4067600,4,5,5,455,Champions
CUST-2386,Wulan Nugroho,Semarang,TikTok Ads,2025-07-19,166,3,359750,2,3,1,231,At-Risk
CUST-2387,Lukman Santoso,Semarang,TikTok Ads,2025-12-30,2,8,2221900,5,4,4,544,Champions
CUST-2388,Laras Firmansyah,Jakarta,Google Search,2025-10-17,76,1,270000,3,1,1,311,Needs Attention
CUST-2389,Laras Kurniawan,Jakarta,Google Search,2025-07-01,184,2,303250,2,2,1,221,Lost
CUST-2390,Vina Ramadhan,Bekasi,Organic Social,2024-05-21,590,2,503000,1,2,2,122,Lost
CUST-2391,Irfan Kusuma,Jakarta,TikTok Ads,2025-04-21,255,2,1767000,1,2,4,124,Lost
CUST-2392,Krisna Permana,Surabaya,Instagram Ads,2024-09-23,465,2,448000,1,2,2,122,Lost
CUST-2393,Cahya Wibowo,Jakarta,Instagram Ads,2025-02-06,329,2,1675000,1,2,4,124,Lost
CUST-2394,Anwar Suryadi,Pekanbaru,Google Search,2025-11-27,35,2,530600,4,2,2,422,Potential Loyalist
CUST-2395,Guntur Purnama,Tangerang,TikTok Ads,2025-12-24,8,11,3728300,5,5,5,555,Champions
CUST-2396,Putri Ramadhan,Jakarta,Marketplace,2025-04-28,248,1,71250,1,1,1,111,Lost
CUST-2397,Galih Cahyani,Yogyakarta,Organic Social,2025-11-14,48,1,45000,4,1,1,411,Potential Loyalist
CUST-2398,Joko Pratama,Bandung,Organic Social,2025-09-10,113,1,89000,2,1,1,211,Lost
CUST-2399,Beni Sukmawati,Bekasi,Organic Social,2025-01-23,343,3,617350,1,3,2,132,At-Risk
CUST-2400,Krisna Suryadi,Semarang,Google Search,2024-03-12,660,1,208250,1,1,1,111,Lost
CUST-2401,Doni Gunawan,Pekanbaru,Referral,2025-11-28,34,9,2561500,4,5,5,455,Champions
CUST-2402,Prita Setiawan,Tangerang,TikTok Ads,2024-10-02,456,1,195000,1,1,1,111,Lost
CUST-2403,Putri Kurniawan,Jakarta,TikTok Ads,2025-12-18,14,14,2829150,5,5,5,555,Champions
CUST-2404,Endah Santoso,Jakarta,TikTok Ads,2025-11-13,49,3,386200,4,3,2,432,Potential Loyalist
CUST-2405,Guntur Santoso,Malang,Instagram Ads,2025-12-11,21,17,6431200,4,5,5,455,Champions
CUST-2406,Yoga Gunawan,Jakarta,Google Search,2025-12-22,10,15,4385800,5,5,5,555,Champions
CUST-2407,Hesti Saputra,Jakarta,Instagram Ads,2025-11-25,37,10,2064100,4,5,4,454,Champions
CUST-2408,Taufik Purnama,Unknown,TikTok Ads,2025-12-12,20,2,505000,4,2,2,422,Potential Loyalist
CUST-2409,Wulan Halim,makassar,Instagram Ads,2025-08-23,131,8,1634750,2,4,4,244,Loyal
CUST-2410,Dewi Nugroho,Jakarta,Google Search,2025-12-23,9,10,2822400,5,5,5,555,Champions
CUST-2411,Indra Kurniawan,Bekasi,Instagram Ads,2025-10-14,79,2,187000,3,2,1,321,Needs Attention
CUST-2412,Yoga Kurniawan,Jakarta,TikTok Ads,2025-01-29,337,3,730000,1,3,2,132,At-Risk
CUST-2413,Nanda Wijaya,Surabaya,Instagram Ads,2025-12-12,20,6,1447650,4,4,3,443,Champions
CUST-2414,Lukman Anggraini,Jakarta,Google Search,2025-07-04,181,1,198000,2,1,1,211,Lost
CUST-2415,Beni Permana,Unknown,Instagram Ads,2025-04-20,256,2,726500,1,2,2,122,Lost
CUST-2416,Ivan Halim,Jakarta,Marketplace,2024-01-28,704,1,151300,1,1,1,111,Lost
CUST-2417,Tono Wibowo,Malang,Instagram Ads,2025-12-16,16,1,103700,5,1,1,511,Potential Loyalist
CUST-2418,Yuni Sukmawati,Bogor,TikTok Ads,2025-12-05,27,8,1601100,4,4,4,444,Champions
CUST-2419,Laras Hartono,Depok,TikTok Ads,2025-07-30,155,5,3021550,2,3,5,235,At-Risk
CUST-2420,Oki Anggraini,Bekasi,Instagram Ads,2025-12-25,7,8,1939650,5,4,4,544,Champions
CUST-2421,Zaki Wibowo,Bandung,TikTok Ads,2025-11-18,44,5,1604150,4,3,4,434,Potential Loyalist
CUST-2422,Hilda Sukmawati,Bandar Lampung,Organic Social,2025-12-07,25,14,2562750,4,5,5,455,Champions
CUST-2423,Omar Kusuma,Jakarta,TikTok Ads,2025-08-06,148,2,318250,2,2,1,221,Lost
CUST-2424,Doni Sukmawati,Semarang,Referral,2025-12-10,22,7,1661800,4,4,4,444,Champions
CUST-2425,Indra Halim,Jakarta,Organic Social,2025-12-09,23,3,804750,4,3,2,432,Potential Loyalist
CUST-2426,Kartika Prakoso,Semarang,Organic Social,2025-09-15,108,13,3716650,3,5,5,355,Loyal
CUST-2427,Cindy Utami,Makassar,Instagram Ads,2025-12-20,12,11,3510200,5,5,5,555,Champions
CUST-2428,Laras Kurniawan,Jakarta,Referral,2025-12-16,16,15,5524400,5,5,5,555,Champions
CUST-2429,Zaki Anggraini,Yogyakarta,Google Search,2025-05-09,237,3,694200,1,3,2,132,At-Risk
CUST-2430,Putri Hidayat,Bekasi,TikTok Ads,2025-12-14,18,5,1495200,5,3,4,534,Potential Loyalist
CUST-2431,Krisna Wijaya,Jakarta,Referral,2025-01-28,338,1,89100,1,1,1,111,Lost
CUST-2432,Jasmine Sukmawati,Depok,Organic Social,2025-08-12,142,1,520200,2,1,2,212,Lost
CUST-2433,Fajar Suryadi,Semarang,Instagram Ads,2025-11-25,37,9,2538650,4,5,4,454,Champions
CUST-2434,Sinta Gunawan,Semarang,TikTok Ads,2025-11-15,47,7,1725100,4,4,4,444,Champions
CUST-2435,Vero Wijaya,Jakarta,TikTok Ads,2025-11-18,44,18,4333350,4,5,5,455,Champions
CUST-2436,Endah Cahyani,Jakarta,Instagram Ads,,,0,0,,,,,Never Purchased
CUST-2437,Ivan Hidayat,Jakarta,TikTok Ads,2025-09-18,105,3,1774000,3,3,4,334,Needs Attention
CUST-2438,Bagus Purnama,Jakarta,TikTok Ads,2025-12-26,6,1,288150,5,1,1,511,Potential Loyalist
CUST-2439,Citra Hartono,Bandung,Instagram Ads,2025-12-09,23,2,660450,4,2,2,422,Potential Loyalist
CUST-2440,Sinta Yulianti,Jakarta,Organic Social,2024-02-23,678,1,290000,1,1,1,111,Lost
CUST-2441,Doni Kurniawan,Jakarta,Instagram Ads,2025-12-02,30,15,4976750,4,5,5,455,Champions
CUST-2442,Mega Santoso,Surabaya,TikTok Ads,2024-10-08,450,1,168000,1,1,1,111,Lost
CUST-2443,Ayu Maulana,Bogor,TikTok Ads,2025-12-13,19,17,4861700,5,5,5,555,Champions
CUST-2444,Beni Nugroho,bandung,Instagram Ads,2025-12-13,19,9,3088850,5,5,5,555,Champions
CUST-2445,Yoga Firmansyah,Medan,Instagram Ads,2025-04-16,260,2,505750,1,2,2,122,Lost
CUST-2446,Ulfa Handoko,Jakarta,Referral,2025-12-15,17,4,1005000,5,3,3,533,Potential Loyalist
CUST-2447,Vero Santoso,Tangerang,TikTok Ads,2025-12-20,12,6,2933650,5,4,5,545,Champions
CUST-2448,Mega Permana,jakarta,Google Search,2025-08-26,128,1,110000,2,1,1,211,Lost
CUST-2449,Ivan Suryadi,Medan,Google Search,2025-12-07,25,9,2977900,4,5,5,455,Champions
CUST-2450,Dinda Maulana,Denpasar,TikTok Ads,2025-08-03,151,6,1402200,2,4,3,243,Loyal
CUST-2451,Joko Saputra,semarang,TikTok Ads,2025-08-31,123,10,2931300,2,5,5,255,Loyal
CUST-2452,Erik Kusuma,Pekanbaru,Referral,2025-05-28,218,1,180000,2,1,1,211,Lost
CUST-2453,Nadia Permana,Unknown,Google Search,2025-12-28,4,9,3212400,5,5,5,555,Champions
CUST-2454,Jasmine Hidayat,Palembang,Instagram Ads,2025-07-24,161,6,1012550,2,4,3,243,Loyal
CUST-2455,Endah Prakoso,Surabaya,Marketplace,2024-06-09,571,1,472000,1,1,2,112,Lost
CUST-2456,Sinta Ramadhan,Bogor,Google Search,2025-12-28,4,10,2871550,5,5,5,555,Champions
CUST-2457,Cahya Santoso,Makassar,Instagram Ads,2025-06-13,202,8,3185500,2,4,5,245,Loyal
CUST-2458,Anwar Purnama,Denpasar,TikTok Ads,2025-11-26,36,9,2671800,4,5,5,455,Champions
CUST-2459,Wulan Prakoso,Jakarta,TikTok Ads,2025-11-03,59,11,3166300,3,5,5,355,Loyal
CUST-2460,Dinda Handoko,Makassar,Instagram Ads,2024-08-11,508,1,135000,1,1,1,111,Lost
CUST-2461,Kartika Darmawan,Semarang,Instagram Ads,2025-06-14,201,5,1065400,2,3,3,233,At-Risk
CUST-2462,Laras Anggraini,Pekanbaru,Marketplace,2025-12-27,5,15,3201500,5,5,5,555,Champions
CUST-2463,Rangga Setiawan,Surabaya,Instagram Ads,2025-05-01,245,11,4072200,1,5,5,155,Loyal
CUST-2464,Erik Saputra,Yogyakarta,TikTok Ads,2025-12-07,25,10,2075000,4,5,4,454,Champions
CUST-2465,Kevin Kusuma,Jakarta,TikTok Ads,2025-12-23,9,7,1162250,5,4,3,543,Champions
CUST-2466,Krisna Marliana,Yogyakarta,TikTok Ads,2025-09-10,113,4,745000,2,3,2,232,At-Risk
CUST-2467,Faisal Ramadhan,Yogyakarta,Google Search,2025-12-23,9,16,6038150,5,5,5,555,Champions
CUST-2468,Beni Santoso,Bandung,Organic Social,2024-12-23,374,1,63000,1,1,1,111,Lost
CUST-2469,Reza Utami,Surabaya,Instagram Ads,2025-12-31,1,20,7457950,5,5,5,555,Champions
CUST-2470,Yuni Nugroho,Bandung,Organic Social,2025-11-04,58,6,2101100,3,4,4,344,Loyal
CUST-2471,Nadia Kurniawan,Yogyakarta,TikTok Ads,2025-05-17,229,1,256500,2,1,1,211,Lost
CUST-2472,Kevin Hartono,Unknown,TikTok Ads,2025-10-01,92,5,1628750,3,3,4,334,Needs Attention
CUST-2473,Joko Setiawan,Bandung,TikTok Ads,2025-05-30,216,2,548100,2,2,2,222,Lost
CUST-2474,Putri Prakoso,surabaya,Google Search,2025-10-29,64,2,600000,3,2,2,322,Needs Attention
CUST-2475,Beni Darmawan,Bandung,Instagram Ads,2025-12-25,7,18,4633250,5,5,5,555,Champions
CUST-2476,Hilda Maulana,Semarang,Instagram Ads,2025-12-24,8,7,1962500,5,4,4,544,Champions
CUST-2477,Nadia Purnama,Bandung,Instagram Ads,2025-12-17,15,3,731550,5,3,2,532,Potential Loyalist
CUST-2478,Erik Nugroho,Jakarta,Google Search,2025-03-08,299,2,316000,1,2,1,121,Lost
CUST-2479,Prita Prakoso,Bekasi,Instagram Ads,2025-11-18,44,13,2836350,4,5,5,455,Champions
CUST-2480,Faisal Sukmawati,Depok,TikTok Ads,2024-12-02,395,2,136500,1,2,1,121,Lost
CUST-2481,Vina Setiawan,Jakarta,TikTok Ads,2025-10-18,75,14,2835150,3,5,5,355,Loyal
CUST-2482,Sari Darmawan,Surabaya,TikTok Ads,2025-12-20,12,19,6132550,5,5,5,555,Champions
CUST-2483,Cindy Handoko,Jakarta,Instagram Ads,2025-12-10,22,3,692000,4,3,2,432,Potential Loyalist
CUST-2484,Eka Suryadi,Bandung,Referral,2025-08-23,131,4,1448000,2,3,3,233,At-Risk
CUST-2485,Nadia Setiawan,Yogyakarta,Google Search,2025-12-19,13,5,996400,5,3,3,533,Potential Loyalist
CUST-2486,Ayu Anggraini,semarang,Organic Social,2024-06-25,555,1,349000,1,1,1,111,Lost
CUST-2487,Farah Nugroho,Jakarta,Organic Social,2025-09-15,108,3,1150000,3,3,3,333,Needs Attention
CUST-2488,Rangga Setiawan,Bogor,TikTok Ads,2025-05-09,237,3,1562000,1,3,4,134,At-Risk
CUST-2489,Omar Setiawan,Denpasar,TikTok Ads,2025-06-20,195,3,874000,2,3,3,233,At-Risk
CUST-2490,Fajar Lestari,Bandar Lampung,TikTok Ads,2025-11-06,56,8,2169400,3,4,4,344,Loyal
CUST-2491,Omar Halim,Bandung,Referral,2025-10-09,84,2,205250,3,2,1,321,Needs Attention
CUST-2492,Zaki Utami,Unknown,Referral,2025-12-11,21,3,1721000,4,3,4,434,Potential Loyalist
CUST-2493,Citra Ramadhan,Surabaya,Referral,2025-05-13,233,2,705000,1,2,2,122,Lost
CUST-2494,Nanda Maulana,Jakarta,TikTok Ads,2025-12-25,7,10,3222550,5,5,5,555,Champions
CUST-2495,Zaki Hartono,Surabaya,Instagram Ads,,,0,0,,,,,Never Purchased
CUST-2496,Umar Yulianti,Yogyakarta,Instagram Ads,2025-07-30,155,4,1244550,2,3,3,233,At-Risk
CUST-2497,Rizky Wibowo,Semarang,Referral,2025-10-29,64,3,1461000,3,3,3,333,Needs Attention
CUST-2498,Dewi Lestari,Bandung,Organic Social,2025-12-23,9,3,172000,5,3,1,531,Potential Loyalist
CUST-2499,Guntur Gunawan,Bandung,TikTok Ads,2025-12-06,26,3,1012000,4,3,3,433,Potential Loyalist
CUST-2500,Umar Darmawan,Surabaya,TikTok Ads,2025-12-27,5,4,1145500,5,3,3,533,Potential Loyalist
CUST-2501,Putri Handoko,Jakarta,Organic Social,2025-12-07,25,4,607500,4,3,2,432,Potential Loyalist
CUST-2502,Prita Kusuma,Bandung,Organic Social,2025-06-17,198,2,675000,2,2,2,222,Lost
CUST-2503,Nadia Hartono,Bandung,TikTok Ads,2025-10-29,64,8,1536100,3,4,4,344,Loyal
CUST-2504,Farah Kusuma,Bandar Lampung,Instagram Ads,2024-03-12,660,2,127000,1,2,1,121,Lost
CUST-2505,Hilda Suryadi,Jakarta,Referral,2025-05-28,218,4,1925000,2,3,4,234,At-Risk
CUST-2506,Rizky Pratama,Yogyakarta,Instagram Ads,2025-11-20,42,9,2200200,4,5,4,454,Champions
CUST-2507,Rangga Setiawan,Jakarta,Organic Social,2025-10-22,71,5,1320600,3,4,3,343,Loyal
CUST-2508,Faisal Purnama,Unknown,TikTok Ads,,,0,0,,,,,Never Purchased
CUST-2509,Fajar Kusuma,Surabaya,Google Search,2025-11-12,50,1,81000,4,1,1,411,Potential Loyalist
CUST-2510,Kevin Yulianti,Malang,Instagram Ads,2025-10-28,65,18,6498900,3,5,5,355,Loyal
CUST-2511,Citra Santoso,Jakarta,Instagram Ads,2025-11-05,57,6,1352100,3,4,3,343,Loyal
CUST-2512,Yoga Darmawan,Jakarta,Organic Social,,,0,0,,,,,Never Purchased
CUST-2513,Guntur Darmawan,Bandung,TikTok Ads,2025-12-13,19,6,1483800,5,4,4,544,Champions
CUST-2514,Rangga Rahayu,Yogyakarta,Instagram Ads,2025-04-20,256,2,341000,1,2,1,121,Lost
CUST-2515,Hilda Hidayat,Jakarta,TikTok Ads,2025-11-24,38,3,932250,4,3,3,433,Potential Loyalist
CUST-2516,Rangga Permana,Bekasi,Google Search,2025-10-31,62,16,4082050,3,5,5,355,Loyal
CUST-2517,Farah Marliana,Bandung,Instagram Ads,2025-12-05,27,8,2612500,4,4,5,445,Champions
CUST-2518,Tono Darmawan,Jakarta,TikTok Ads,2025-12-17,15,18,6409350,5,5,5,555,Champions
CUST-2519,Fajar Anggraini,Bekasi,TikTok Ads,2025-12-26,6,7,903500,5,4,3,543,Champions
CUST-2520,Taufik Sukmawati,Bekasi,Instagram Ads,2025-12-14,18,10,1984850,5,5,4,554,Champions
CUST-2521,Taufik Kusuma,Jakarta,Organic Social,2025-06-20,195,3,1156100,2,3,3,233,At-Risk
CUST-2522,Cahya Handoko,Palembang,Instagram Ads,2025-04-26,250,3,597100,1,3,2,132,At-Risk
CUST-2523,Prita Saputra,Bekasi,Instagram Ads,2025-09-06,117,3,343000,2,3,1,231,At-Risk
CUST-2524,Joko Hidayat,Makassar,Google Search,2024-12-12,385,3,605600,1,3,2,132,At-Risk
CUST-2525,Jasmine Handoko,Jakarta,Referral,2025-12-31,1,1,108750,5,1,1,511,Potential Loyalist
CUST-2526,Doni Suryadi,Makassar,TikTok Ads,2025-10-15,78,19,4077350,3,5,5,355,Loyal
CUST-2527,Sari Hidayat,Semarang,Instagram Ads,2025-12-27,5,16,3896050,5,5,5,555,Champions
CUST-2528,Jihan Saputra,Denpasar,Organic Social,2025-06-24,191,1,50000,2,1,1,211,Lost
CUST-2529,Vero Yulianti,Malang,Google Search,2024-11-28,399,1,593300,1,1,2,112,Lost
CUST-2530,Jihan Anggraini,Jakarta,Marketplace,2025-06-09,206,2,751500,2,2,2,222,Lost
CUST-2531,Omar Purnama,Semarang,Google Search,2025-11-02,60,2,608000,3,2,2,322,Needs Attention
CUST-2532,Zahra Cahyani,Solo,Google Search,2025-12-16,16,12,2271150,5,5,4,554,Champions
CUST-2533,Faisal Nugroho,Bandung,Instagram Ads,2024-12-08,389,1,420750,1,1,2,112,Lost
CUST-2534,Fajar Handoko,Yogyakarta,Referral,2025-08-18,136,2,378600,2,2,1,221,Lost
CUST-2535,Irfan Saputra,Medan,Organic Social,2025-12-20,12,1,160200,5,1,1,511,Potential Loyalist
CUST-2536,Beni Nugroho,Denpasar,Instagram Ads,2025-06-27,188,2,491250,2,2,2,222,Lost
CUST-2537,Kartika Marliana,Jakarta,Google Search,2025-12-15,17,13,2880000,5,5,5,555,Champions
CUST-2538,Krisna Kurniawan,Solo,Instagram Ads,2025-12-10,22,6,1408500,4,4,3,443,Champions
CUST-2539,Lukman Marliana,Jakarta,Instagram Ads,2024-10-25,433,1,250000,1,1,1,111,Lost
CUST-2540,Cindy Kurniawan,Jakarta,Instagram Ads,2025-12-27,5,2,583000,5,2,2,522,Potential Loyalist
CUST-2541,Rizky Nugroho,Bogor,Instagram Ads,2025-12-17,15,5,1348500,5,4,3,543,Champions
CUST-2542,Tono Wijaya,Jakarta,Marketplace,2025-11-26,36,9,3274200,4,5,5,455,Champions
CUST-2543,Reza Santoso,Jakarta,Google Search,2025-12-24,8,9,2307750,5,5,4,554,Champions
CUST-2544,Farah Setiawan,Bekasi,Google Search,2025-12-16,16,7,1480750,5,4,4,544,Champions
CUST-2545,Taufik Yulianti,Jakarta,Instagram Ads,2025-05-10,236,2,248000,1,2,1,121,Lost
CUST-2546,Lukman Pratama,Jakarta,TikTok Ads,2025-07-20,165,4,1222000,2,3,3,233,At-Risk
CUST-2547,Erik Santoso,Depok,TikTok Ads,2025-10-12,81,3,1220000,3,3,3,333,Needs Attention
CUST-2548,Sari Santoso,Palembang,Instagram Ads,2025-11-30,32,4,783000,4,3,2,432,Potential Loyalist
CUST-2549,Vero Santoso,Palembang,Referral,2025-12-12,20,10,2874750,4,5,5,455,Champions
CUST-2550,Jihan Lestari,Palembang,Instagram Ads,2025-12-11,21,5,1028200,4,4,3,443,Champions
CUST-2551,Omar Pratama,Makassar,TikTok Ads,,,0,0,,,,,Never Purchased
CUST-2552,Krisna Halim,Medan,TikTok Ads,2025-03-21,286,2,508250,1,2,2,122,Lost
CUST-2553,Endah Yulianti,Tangerang,Instagram Ads,2025-12-15,17,5,1024200,5,4,3,543,Champions
CUST-2554,Laras Nugroho,Jakarta,TikTok Ads,2025-12-20,12,17,4422050,5,5,5,555,Champions
CUST-2555,Zaki Yulianti,Solo,Google Search,2025-03-03,304,2,448500,1,2,2,122,Lost
CUST-2556,Rizky Pratama,Jakarta,Referral,2025-12-14,18,3,761100,5,3,2,532,Potential Loyalist
CUST-2557,Ulfa Darmawan,Jakarta,Marketplace,2025-11-26,36,5,2869050,4,4,5,445,Champions
CUST-2558,Rizky Pratama,Yogyakarta,TikTok Ads,2025-11-28,34,18,5289450,4,5,5,455,Champions
CUST-2559,Indra Santoso,Jakarta,Organic Social,2025-11-22,40,4,823500,4,3,3,433,Potential Loyalist
CUST-2560,Endah Permana,Surabaya,Referral,2025-11-24,38,5,2207600,4,4,4,444,Champions
CUST-2561,Beni Santoso,Denpasar,Instagram Ads,2025-11-26,36,9,2663850,4,5,5,455,Champions
CUST-2562,Mega Wibowo,Denpasar,Marketplace,2025-12-30,2,8,1813900,5,4,4,544,Champions
CUST-2563,Wawan Rahayu,Surabaya,Google Search,2025-11-18,44,14,3729450,4,5,5,455,Champions
CUST-2564,Indra Nugroho,Unknown,Organic Social,2024-09-28,460,1,698000,1,1,2,112,Lost
CUST-2565,Vina Maulana,Bandung,Organic Social,2025-12-24,8,6,2345250,5,4,4,544,Champions
CUST-2566,Adit Cahyani,Jakarta,Google Search,2025-12-21,11,2,335500,5,2,1,521,Potential Loyalist
CUST-2567,Vero Marliana,Pekanbaru,TikTok Ads,2025-09-13,110,2,818000,2,2,3,223,Lost
CUST-2568,Sari Handoko,Bandung,Organic Social,2025-12-17,15,10,2721750,5,5,5,555,Champions
CUST-2569,Hilda Sukmawati,Solo,Organic Social,2025-08-30,124,9,3149750,2,5,5,255,Loyal
CUST-2570,Jasmine Prakoso,Bandung,TikTok Ads,2025-10-23,70,7,3271400,3,4,5,345,Loyal
CUST-2571,Bayu Santoso,Jakarta,TikTok Ads,2025-08-23,131,1,76000,2,1,1,211,Lost
CUST-2572,Yuni Setiawan,Bandar Lampung,Google Search,2024-07-16,534,1,425000,1,1,2,112,Lost
CUST-2573,Adit Hartono,Bekasi,Instagram Ads,2025-10-04,89,4,1000550,3,3,3,333,Needs Attention
CUST-2574,Lukman Maulana,Yogyakarta,Instagram Ads,2025-03-24,283,2,605000,1,2,2,122,Lost
CUST-2575,Doni Wijaya,Malang,Organic Social,2025-10-15,78,7,1863900,3,4,4,344,Loyal
CUST-2576,Mega Lestari,jakarta,Referral,2025-12-30,2,5,1713000,5,4,4,544,Champions
CUST-2577,Reza Santoso,Jakarta,Organic Social,2025-11-10,52,7,1543500,3,4,4,344,Loyal
CUST-2578,Oki Yulianti,Unknown,Google Search,2025-12-01,31,9,1838500,4,5,4,454,Champions
CUST-2579,Nanda Handoko,Depok,Organic Social,2025-06-25,190,2,486000,2,2,2,222,Lost
CUST-2580,Bayu Prakoso,Bandung,Referral,2025-10-18,75,6,1049600,3,4,3,343,Loyal
CUST-2581,Umar Yulianti,Balikpapan,TikTok Ads,2025-09-08,115,1,99750,2,1,1,211,Lost
CUST-2582,Yuni Darmawan,Jakarta,Google Search,2024-06-25,555,1,178000,1,1,1,111,Lost
CUST-2583,Tono Saputra,Makassar,Marketplace,2025-08-17,137,3,2268500,2,3,4,234,At-Risk
CUST-2584,Dinda Utami,Bekasi,TikTok Ads,2025-12-01,31,5,1661400,4,4,4,444,Champions
CUST-2585,Jihan Maulana,Bandar Lampung,Instagram Ads,2025-12-12,20,8,1403200,4,4,3,443,Champions
CUST-2586,Rangga Marliana,Surabaya,Instagram Ads,2025-12-20,12,19,5241800,5,5,5,555,Champions
CUST-2587,Oki Wibowo,Semarang,Marketplace,2025-11-10,52,3,1259500,3,3,3,333,Needs Attention
CUST-2588,Wawan Lestari,Depok,Instagram Ads,2024-08-31,488,2,740000,1,2,2,122,Lost
CUST-2589,Omar Lestari,Depok,TikTok Ads,2025-10-16,77,2,656000,3,2,2,322,Needs Attention
CUST-2590,Dinda Pratama,Surabaya,Google Search,2025-04-07,269,1,231800,1,1,1,111,Lost
CUST-2591,Galih Firmansyah,Semarang,Referral,2025-05-18,228,1,1062500,2,1,3,213,Lost
CUST-2592,Gita Anggraini,Tangerang,Organic Social,2025-12-26,6,21,5981800,5,5,5,555,Champions
CUST-2593,Wawan Yulianti,Pekanbaru,Instagram Ads,2025-08-23,131,1,500000,2,1,2,212,Lost
CUST-2594,Prita Pratama,Pekanbaru,TikTok Ads,2024-11-16,411,1,84000,1,1,1,111,Lost
CUST-2595,Fajar Ramadhan,Makassar,Instagram Ads,2025-12-29,3,8,1827650,5,4,4,544,Champions
CUST-2596,Vina Yulianti,Jakarta,Organic Social,2025-08-07,147,3,998000,2,3,3,233,At-Risk
CUST-2597,Ulfa Kurniawan,Medan,Instagram Ads,2025-12-25,7,10,2254000,5,5,4,554,Champions
CUST-2598,Jasmine Marliana,Bandung,TikTok Ads,2025-11-22,40,15,2462400,4,5,4,454,Champions
CUST-2599,Doni Permana,Depok,Instagram Ads,2025-07-12,173,4,1090500,2,3,3,233,At-Risk
CUST-2600,Indra Anggraini,Bogor,Google Search,2025-11-18,44,1,256500,4,1,1,411,Potential Loyalist
CUST-2601,Reza Pratama,Jakarta,Marketplace,2025-07-22,163,5,1159600,2,4,3,243,Loyal
CUST-2602,Taufik Hartono,Denpasar,Instagram Ads,2024-12-03,394,1,67500,1,1,1,111,Lost
CUST-2603,Sari Gunawan,Bandung,Instagram Ads,2024-06-18,562,2,620000,1,2,2,122,Lost
CUST-2604,Zahra Permana,Jakarta,Instagram Ads,2025-07-22,163,5,1054150,2,4,3,243,Loyal
CUST-2605,Omar Hartono,Semarang,Organic Social,2025-12-15,17,2,727500,5,2,2,522,Potential Loyalist
CUST-2606,Zaki Ramadhan,Balikpapan,Google Search,2024-11-19,408,1,345000,1,1,1,111,Lost
CUST-2607,Galih Purnama,Jakarta,Marketplace,2025-09-17,106,1,156000,3,1,1,311,Needs Attention
CUST-2608,Jasmine Prakoso,Jakarta,TikTok Ads,2025-05-29,217,7,2297600,2,4,4,244,Loyal
CUST-2609,Anwar Cahyani,Jakarta,Organic Social,2025-02-17,318,1,89000,1,1,1,111,Lost
CUST-2610,Hilda Saputra,Solo,Google Search,2025-08-26,128,2,384600,2,2,2,222,Lost
CUST-2611,Zaki Handoko,Medan,Instagram Ads,2025-10-21,72,15,4371500,3,5,5,355,Loyal
CUST-2612,Kartika Lestari,Jakarta,TikTok Ads,2025-09-27,96,4,1192000,3,3,3,333,Needs Attention
CUST-2613,Rizky Lestari,Jakarta,Instagram Ads,2025-11-30,32,5,1453750,4,4,3,443,Champions
CUST-2614,Lukman Purnama,Palembang,Instagram Ads,2025-07-19,166,5,2344250,2,4,4,244,Loyal
CUST-2615,Oki Permana,Jakarta,TikTok Ads,2025-11-12,50,1,128250,4,1,1,411,Potential Loyalist
CUST-2616,Reza Marliana,Jakarta,Organic Social,2025-11-02,60,3,353200,3,3,1,331,Needs Attention
CUST-2617,Jihan Setiawan,Bogor,Marketplace,2025-09-18,105,6,1158000,3,4,3,343,Loyal
CUST-2618,Ayu Anggraini,Semarang,Instagram Ads,2024-05-18,593,2,1840000,1,2,4,124,Lost
CUST-2619,Kevin Kurniawan,Jakarta,TikTok Ads,2025-11-06,56,3,765000,3,3,2,332,Needs Attention
CUST-2620,Farah Purnama,Bekasi,Organic Social,2025-12-18,14,4,1292400,5,3,3,533,Potential Loyalist
CUST-2621,Erik Utami,Jakarta,TikTok Ads,2025-03-19,288,1,244000,1,1,1,111,Lost
CUST-2622,Zaki Gunawan,Depok,TikTok Ads,2025-06-30,185,2,681000,2,2,2,222,Lost
CUST-2623,Indra Pratama,Jakarta,Marketplace,2025-10-17,76,9,2522500,3,5,4,354,Loyal
CUST-2624,Krisna Pratama,Jakarta,Instagram Ads,2025-09-29,94,5,1377350,3,4,3,343,Loyal
CUST-2625,Sinta Kusuma,Surabaya,Instagram Ads,2025-07-04,181,5,946800,2,4,3,243,Loyal
CUST-2626,Galih Sukmawati,Palembang,Instagram Ads,2025-12-10,22,3,385000,4,3,2,432,Potential Loyalist
CUST-2627,Citra Saputra,Surabaya,TikTok Ads,2025-01-01,365,2,499000,1,2,2,122,Lost
CUST-2628,Laras Sukmawati,Bandung,TikTok Ads,2025-12-01,31,8,2427700,4,4,4,444,Champions
CUST-2629,Ivan Wijaya,Solo,Referral,2025-11-23,39,4,792500,4,3,2,432,Potential Loyalist
CUST-2630,Cahya Cahyani,Bekasi,Google Search,2025-11-11,51,2,393400,3,2,2,322,Needs Attention
CUST-2631,Hesti Kurniawan,Jakarta,Google Search,2025-11-02,60,12,3290550,3,5,5,355,Loyal
CUST-2632,Sinta Nugroho,Palembang,Marketplace,2025-12-06,26,7,1622150,4,4,4,444,Champions
CUST-2633,Nanda Hartono,Jakarta,Instagram Ads,2025-11-11,51,1,220150,3,1,1,311,Needs Attention
CUST-2634,Fajar Hidayat,Jakarta,Instagram Ads,2025-10-26,67,2,719500,3,2,2,322,Needs Attention
CUST-2635,Yoga Nugroho,Solo,Instagram Ads,2025-12-12,20,4,880350,4,3,3,433,Potential Loyalist
CUST-2636,Adit Ramadhan,Solo,Instagram Ads,2025-05-11,235,1,38000,1,1,1,111,Lost
CUST-2637,Dewi Hidayat,Makassar,Marketplace,2024-12-10,387,2,1059000,1,2,3,123,Lost
CUST-2638,Galih Gunawan,Tangerang,Organic Social,2025-05-29,217,5,833000,2,4,3,243,Loyal
CUST-2639,Irfan Darmawan,Jakarta,Referral,2025-02-15,320,1,605200,1,1,2,112,Lost
CUST-2640,Ayu Saputra,Yogyakarta,Instagram Ads,2025-12-18,14,5,1063750,5,4,3,543,Champions
CUST-2641,Kevin Prakoso,Solo,TikTok Ads,2025-12-31,1,7,3266000,5,4,5,545,Champions
CUST-2642,Oki Halim,Yogyakarta,Referral,2025-11-03,59,8,3302800,3,4,5,345,Loyal
CUST-2643,Hilda Prakoso,Denpasar,Referral,2025-06-08,207,3,877000,2,3,3,233,At-Risk
CUST-2644,Kartika Purnama,Bekasi,Referral,2025-09-27,96,2,261000,3,2,1,321,Needs Attention
CUST-2645,Erik Sukmawati,Semarang,TikTok Ads,2025-09-04,119,1,163200,2,1,1,211,Lost
CUST-2646,Cahya Handoko,Bandung,Instagram Ads,2025-11-30,32,3,1430300,4,3,3,433,Potential Loyalist
CUST-2647,Krisna Marliana,Jakarta,TikTok Ads,2025-12-20,12,5,1140500,5,4,3,543,Champions
CUST-2648,Cindy Wibowo,Bogor,Instagram Ads,2025-12-24,8,10,2240900,5,5,4,554,Champions
CUST-2649,Zaki Gunawan,Surabaya,Instagram Ads,2025-12-21,11,5,1014650,5,4,3,543,Champions
CUST-2650,Citra Wibowo,Medan,Marketplace,2024-11-16,411,2,561250,1,2,2,122,Lost
CUST-2651,Adit Permana,Denpasar,Google Search,2025-02-04,331,5,2196750,1,4,4,144,Loyal
CUST-2652,Citra Marliana,Surabaya,Organic Social,2025-12-28,4,5,1007100,5,4,3,543,Champions
CUST-2653,Indra Kurniawan,Jakarta,Organic Social,2025-08-29,125,2,750000,2,2,2,222,Lost
CUST-2654,Gita Ramadhan,Bandung,TikTok Ads,2025-12-30,2,6,1551150,5,4,4,544,Champions
CUST-2655,Nadia Ramadhan,Semarang,Google Search,2025-11-23,39,10,3986000,4,5,5,455,Champions
CUST-2656,Jasmine Prakoso,Bekasi,Referral,2025-11-20,42,5,2033100,4,4,4,444,Champions
CUST-2657,Krisna Lestari,Denpasar,Organic Social,2025-12-20,12,2,186000,5,2,1,521,Potential Loyalist
CUST-2658,Sinta Wijaya,Malang,TikTok Ads,2025-12-01,31,17,4107750,4,5,5,455,Champions
CUST-2659,Cindy Yulianti,Jakarta,Referral,2025-06-09,206,8,2260600,2,4,4,244,Loyal
CUST-2660,Bagus Gunawan,Jakarta,Marketplace,2025-07-15,170,4,1562000,2,3,4,234,At-Risk
CUST-2661,Laras Ramadhan,Bandung,Instagram Ads,2025-12-28,4,18,5325750,5,5,5,555,Champions
CUST-2662,Cahya Hidayat,Bandung,Referral,2025-12-17,15,20,8434500,5,5,5,555,Champions
CUST-2663,Citra Gunawan,Pekanbaru,Google Search,2025-12-06,26,16,5300300,4,5,5,455,Champions
CUST-2664,Hesti Wibowo,Solo,Marketplace,2025-10-22,71,5,1476200,3,4,4,344,Loyal
CUST-2665,Wawan Permana,Jakarta,TikTok Ads,2024-05-05,606,1,267000,1,1,1,111,Lost
CUST-2666,Jasmine Permana,Semarang,TikTok Ads,2025-12-27,5,12,3174950,5,5,5,555,Champions
CUST-2667,Beni Gunawan,Depok,Google Search,2025-08-30,124,2,1448000,2,2,3,223,Lost
CUST-2668,Guntur Hidayat,Surabaya,Instagram Ads,2025-09-18,105,1,110000,3,1,1,311,Needs Attention
CUST-2669,Dinda Permana,Surabaya,Instagram Ads,2025-12-20,12,2,1215000,5,2,3,523,Potential Loyalist
CUST-2670,Beni Marliana,Denpasar,Instagram Ads,2025-04-06,270,2,420000,1,2,2,122,Lost
CUST-2671,Nanda Cahyani,Surabaya,Organic Social,2025-12-05,27,18,4837750,4,5,5,455,Champions
CUST-2672,Gita Kurniawan,Yogyakarta,Referral,2025-06-05,210,3,576500,2,3,2,232,At-Risk
CUST-2673,Ivan Prakoso,Jakarta,TikTok Ads,2025-07-10,175,1,435000,2,1,2,212,Lost
CUST-2674,Fajar Kurniawan,Jakarta,Marketplace,2025-12-11,21,3,579250,4,3,2,432,Potential Loyalist
CUST-2675,Sari Sukmawati,Bandung,Organic Social,2025-11-30,32,16,6663600,4,5,5,455,Champions
CUST-2676,Taufik Firmansyah,Surabaya,Organic Social,2025-06-21,194,1,570000,2,1,2,212,Lost
CUST-2677,Guntur Firmansyah,Yogyakarta,Marketplace,2025-03-31,276,9,3060950,1,5,5,155,Loyal
CUST-2678,Dinda Halim,Denpasar,Instagram Ads,2025-12-22,10,21,7832750,5,5,5,555,Champions
CUST-2679,Vina Maulana,Surabaya,Instagram Ads,2025-12-14,18,5,819250,5,4,3,543,Champions
CUST-2680,Cindy Kurniawan,Yogyakarta,Referral,2025-09-13,110,6,2287000,2,4,4,244,Loyal
CUST-2681,Kevin Kurniawan,Tangerang,TikTok Ads,2025-02-02,333,2,282750,1,2,1,121,Lost
CUST-2682,Taufik Kusuma,Denpasar,Referral,2025-02-21,314,3,526000,1,3,2,132,At-Risk
CUST-2683,Maya Nugroho,Jakarta,TikTok Ads,2025-10-01,92,9,2522300,3,5,4,354,Loyal
CUST-2684,Anwar Kurniawan,Medan,Instagram Ads,2025-05-29,217,9,1888900,2,5,4,254,Loyal
CUST-2685,Maya Nugroho,Surabaya,Instagram Ads,2025-12-27,5,9,1232150,5,5,3,553,Champions
CUST-2686,Lukman Kurniawan,Makassar,Referral,2025-12-02,30,10,2186000,4,5,4,454,Champions
CUST-2687,Beni Utami,Medan,TikTok Ads,2025-12-11,21,7,2024000,4,4,4,444,Champions
CUST-2688,Jasmine Utami,Tangerang,Instagram Ads,2025-12-19,13,6,2085850,5,4,4,544,Champions
CUST-2689,Ivan Hartono,Jakarta,Google Search,2025-10-31,62,2,613000,3,2,2,322,Needs Attention
CUST-2690,Irfan Yulianti,Jakarta,Organic Social,2025-12-28,4,5,1541250,5,4,4,544,Champions
CUST-2691,Hesti Gunawan,Bekasi,Marketplace,2025-11-13,49,2,553200,4,2,2,422,Potential Loyalist
CUST-2692,Cindy Rahayu,Yogyakarta,Instagram Ads,2025-08-23,131,11,2787000,2,5,5,255,Loyal
CUST-2693,Farah Saputra,Medan,TikTok Ads,2025-10-03,90,1,778000,3,1,2,312,Needs Attention
CUST-2694,Reza Handoko,Jakarta,Marketplace,2025-11-24,38,1,283500,4,1,1,411,Potential Loyalist
CUST-2695,Prita Kusuma,Solo,Referral,2025-05-12,234,8,1915550,1,4,4,144,Loyal
CUST-2696,Kevin Cahyani,Balikpapan,Referral,2025-10-01,92,5,1646500,3,4,4,344,Loyal
CUST-2697,Doni Darmawan,Unknown,Instagram Ads,2025-09-29,94,2,717250,3,2,2,322,Needs Attention
CUST-2698,Kartika Kurniawan,Jakarta,Referral,2025-10-19,74,1,330000,3,1,1,311,Needs Attention
CUST-2699,Joko Gunawan,Jakarta,Google Search,2025-12-15,17,1,523500,5,1,2,512,Potential Loyalist
CUST-2700,Taufik Firmansyah,Denpasar,Organic Social,2025-12-24,8,9,1564150,5,5,4,554,Champions
CUST-2701,Hilda Hartono,Jakarta,Marketplace,2025-07-21,164,2,873000,2,2,3,223,Lost
CUST-2702,Irfan Firmansyah,Bandung,Organic Social,2025-07-08,177,2,783000,2,2,2,222,Lost
CUST-2703,Dewi Hidayat,yogyakarta,TikTok Ads,2024-06-02,578,1,99000,1,1,1,111,Lost
CUST-2704,Sinta Lestari,Depok,Instagram Ads,2025-11-11,51,1,375000,3,1,1,311,Needs Attention
CUST-2705,Joko Pratama,Semarang,Organic Social,2025-05-20,226,4,874750,2,3,3,233,At-Risk
CUST-2706,Beni Permana,Jakarta,Google Search,2025-05-13,233,1,23750,1,1,1,111,Lost
CUST-2707,Wulan Hidayat,Jakarta,Organic Social,2025-12-18,14,1,115900,5,1,1,511,Potential Loyalist
CUST-2708,Kevin Firmansyah,Jakarta,Google Search,2025-07-27,158,10,2191250,2,5,4,254,Loyal
CUST-2709,Laras Darmawan,Surabaya,Marketplace,2025-10-18,75,2,470000,3,2,2,322,Needs Attention
CUST-2710,Fajar Purnama,bandung,Referral,2025-12-25,7,18,2971000,5,5,5,555,Champions
CUST-2711,Yuni Yulianti,Medan,Instagram Ads,2025-03-05,302,5,1896500,1,4,4,144,Loyal
CUST-2712,Citra Kusuma,Yogyakarta,Google Search,2024-09-08,480,2,343000,1,2,1,121,Lost
CUST-2713,Joko Permana,Jakarta,Instagram Ads,2025-12-31,1,8,1973800,5,4,4,544,Champions
CUST-2714,Omar Wibowo,Jakarta,TikTok Ads,2025-11-25,37,16,4092200,4,5,5,455,Champions
CUST-2715,Faisal Saputra,Medan,Instagram Ads,2025-10-21,72,12,2422200,3,5,4,354,Loyal
CUST-2716,Anwar Kusuma,surabaya,Instagram Ads,2025-10-30,63,7,2102300,3,4,4,344,Loyal
CUST-2717,Ivan Setiawan,Denpasar,Google Search,2025-12-20,12,10,1752000,5,5,4,554,Champions
CUST-2718,Nanda Firmansyah,denpasar,Referral,2025-12-31,1,8,3116750,5,4,5,545,Champions
CUST-2719,Anwar Wibowo,Palembang,TikTok Ads,2025-12-08,24,2,939000,4,2,3,423,Potential Loyalist
CUST-2720,Wawan Kusuma,Jakarta,Instagram Ads,2025-10-21,72,3,978500,3,3,3,333,Needs Attention
CUST-2721,Bagus Darmawan,Jakarta,TikTok Ads,2025-07-03,182,3,671000,2,3,2,232,At-Risk
CUST-2722,Cahya Kurniawan,Depok,Instagram Ads,2025-11-22,40,5,1045600,4,4,3,443,Champions
CUST-2723,Endah Wibowo,Jakarta,TikTok Ads,2025-12-31,1,13,3259650,5,5,5,555,Champions
CUST-2724,Mega Anggraini,Semarang,Marketplace,2025-12-23,9,5,2576000,5,4,5,545,Champions
CUST-2725,Yuni Maulana,Malang,Referral,2025-03-01,306,5,920300,1,4,3,143,Loyal
CUST-2726,Vina Cahyani,Jakarta,Instagram Ads,2025-12-17,15,1,126000,5,1,1,511,Potential Loyalist
CUST-2727,Lukman Anggraini,Jakarta,TikTok Ads,2025-11-23,39,3,2078850,4,3,4,434,Potential Loyalist
CUST-2728,Rizky Utami,Jakarta,TikTok Ads,2025-10-30,63,1,297000,3,1,1,311,Needs Attention
CUST-2729,Zaki Gunawan,Jakarta,Instagram Ads,2024-11-04,423,1,142400,1,1,1,111,Lost
CUST-2730,Putri Santoso,Semarang,Organic Social,2025-12-25,7,4,837000,5,3,3,533,Potential Loyalist
CUST-2731,Zahra Lestari,Makassar,Google Search,2025-12-31,1,6,1359000,5,4,3,543,Champions
CUST-2732,Wawan Darmawan,Bandung,Instagram Ads,2025-12-01,31,2,923400,4,2,3,423,Potential Loyalist
CUST-2733,Beni Santoso,Palembang,Organic Social,2025-03-20,287,8,3936250,1,4,5,145,Loyal
CUST-2734,Zahra Hartono,Bandung,Instagram Ads,2024-04-25,616,1,405000,1,1,2,112,Lost
CUST-2735,Laras Marliana,Tangerang,Instagram Ads,2025-10-08,85,2,1158050,3,2,3,323,Needs Attention
CUST-2736,Ulfa Setiawan,Surabaya,Instagram Ads,2025-12-08,24,5,1345950,4,4,3,443,Champions
CUST-2737,Faisal Sukmawati,Jakarta,Marketplace,2025-12-23,9,7,1275850,5,4,3,543,Champions
CUST-2738,Kevin Hidayat,Solo,Instagram Ads,2025-12-27,5,5,1514450,5,4,4,544,Champions
CUST-2739,Indra Wijaya,jakarta,Referral,2025-10-31,62,4,496900,3,3,2,332,Needs Attention
CUST-2740,Irfan Handoko,Jakarta,TikTok Ads,2025-12-29,3,3,404000,5,3,2,532,Potential Loyalist
CUST-2741,Indra Handoko,Jakarta,Organic Social,2025-11-11,51,11,2483900,3,5,4,354,Loyal
CUST-2742,Farah Permana,Jakarta,TikTok Ads,2025-10-07,86,2,428000,3,2,2,322,Needs Attention
CUST-2743,Irfan Sukmawati,Jakarta,Organic Social,2025-08-18,136,2,1194000,2,2,3,223,Lost
CUST-2744,Ayu Handoko,Jakarta,TikTok Ads,2025-08-12,142,3,960000,2,3,3,233,At-Risk
CUST-2745,Taufik Prakoso,Tangerang,TikTok Ads,2025-10-24,69,3,589000,3,3,2,332,Needs Attention
CUST-2746,Omar Saputra,Jakarta,Marketplace,2025-12-20,12,13,2583650,5,5,5,555,Champions
CUST-2747,Vina Wibowo,Bandung,TikTok Ads,2024-08-25,494,2,470000,1,2,2,122,Lost
CUST-2748,Hilda Saputra,Jakarta,Instagram Ads,2025-10-10,83,3,1496300,3,3,4,334,Needs Attention
CUST-2749,Cindy Handoko,jakarta,Instagram Ads,2025-12-26,6,10,1818950,5,5,4,554,Champions
CUST-2750,Gita Pratama,Bandung,TikTok Ads,2025-11-16,46,1,88500,4,1,1,411,Potential Loyalist
CUST-2751,Cahya Ramadhan,Denpasar,TikTok Ads,2025-12-19,13,11,2513200,5,5,4,554,Champions
CUST-2752,Reza Lestari,Depok,Referral,2025-12-10,22,13,2688000,4,5,5,455,Champions
CUST-2753,Dewi Halim,Palembang,Organic Social,2025-12-24,8,8,3924400,5,4,5,545,Champions
CUST-2754,Rangga Saputra,Denpasar,Marketplace,2025-04-07,269,1,125000,1,1,1,111,Lost
CUST-2755,Beni Prakoso,Bandung,TikTok Ads,2024-09-20,468,3,514700,1,3,2,132,At-Risk
CUST-2756,Citra Wibowo,Jakarta,TikTok Ads,2025-09-27,96,19,4894400,3,5,5,355,Loyal
CUST-2757,Kartika Saputra,Surabaya,Instagram Ads,2025-12-12,20,9,2475200,4,5,4,454,Champions
CUST-2758,Bagus Halim,Semarang,TikTok Ads,2025-07-18,167,2,694800,2,2,2,222,Lost
CUST-2759,Oki Saputra,Medan,Instagram Ads,2024-03-26,646,1,97750,1,1,1,111,Lost
CUST-2760,Citra Yulianti,Yogyakarta,TikTok Ads,2025-11-29,33,6,1290750,4,4,3,443,Champions
CUST-2761,Faisal Hartono,Bandar Lampung,Google Search,2024-12-08,389,1,580000,1,1,2,112,Lost
CUST-2762,Sari Firmansyah,Bekasi,TikTok Ads,2025-01-18,348,1,156000,1,1,1,111,Lost
CUST-2763,Anwar Hidayat,Jakarta,Organic Social,2025-10-23,70,4,1146350,3,3,3,333,Needs Attention
CUST-2764,Beni Halim,jakarta,Instagram Ads,2025-12-23,9,18,6483750,5,5,5,555,Champions
CUST-2765,Yoga Yulianti,Semarang,Marketplace,2025-01-09,357,1,228000,1,1,1,111,Lost
CUST-2766,Sinta Yulianti,Bekasi,Instagram Ads,2025-11-17,45,19,5864200,4,5,5,455,Champions
CUST-2767,Bayu Kurniawan,Jakarta,Organic Social,2025-11-16,46,17,4970350,4,5,5,455,Champions
CUST-2768,Erik Kurniawan,Denpasar,TikTok Ads,2025-12-15,17,16,4255650,5,5,5,555,Champions
CUST-2769,Omar Yulianti,Makassar,Organic Social,2025-10-01,92,3,833550,3,3,3,333,Needs Attention
CUST-2770,Prita Setiawan,Pekanbaru,Instagram Ads,2024-11-01,426,4,900000,1,3,3,133,At-Risk
CUST-2771,Joko Lestari,Malang,TikTok Ads,2025-11-02,60,2,588000,3,2,2,322,Needs Attention
CUST-2772,Mega Yulianti,Bandar Lampung,Referral,2024-03-22,650,1,698000,1,1,2,112,Lost
CUST-2773,Wulan Sukmawati,Surabaya,Instagram Ads,2025-12-26,6,11,2164200,5,5,4,554,Champions
CUST-2774,Eka Yulianti,Bandung,Instagram Ads,2025-11-02,60,5,1222750,3,4,3,343,Loyal
CUST-2775,Hesti Wijaya,Jakarta,Instagram Ads,2025-12-13,19,4,1625000,5,3,4,534,Potential Loyalist
CUST-2776,Sinta Kurniawan,Bandung,Organic Social,2025-10-11,82,5,967000,3,4,3,343,Loyal
CUST-2777,Ulfa Wijaya,Palembang,Organic Social,2025-06-19,196,2,769500,2,2,2,222,Lost
CUST-2778,Omar Hidayat,Bandar Lampung,Referral,2025-12-31,1,15,3488950,5,5,5,555,Champions
CUST-2779,Gita Kusuma,Jakarta,Instagram Ads,2025-07-22,163,2,2385000,2,2,4,224,Lost
CUST-2780,Endah Kusuma,Palembang,Instagram Ads,2025-07-29,156,1,1500000,2,1,4,214,Lost
CUST-2781,Rizky Ramadhan,Surabaya,TikTok Ads,2025-10-31,62,2,830000,3,2,3,323,Needs Attention
CUST-2782,Yoga Sukmawati,Depok,Instagram Ads,2025-12-24,8,19,4714250,5,5,5,555,Champions
CUST-2783,Doni Marliana,Semarang,Marketplace,2025-01-23,343,3,1019500,1,3,3,133,At-Risk
CUST-2784,Mega Kurniawan,Jakarta,TikTok Ads,2025-06-22,193,5,1756000,2,4,4,244,Loyal
CUST-2785,Omar Ramadhan,Bandung,TikTok Ads,2025-12-13,19,11,2583400,5,5,5,555,Champions
CUST-2786,Maya Yulianti,semarang,Referral,2025-12-02,30,21,6699050,4,5,5,455,Champions
CUST-2787,Kartika Marliana,Yogyakarta,Google Search,2025-12-29,3,7,1294550,5,4,3,543,Champions
CUST-2788,Faisal Lestari,Bandung,Organic Social,2025-09-23,100,11,2007750,3,5,4,354,Loyal
CUST-2789,Hilda Wibowo,Jakarta,TikTok Ads,2025-02-12,323,1,140400,1,1,1,111,Lost
CUST-2790,Kevin Kusuma,Jakarta,Instagram Ads,2025-07-25,160,4,1170750,2,3,3,233,At-Risk
CUST-2791,Cindy Halim,Bandung,Google Search,2025-06-13,202,3,932500,2,3,3,233,At-Risk
CUST-2792,Sinta Sukmawati,Bandung,Organic Social,2025-11-29,33,1,38000,4,1,1,411,Potential Loyalist
CUST-2793,Zahra Kusuma,Denpasar,Instagram Ads,2024-05-24,587,1,244000,1,1,1,111,Lost
CUST-2794,Reza Ramadhan,surabaya,Google Search,2024-08-29,490,2,318000,1,2,1,121,Lost
CUST-2795,Zahra Handoko,Jakarta,Instagram Ads,2025-11-09,53,10,2696400,3,5,5,355,Loyal
CUST-2796,Kartika Santoso,Bandung,Organic Social,2025-12-11,21,6,2400700,4,4,4,444,Champions
CUST-2797,Eka Gunawan,Jakarta,Referral,2025-10-03,90,2,688750,3,2,2,322,Needs Attention
CUST-2798,Citra Setiawan,Semarang,TikTok Ads,2025-04-27,249,2,774000,1,2,2,122,Lost
CUST-2799,Mega Nugroho,Yogyakarta,TikTok Ads,2025-11-01,61,2,120750,3,2,1,321,Needs Attention
CUST-2800,Zahra Halim,Bandung,Organic Social,2025-12-13,19,13,3136200,5,5,5,555,Champions
CUST-2801,Hesti Kurniawan,Denpasar,Marketplace,2025-11-28,34,5,1084400,4,4,3,443,Champions
CUST-2802,Vina Darmawan,Surabaya,Referral,2025-11-21,41,4,778000,4,3,2,432,Potential Loyalist
CUST-2803,Anwar Sukmawati,Surabaya,Instagram Ads,2025-10-29,64,8,1971000,3,4,4,344,Loyal
CUST-2804,Omar Halim,Surabaya,Referral,2025-08-02,152,2,476950,2,2,2,222,Lost
CUST-2805,Umar Cahyani,Surabaya,Instagram Ads,2025-10-31,62,2,323000,3,2,1,321,Needs Attention
CUST-2806,Tono Sukmawati,Unknown,TikTok Ads,2025-08-29,125,8,2435900,2,4,4,244,Loyal
CUST-2807,Fajar Suryadi,Semarang,Organic Social,2025-12-02,30,9,2705400,4,5,5,455,Champions
CUST-2808,Sari Purnama,Surabaya,Referral,2025-12-26,6,16,3881850,5,5,5,555,Champions
CUST-2809,Krisna Pratama,Jakarta,Instagram Ads,2025-06-14,201,2,580250,2,2,2,222,Lost
CUST-2810,Kartika Cahyani,Malang,Instagram Ads,2025-12-02,30,5,1737600,4,4,4,444,Champions
CUST-2811,Jihan Wibowo,Jakarta,Instagram Ads,2024-12-03,394,3,1253000,1,3,3,133,At-Risk
CUST-2812,Sari Utami,Unknown,Organic Social,2025-10-04,89,5,1243300,3,4,3,343,Loyal
CUST-2813,Kartika Kurniawan,Palembang,TikTok Ads,2025-12-16,16,3,575600,5,3,2,532,Potential Loyalist
CUST-2814,Dewi Wijaya,Depok,TikTok Ads,2024-10-19,439,5,1976900,1,4,4,144,Loyal
CUST-2815,Kevin Utami,Semarang,Organic Social,2025-08-11,143,5,1988200,2,4,4,244,Loyal
CUST-2816,Hesti Hartono,Jakarta,Organic Social,2025-12-29,3,12,3540150,5,5,5,555,Champions
CUST-2817,Yoga Santoso,Denpasar,TikTok Ads,2024-12-27,370,2,698250,1,2,2,122,Lost
CUST-2818,Ayu Kusuma,Makassar,TikTok Ads,2025-12-14,18,9,2755050,5,5,5,555,Champions
CUST-2819,Eka Saputra,Jakarta,Instagram Ads,2024-11-27,400,1,237600,1,1,1,111,Lost
CUST-2820,Joko Nugroho,Semarang,Referral,2025-10-29,64,8,1453350,3,4,3,343,Loyal
CUST-2821,Nadia Sukmawati,bogor,Organic Social,2025-09-29,94,2,646000,3,2,2,322,Needs Attention
CUST-2822,Ulfa Pratama,Semarang,TikTok Ads,2025-12-04,28,10,4081750,4,5,5,455,Champions
CUST-2823,Zahra Firmansyah,Palembang,Referral,2025-11-03,59,1,534000,3,1,2,312,Needs Attention
CUST-2824,Farah Firmansyah,Bogor,Organic Social,2025-06-30,185,3,735000,2,3,2,232,At-Risk
CUST-2825,Bayu Nugroho,Bandung,TikTok Ads,2025-10-27,66,7,1893000,3,4,4,344,Loyal
CUST-2826,Farah Setiawan,Yogyakarta,Google Search,2025-11-27,35,3,573500,4,3,2,432,Potential Loyalist
CUST-2827,Taufik Pratama,Semarang,Marketplace,2024-09-09,479,1,135000,1,1,1,111,Lost
CUST-2828,Dinda Wibowo,Depok,TikTok Ads,2025-12-11,21,3,274200,4,3,1,431,Potential Loyalist
CUST-2829,Doni Saputra,Bekasi,TikTok Ads,2024-10-18,440,1,261000,1,1,1,111,Lost
CUST-2830,Oki Hartono,Semarang,Instagram Ads,2025-12-15,17,3,1029500,5,3,3,533,Potential Loyalist
CUST-2831,Indra Purnama,Surabaya,Organic Social,2025-12-16,16,5,1116350,5,4,3,543,Champions
CUST-2832,Bayu Maulana,jakarta,Google Search,2025-11-25,37,9,3062300,4,5,5,455,Champions
CUST-2833,Galih Pratama,Solo,Google Search,2025-12-09,23,9,2399950,4,5,4,454,Champions
CUST-2834,Krisna Gunawan,Semarang,Referral,2025-11-05,57,2,734000,3,2,2,322,Needs Attention
CUST-2835,Maya Yulianti,Bogor,Google Search,2025-12-03,29,16,4710300,4,5,5,455,Champions
CUST-2836,Erik Anggraini,Yogyakarta,TikTok Ads,2025-12-21,11,1,330000,5,1,1,511,Potential Loyalist
CUST-2837,Jihan Nugroho,Unknown,Marketplace,2025-03-27,280,3,625000,1,3,2,132,At-Risk
CUST-2838,Adit Yulianti,Bandung,Google Search,2025-11-21,41,4,898000,4,3,3,433,Potential Loyalist
CUST-2839,Kartika Nugroho,Denpasar,Organic Social,2025-12-21,11,3,488500,5,3,2,532,Potential Loyalist
CUST-2840,Ayu Permana,Solo,Google Search,2024-10-05,453,2,270000,1,2,1,121,Lost
CUST-2841,Erik Hidayat,Palembang,TikTok Ads,2025-10-06,87,5,1705000,3,4,4,344,Loyal
CUST-2842,Maya Handoko,Jakarta,Google Search,2025-12-01,31,3,564700,4,3,2,432,Potential Loyalist
CUST-2843,Putri Hartono,Jakarta,Google Search,2025-11-15,47,2,281200,4,2,1,421,Potential Loyalist
CUST-2844,Putri Pratama,Yogyakarta,Instagram Ads,2025-12-14,18,13,5277400,5,5,5,555,Champions
CUST-2845,Cindy Ramadhan,Balikpapan,TikTok Ads,2025-01-20,346,2,87600,1,2,1,121,Lost
CUST-2846,Reza Saputra,Surabaya,Instagram Ads,2025-10-03,90,5,1170550,3,4,3,343,Loyal
CUST-2847,Anwar Purnama,Balikpapan,Instagram Ads,2025-11-04,58,2,466750,3,2,2,322,Needs Attention
CUST-2848,Laras Wijaya,Surabaya,TikTok Ads,2025-09-03,120,3,1000000,2,3,3,233,At-Risk
CUST-2849,Bayu Marliana,Yogyakarta,Google Search,2025-11-22,40,4,2479500,4,3,4,434,Potential Loyalist
CUST-2850,Hilda Cahyani,Jakarta,Instagram Ads,2025-08-11,143,4,1084050,2,3,3,233,At-Risk
CUST-2851,Nadia Wijaya,Jakarta,TikTok Ads,2025-09-21,102,1,425000,3,1,2,312,Needs Attention
CUST-2852,Ayu Prakoso,Bandung,Marketplace,2025-12-14,18,18,7447650,5,5,5,555,Champions
CUST-2853,Hana Lestari,Jakarta,Marketplace,2025-12-05,27,11,2785000,4,5,5,455,Champions
CUST-2854,Citra Darmawan,Makassar,Instagram Ads,2025-12-06,26,4,456700,4,3,2,432,Potential Loyalist
CUST-2855,Nanda Kurniawan,Pekanbaru,Google Search,2025-12-25,7,5,1094000,5,4,3,543,Champions
CUST-2856,Faisal Marliana,Denpasar,TikTok Ads,2025-03-13,294,2,302000,1,2,1,121,Lost
CUST-2857,Vina Kusuma,Semarang,Instagram Ads,2025-12-29,3,7,2444950,5,4,4,544,Champions
CUST-2858,Erik Santoso,Bogor,Marketplace,2024-11-08,419,1,244000,1,1,1,111,Lost
CUST-2859,Guntur Marliana,Bandung,Google Search,2025-11-13,49,7,1704750,4,4,4,444,Champions
CUST-2860,Fajar Kurniawan,Jakarta,Organic Social,2025-01-14,352,1,91200,1,1,1,111,Lost
CUST-2861,Prita Anggraini,Bandar Lampung,TikTok Ads,2025-11-27,35,8,1612100,4,4,4,444,Champions
CUST-2862,Omar Gunawan,Surabaya,Google Search,2025-12-21,11,7,1752100,5,4,4,544,Champions
CUST-2863,Sinta Permana,Tangerang,Instagram Ads,2024-10-11,447,1,610200,1,1,2,112,Lost
CUST-2864,Hana Rahayu,Bogor,TikTok Ads,2024-06-23,557,1,375000,1,1,1,111,Lost
CUST-2865,Dewi Rahayu,Surabaya,Organic Social,2025-05-05,241,3,593500,1,3,2,132,At-Risk
CUST-2866,Umar Hidayat,Jakarta,TikTok Ads,2025-11-29,33,3,680650,4,3,2,432,Potential Loyalist
CUST-2867,Guntur Rahayu,Bekasi,Referral,2025-09-09,114,2,1137000,2,2,3,223,Lost
CUST-2868,Hana Gunawan,Bogor,Google Search,2025-08-28,126,5,776050,2,4,2,242,Loyal
CUST-2869,Irfan Hartono,Tangerang,Instagram Ads,2025-11-20,42,4,925600,4,3,3,433,Potential Loyalist
CUST-2870,Hana Rahayu,Bandung,Instagram Ads,2025-12-20,12,1,289000,5,1,1,511,Potential Loyalist
CUST-2871,Ivan Kurniawan,Jakarta,Google Search,2025-05-27,219,6,866250,2,4,3,243,Loyal
CUST-2872,Lukman Yulianti,Jakarta,Marketplace,2025-09-20,103,2,829300,3,2,3,323,Needs Attention
CUST-2873,Tono Prakoso,Jakarta,Google Search,2024-04-29,612,1,141550,1,1,1,111,Lost
CUST-2874,Umar Maulana,Jakarta,TikTok Ads,2024-08-03,516,2,915000,1,2,3,123,Lost
CUST-2875,Beni Rahayu,Denpasar,Instagram Ads,2025-11-25,37,10,2098000,4,5,4,454,Champions
CUST-2876,Tono Hidayat,Semarang,Organic Social,2025-03-30,277,2,508000,1,2,2,122,Lost
CUST-2877,Mega Yulianti,Yogyakarta,TikTok Ads,2025-12-25,7,11,1800800,5,5,4,554,Champions
CUST-2878,Mega Hartono,Bandar Lampung,Google Search,2025-11-08,54,2,253800,3,2,1,321,Needs Attention
CUST-2879,Mega Purnama,Palembang,Google Search,2025-03-07,300,1,84550,1,1,1,111,Lost
CUST-2880,Wawan Suryadi,Jakarta,Instagram Ads,2025-12-02,30,8,1971300,4,4,4,444,Champions
CUST-2881,Kartika Nugroho,Unknown,Referral,2025-11-13,49,5,672400,4,4,2,442,Champions
CUST-2882,Kartika Firmansyah,Semarang,Instagram Ads,2025-12-30,2,12,3013600,5,5,5,555,Champions
CUST-2883,Irfan Prakoso,Bandung,Google Search,2025-12-22,10,8,1810800,5,4,4,544,Champions
CUST-2884,Hilda Gunawan,Unknown,Organic Social,2025-12-13,19,3,616350,5,3,2,532,Potential Loyalist
CUST-2885,Ivan Halim,Unknown,Marketplace,2025-10-16,77,5,996000,3,4,3,343,Loyal
CUST-2886,Mega Anggraini,Bekasi,Referral,2025-09-22,101,2,585100,3,2,2,322,Needs Attention
CUST-2887,Maya Firmansyah,Makassar,Google Search,2024-04-26,615,2,417600,1,2,2,122,Lost
CUST-2888,Ivan Permana,Malang,Marketplace,2025-02-19,316,5,957100,1,4,3,143,Loyal
CUST-2889,Kevin Saputra,Bandung,TikTok Ads,2025-01-31,335,1,220000,1,1,1,111,Lost
CUST-2890,Gita Santoso,Bekasi,Instagram Ads,2025-12-15,17,17,5041300,5,5,5,555,Champions
CUST-2891,Citra Handoko,Jakarta,TikTok Ads,2025-10-15,78,3,1152500,3,3,3,333,Needs Attention
CUST-2892,Fajar Hidayat,Bekasi,Marketplace,2025-12-30,2,8,1429900,5,4,3,543,Champions
CUST-2893,Omar Ramadhan,Bandung,Marketplace,2025-12-05,27,6,1191200,4,4,3,443,Champions
CUST-2894,Doni Anggraini,Balikpapan,Google Search,2025-12-25,7,10,2316150,5,5,4,554,Champions
CUST-2895,Mega Saputra,Surabaya,Instagram Ads,2025-10-20,73,11,2907000,3,5,5,355,Loyal
CUST-2896,Hesti Setiawan,Depok,Referral,2025-12-30,2,4,2774000,5,3,5,535,Potential Loyalist
CUST-2897,Sinta Lestari,Bekasi,Instagram Ads,2025-12-19,13,6,875500,5,4,3,543,Champions
CUST-2898,Putri Yulianti,Denpasar,Google Search,,,0,0,,,,,Never Purchased
CUST-2899,Umar Halim,Jakarta,Google Search,2025-12-21,11,14,6163200,5,5,5,555,Champions
CUST-2900,Dewi Cahyani,Bandung,TikTok Ads,2024-07-02,548,1,495000,1,1,2,112,Lost
CUST-2901,Tono Lestari,Bogor,Instagram Ads,2025-09-24,99,1,112000,3,1,1,311,Needs Attention
CUST-2902,Irfan Lestari,Jakarta,Marketplace,2025-07-24,161,3,465200,2,3,2,232,At-Risk
CUST-2903,Indra Kurniawan,Depok,TikTok Ads,2025-10-22,71,5,1270100,3,4,3,343,Loyal
CUST-2904,Putri Saputra,Jakarta,TikTok Ads,2025-06-21,194,2,902800,2,2,3,223,Lost
CUST-2905,Vina Handoko,Depok,Marketplace,2025-04-17,259,3,512100,1,3,2,132,At-Risk
CUST-2906,Doni Ramadhan,Bogor,Instagram Ads,2025-11-26,36,19,6500650,4,5,5,455,Champions
CUST-2907,Laras Kusuma,Denpasar,TikTok Ads,2025-08-19,135,3,663000,2,3,2,232,At-Risk
CUST-2908,Taufik Hartono,Depok,Instagram Ads,2025-10-12,81,2,275000,3,2,1,321,Needs Attention
CUST-2909,Endah Pratama,jakarta,Organic Social,2025-08-07,147,2,476000,2,2,2,222,Lost
CUST-2910,Adit Lestari,Semarang,Marketplace,2024-11-21,406,2,1133300,1,2,3,123,Lost
CUST-2911,Eka Prakoso,Bandung,Referral,2025-11-14,48,1,315000,4,1,1,411,Potential Loyalist
CUST-2912,Endah Lestari,Surabaya,Google Search,2025-11-25,37,17,4794300,4,5,5,455,Champions
CUST-2913,Bayu Prakoso,Jakarta,Instagram Ads,2025-12-20,12,11,3266700,5,5,5,555,Champions
CUST-2914,Adit Halim,Solo,TikTok Ads,2025-12-28,4,3,516750,5,3,2,532,Potential Loyalist
CUST-2915,Indra Kurniawan,Jakarta,Organic Social,2025-12-15,17,1,142400,5,1,1,511,Potential Loyalist
CUST-2916,Hana Rahayu,malang,Referral,2025-09-04,119,3,701000,2,3,2,232,At-Risk
CUST-2917,Laras Yulianti,Jakarta,Instagram Ads,2025-08-30,124,5,1501000,2,4,4,244,Loyal
CUST-2918,Prita Cahyani,Yogyakarta,Marketplace,2025-08-03,151,6,1686750,2,4,4,244,Loyal
CUST-2919,Omar Rahayu,Medan,TikTok Ads,2025-09-17,106,9,1542150,3,5,4,354,Loyal
CUST-2920,Vero Utami,Bandung,Organic Social,2025-04-30,246,2,336750,1,2,1,121,Lost
CUST-2921,Galih Nugroho,Bekasi,TikTok Ads,,,0,0,,,,,Never Purchased
CUST-2922,Krisna Nugroho,Palembang,Organic Social,2025-09-22,101,6,3456000,3,4,5,345,Loyal
CUST-2923,Maya Permana,Bekasi,Marketplace,2025-11-17,45,5,1610650,4,4,4,444,Champions
CUST-2924,Krisna Suryadi,Medan,TikTok Ads,2025-12-20,12,4,2041100,5,3,4,534,Potential Loyalist
CUST-2925,Tono Darmawan,Bekasi,TikTok Ads,2025-11-12,50,2,444750,4,2,2,422,Potential Loyalist
CUST-2926,Adit Hartono,Jakarta,Marketplace,2024-10-25,433,1,337500,1,1,1,111,Lost
CUST-2927,Bayu Pratama,Pekanbaru,Instagram Ads,2025-07-30,155,5,1411000,2,4,3,243,Loyal
CUST-2928,Cindy Kurniawan,Jakarta,Instagram Ads,2025-04-19,257,1,38000,1,1,1,111,Lost
CUST-2929,Omar Wijaya,Denpasar,Referral,2025-12-05,27,18,5055250,4,5,5,455,Champions
CUST-2930,Eka Pratama,Surabaya,Instagram Ads,2025-12-29,3,11,2395550,5,5,4,554,Champions
CUST-2931,Zaki Darmawan,Denpasar,Instagram Ads,2024-08-25,494,1,260100,1,1,1,111,Lost
CUST-2932,Umar Nugroho,Semarang,Marketplace,2025-10-03,90,6,2282000,3,4,4,344,Loyal
CUST-2933,Bagus Purnama,Bandar Lampung,Referral,2025-11-12,50,11,4073750,4,5,5,455,Champions
CUST-2934,Laras Maulana,Semarang,Instagram Ads,2025-11-20,42,6,938700,4,4,3,443,Champions
CUST-2935,Joko Kusuma,Jakarta,Instagram Ads,2025-05-31,215,3,969300,2,3,3,233,At-Risk
CUST-2936,Erik Hartono,Bandung,Instagram Ads,2024-03-06,666,1,356000,1,1,1,111,Lost
CUST-2937,Nanda Wijaya,Jakarta,TikTok Ads,2025-08-05,149,4,2968200,2,3,5,235,At-Risk
CUST-2938,Kevin Kurniawan,Jakarta,Instagram Ads,2025-02-03,332,1,245000,1,1,1,111,Lost
CUST-2939,Cahya Maulana,Jakarta,Referral,2025-03-10,297,4,834750,1,3,3,133,At-Risk
CUST-2940,Adit Lestari,Jakarta,TikTok Ads,2025-10-25,68,2,222000,3,2,1,321,Needs Attention
CUST-2941,Wawan Yulianti,Medan,Google Search,2025-02-07,328,1,259000,1,1,1,111,Lost
CUST-2942,Zahra Darmawan,Jakarta,Instagram Ads,2025-10-14,79,2,228500,3,2,1,321,Needs Attention
CUST-2943,Rizky Purnama,Yogyakarta,Instagram Ads,2025-08-30,124,4,870600,2,3,3,233,At-Risk
CUST-2944,Hana Pratama,Semarang,Organic Social,2025-03-10,297,1,106400,1,1,1,111,Lost
CUST-2945,Galih Nugroho,Bandung,Google Search,2025-01-24,342,1,114000,1,1,1,111,Lost
CUST-2946,Umar Utami,Semarang,TikTok Ads,2025-12-09,23,4,793000,4,3,2,432,Potential Loyalist
CUST-2947,Farah Yulianti,Solo,Marketplace,2025-09-24,99,5,1075000,3,4,3,343,Loyal
CUST-2948,Joko Lestari,Jakarta,Instagram Ads,2025-05-12,234,4,1115200,1,3,3,133,At-Risk
CUST-2949,Jasmine Kurniawan,Palembang,Google Search,2025-12-13,19,13,4564950,5,5,5,555,Champions
CUST-2950,Erik Suryadi,Jakarta,Organic Social,2025-08-22,132,4,1573000,2,3,4,234,At-Risk
CUST-2951,Prita Gunawan,Surabaya,TikTok Ads,2025-07-30,155,5,2386000,2,4,4,244,Loyal
CUST-2952,Nadia Prakoso,Jakarta,TikTok Ads,2025-12-31,1,7,1205250,5,4,3,543,Champions
CUST-2953,Yuni Purnama,Semarang,TikTok Ads,2025-02-02,333,6,1049800,1,4,3,143,Loyal
CUST-2954,Hana Lestari,Jakarta,Marketplace,2025-08-16,138,4,1060000,2,3,3,233,At-Risk
CUST-2955,Ayu Darmawan,Semarang,Referral,2025-12-25,7,5,1371800,5,4,3,543,Champions
CUST-2956,Citra Yulianti,tangerang,Organic Social,2025-12-20,12,3,722400,5,3,2,532,Potential Loyalist
CUST-2957,Dewi Kurniawan,Solo,Instagram Ads,2025-11-04,58,4,955250,3,3,3,333,Needs Attention
CUST-2958,Oki Anggraini,Semarang,Organic Social,2025-11-02,60,5,1541750,3,4,4,344,Loyal
CUST-2959,Galih Permana,Semarang,Google Search,2025-04-16,260,4,639000,1,3,2,132,At-Risk
CUST-2960,Laras Sukmawati,Medan,Referral,2025-09-19,104,2,547200,3,2,2,322,Needs Attention
CUST-2961,Erik Saputra,semarang,Organic Social,2025-12-30,2,10,2165100,5,5,4,554,Champions
CUST-2962,Doni Wijaya,Solo,TikTok Ads,2025-08-09,145,4,622100,2,3,2,232,At-Risk
CUST-2963,Citra Kusuma,Jakarta,Instagram Ads,2025-11-10,52,2,229100,3,2,1,321,Needs Attention
CUST-2964,Wulan Suryadi,Bogor,Referral,2025-09-03,120,1,605200,2,1,2,212,Lost
CUST-2965,Nanda Darmawan,Bekasi,Instagram Ads,2025-02-07,328,2,446250,1,2,2,122,Lost
CUST-2966,Tono Sukmawati,Jakarta,Referral,2025-04-22,254,2,680000,1,2,2,122,Lost
CUST-2967,Ivan Rahayu,Surabaya,Google Search,2025-04-08,268,2,650250,1,2,2,122,Lost
CUST-2968,Adit Pratama,Bekasi,Google Search,2025-04-05,271,2,348000,1,2,1,121,Lost
CUST-2969,Joko Prakoso,Bogor,Instagram Ads,2025-11-16,46,4,570150,4,3,2,432,Potential Loyalist
CUST-2970,Taufik Setiawan,Denpasar,Marketplace,2025-06-03,212,5,903850,2,4,3,243,Loyal
CUST-2971,Adit Setiawan,Medan,Organic Social,2025-06-09,206,2,479000,2,2,2,222,Lost
CUST-2972,Guntur Kurniawan,Bandung,TikTok Ads,2025-12-22,10,9,1786500,5,5,4,554,Champions
CUST-2973,Jasmine Hartono,Yogyakarta,Organic Social,2025-10-23,70,2,551650,3,2,2,322,Needs Attention
CUST-2974,Hana Marliana,Solo,Instagram Ads,2025-10-02,91,1,330000,3,1,1,311,Needs Attention
CUST-2975,Fajar Lestari,Bogor,Instagram Ads,2025-11-29,33,3,707750,4,3,2,432,Potential Loyalist
CUST-2976,Zahra Purnama,Medan,Marketplace,2025-06-16,199,2,309600,2,2,1,221,Lost
CUST-2977,Sinta Pratama,Bandung,Instagram Ads,2025-09-08,115,6,1592600,2,4,4,244,Loyal
CUST-2978,Vina Wibowo,Jakarta,Marketplace,,,0,0,,,,,Never Purchased
CUST-2979,Ayu Maulana,medan,TikTok Ads,2025-03-13,294,4,1414700,1,3,3,133,At-Risk
CUST-2980,Reza Sukmawati,Tangerang,Instagram Ads,2025-02-22,313,2,117750,1,2,1,121,Lost
CUST-2981,Jasmine Halim,Jakarta,Google Search,2025-12-09,23,3,1119500,4,3,3,433,Potential Loyalist
CUST-2982,Ayu Halim,Semarang,Instagram Ads,2025-11-08,54,18,5635150,3,5,5,355,Loyal
CUST-2983,Indra Anggraini,Bandung,Instagram Ads,2025-06-12,203,2,270650,2,2,1,221,Lost
CUST-2984,Oki Gunawan,palembang,Marketplace,2025-12-13,19,18,4957850,5,5,5,555,Champions
CUST-2985,Anwar Setiawan,Jakarta,Marketplace,2024-12-22,375,1,156000,1,1,1,111,Lost
CUST-2986,Eka Firmansyah,Semarang,Instagram Ads,2025-11-21,41,9,2574700,4,5,5,455,Champions
CUST-2987,Guntur Marliana,Makassar,TikTok Ads,2025-05-07,239,4,1710000,1,3,4,134,At-Risk
CUST-2988,Rangga Maulana,Malang,TikTok Ads,2025-04-13,263,2,120000,1,2,1,121,Lost
CUST-2989,Fajar Pratama,Jakarta,Instagram Ads,2024-12-04,393,1,107100,1,1,1,111,Lost
CUST-2990,Kevin Firmansyah,Malang,TikTok Ads,2025-08-10,144,4,2074000,2,3,4,234,At-Risk
CUST-2991,Vero Gunawan,bandung,Instagram Ads,2025-12-07,25,17,6614300,4,5,5,455,Champions
CUST-2992,Anwar Marliana,tangerang,Referral,2025-12-09,23,16,3656750,4,5,5,455,Champions
CUST-2993,Hilda Permana,Solo,Google Search,2024-09-22,466,1,293250,1,1,1,111,Lost
CUST-2994,Umar Wibowo,Palembang,Organic Social,2025-10-19,74,7,1159000,3,4,3,343,Loyal
CUST-2995,Wulan Sukmawati,Jakarta,Organic Social,2025-11-18,44,3,489000,4,3,2,432,Potential Loyalist
CUST-2996,Yuni Setiawan,Solo,Marketplace,2025-11-28,34,2,204000,4,2,1,421,Potential Loyalist
CUST-2997,Zahra Nugroho,Jakarta,Referral,2025-12-31,1,18,3839050,5,5,5,555,Champions
CUST-2998,Adit Rahayu,Jakarta,TikTok Ads,2025-07-12,173,4,1184000,2,3,3,233,At-Risk
CUST-2999,Joko Handoko,Surabaya,Instagram Ads,2025-12-03,29,10,2167800,4,5,4,454,Champions
CUST-3000,Doni Rahayu,Solo,Organic Social,2025-09-09,114,7,1803500,2,4,4,244,Loyal
CUST-3001,Kartika Purnama,bandung,Instagram Ads,2025-03-04,303,2,361600,1,2,1,121,Lost
CUST-3002,Umar Rahayu,Jakarta,Google Search,2025-12-10,22,6,1549650,4,4,4,444,Champions
CUST-3003,Cahya Saputra,Solo,TikTok Ads,2025-11-15,47,11,3409250,4,5,5,455,Champions
CUST-3004,Joko Nugroho,Bandung,Instagram Ads,2025-07-16,169,2,404750,2,2,2,222,Lost
CUST-3005,Yuni Kusuma,Bandung,TikTok Ads,2025-11-16,46,6,1506500,4,4,4,444,Champions
CUST-3006,Sari Yulianti,Medan,Instagram Ads,2025-12-16,16,5,1056250,5,4,3,543,Champions
CUST-3007,Anwar Saputra,Depok,TikTok Ads,2025-09-29,94,11,3213000,3,5,5,355,Loyal
CUST-3008,Citra Utami,Jakarta,TikTok Ads,2025-12-19,13,8,3606600,5,4,5,545,Champions
CUST-3009,Wulan Santoso,Bandung,TikTok Ads,2025-12-22,10,8,2302000,5,4,4,544,Champions
CUST-3010,Guntur Darmawan,Bandung,Instagram Ads,2025-11-14,48,4,1109100,4,3,3,433,Potential Loyalist
CUST-3011,Dinda Marliana,Bogor,TikTok Ads,2024-03-09,663,1,220000,1,1,1,111,Lost
CUST-3012,Guntur Pratama,Jakarta,Instagram Ads,2025-03-16,291,2,978000,1,2,3,123,Lost
CUST-3013,Dinda Utami,Surabaya,TikTok Ads,2025-03-05,302,3,864000,1,3,3,133,At-Risk
CUST-3014,Dewi Cahyani,Jakarta,Instagram Ads,2025-10-12,81,2,471000,3,2,2,322,Needs Attention
CUST-3015,Dewi Santoso,Medan,Instagram Ads,2025-12-17,15,9,3053400,5,5,5,555,Champions
CUST-3016,Putri Nugroho,Bandung,Referral,2025-12-03,29,6,1277200,4,4,3,443,Champions
CUST-3017,Krisna Maulana,Yogyakarta,Instagram Ads,2025-12-19,13,7,2832850,5,4,5,545,Champions
CUST-3018,Yuni Ramadhan,Bekasi,Referral,2025-12-01,31,11,1874250,4,5,4,454,Champions
CUST-3019,Reza Permana,Solo,Organic Social,2024-01-16,716,1,250000,1,1,1,111,Lost
CUST-3020,Prita Nugroho,Makassar,Instagram Ads,2025-12-28,4,20,8918600,5,5,5,555,Champions
CUST-3021,Hana Pratama,Balikpapan,TikTok Ads,2025-08-01,153,2,345000,2,2,1,221,Lost
CUST-3022,Yoga Pratama,Jakarta,TikTok Ads,2025-10-26,67,3,480000,3,3,2,332,Needs Attention
CUST-3023,Bayu Nugroho,Bekasi,TikTok Ads,2025-07-04,181,2,545000,2,2,2,222,Lost
CUST-3024,Erik Halim,Semarang,Instagram Ads,2025-12-21,11,3,649000,5,3,2,532,Potential Loyalist
CUST-3025,Jihan Saputra,Jakarta,TikTok Ads,2025-12-04,28,9,3876150,4,5,5,455,Champions
CUST-3026,Gita Marliana,Bogor,Marketplace,2025-09-15,108,3,622000,3,3,2,332,Needs Attention
CUST-3027,Krisna Gunawan,Jakarta,Organic Social,2025-11-21,41,6,1668700,4,4,4,444,Champions
CUST-3028,Sinta Handoko,Yogyakarta,Instagram Ads,2025-11-15,47,6,803250,4,4,2,442,Champions
CUST-3029,Kartika Prakoso,Depok,Instagram Ads,2025-11-17,45,13,5957450,4,5,5,455,Champions
CUST-3030,Yuni Handoko,Medan,TikTok Ads,2025-11-23,39,5,2546500,4,4,4,444,Champions
CUST-3031,Taufik Gunawan,Surabaya,Instagram Ads,2025-12-14,18,5,781200,5,4,2,542,Champions
CUST-3032,Hilda Halim,Makassar,Instagram Ads,2025-10-11,82,8,2414850,3,4,4,344,Loyal
CUST-3033,Rizky Santoso,Jakarta,Instagram Ads,2025-11-10,52,11,2873400,3,5,5,355,Loyal
CUST-3034,Dinda Firmansyah,Bandar Lampung,TikTok Ads,2025-12-19,13,21,5918950,5,5,5,555,Champions
CUST-3035,Ulfa Nugroho,Bandung,Google Search,2025-11-29,33,8,2405250,4,4,4,444,Champions
CUST-3036,Hesti Santoso,Malang,Instagram Ads,2025-12-12,20,11,3534900,4,5,5,455,Champions
CUST-3037,Eka Prakoso,Jakarta,Instagram Ads,2025-12-12,20,11,2439550,4,5,4,454,Champions
CUST-3038,Rizky Suryadi,Bogor,Referral,2025-12-28,4,20,5414450,5,5,5,555,Champions
CUST-3039,Vero Yulianti,Bekasi,Instagram Ads,2025-11-05,57,2,856000,3,2,3,323,Needs Attention
CUST-3040,Adit Lestari,Denpasar,Instagram Ads,2025-01-12,354,2,1182000,1,2,3,123,Lost
CUST-3041,Joko Suryadi,Jakarta,TikTok Ads,2024-03-08,664,2,385000,1,2,2,122,Lost
CUST-3042,Putri Setiawan,Depok,TikTok Ads,2025-10-13,80,4,447350,3,3,2,332,Needs Attention
CUST-3043,Doni Kurniawan,Bekasi,TikTok Ads,2025-11-23,39,2,843000,4,2,3,423,Potential Loyalist
CUST-3044,Galih Rahayu,Depok,Instagram Ads,2025-12-25,7,6,2328400,5,4,4,544,Champions
CUST-3045,Sinta Yulianti,Surabaya,Google Search,2025-03-01,306,1,780000,1,1,2,112,Lost
CUST-3046,Citra Darmawan,Jakarta,Referral,2025-11-20,42,9,1578700,4,5,4,454,Champions
CUST-3047,Cindy Gunawan,Solo,Instagram Ads,2025-09-03,120,2,1232500,2,2,3,223,Lost
CUST-3048,Hana Gunawan,Jakarta,TikTok Ads,2025-11-13,49,4,656750,4,3,2,432,Potential Loyalist
CUST-3049,Faisal Ramadhan,Bandung,Referral,2025-12-02,30,10,3725000,4,5,5,455,Champions
CUST-3050,Anwar Kusuma,jakarta,Organic Social,2025-11-06,56,5,897000,3,4,3,343,Loyal
CUST-3051,Vero Anggraini,Bandung,Referral,2025-11-21,41,5,1987000,4,4,4,444,Champions
CUST-3052,Zahra Wibowo,Surabaya,Referral,2025-09-09,114,2,436750,2,2,2,222,Lost
CUST-3053,Erik Permana,Surabaya,Marketplace,2024-12-24,373,2,955000,1,2,3,123,Lost
CUST-3054,Irfan Wibowo,Yogyakarta,Referral,2025-12-15,17,5,875800,5,4,3,543,Champions
CUST-3055,Wawan Saputra,Jakarta,Referral,2025-12-25,7,2,669000,5,2,2,522,Potential Loyalist
CUST-3056,Nadia Halim,Balikpapan,Instagram Ads,2025-08-16,138,1,390000,2,1,2,212,Lost
CUST-3057,Irfan Ramadhan,Semarang,Referral,2025-12-29,3,2,453600,5,2,2,522,Potential Loyalist
CUST-3058,Mega Ramadhan,Depok,Instagram Ads,2025-12-31,1,11,4089200,5,5,5,555,Champions
CUST-3059,Adit Gunawan,Jakarta,Organic Social,2025-08-10,144,2,1052500,2,2,3,223,Lost
CUST-3060,Fajar Marliana,Denpasar,TikTok Ads,2025-08-27,127,3,577400,2,3,2,232,At-Risk
CUST-3061,Maya Ramadhan,Bogor,Google Search,2024-12-27,370,1,480600,1,1,2,112,Lost
CUST-3062,Hilda Anggraini,Bandung,TikTok Ads,2025-12-09,23,4,1625100,4,3,4,434,Potential Loyalist
CUST-3063,Guntur Pratama,Bandung,Instagram Ads,2024-12-31,366,2,345750,1,2,1,121,Lost
CUST-3064,Guntur Wibowo,Bekasi,Referral,2025-09-13,110,5,1197450,2,4,3,243,Loyal
CUST-3065,Reza Halim,Jakarta,TikTok Ads,2024-03-28,644,1,78000,1,1,1,111,Lost
CUST-3066,Hilda Suryadi,Jakarta,TikTok Ads,2025-09-24,99,5,1536000,3,4,4,344,Loyal
CUST-3067,Tono Kusuma,Jakarta,Google Search,2025-06-14,201,2,795000,2,2,2,222,Lost
CUST-3068,Laras Setiawan,Semarang,Instagram Ads,2025-08-19,135,3,1044000,2,3,3,233,At-Risk
CUST-3069,Mega Handoko,Surabaya,Organic Social,2025-06-08,207,1,50000,2,1,1,211,Lost
CUST-3070,Adit Nugroho,Jakarta,Marketplace,2025-11-03,59,11,2897300,3,5,5,355,Loyal
CUST-3071,Eka Wijaya,Palembang,TikTok Ads,2025-09-24,99,4,802000,3,3,2,332,Needs Attention
CUST-3072,Nanda Yulianti,Jakarta,Marketplace,2025-08-28,126,2,338500,2,2,1,221,Lost
CUST-3073,Wawan Ramadhan,Surabaya,Instagram Ads,2025-06-11,204,2,866000,2,2,3,223,Lost
CUST-3074,Endah Kusuma,Jakarta,Instagram Ads,2025-11-13,49,3,420350,4,3,2,432,Potential Loyalist
CUST-3075,Doni Kusuma,Bandung,Google Search,2025-11-27,35,10,4546900,4,5,5,455,Champions
CUST-3076,Oki Purnama,Bekasi,Instagram Ads,2025-02-27,308,1,311100,1,1,1,111,Lost
CUST-3077,Omar Sukmawati,Surabaya,Google Search,2025-11-11,51,21,6369000,3,5,5,355,Loyal
CUST-3078,Nadia Utami,Solo,Instagram Ads,2025-04-19,257,2,826500,1,2,3,123,Lost
CUST-3079,Laras Nugroho,Tangerang,Organic Social,2025-10-06,87,2,221800,3,2,1,321,Needs Attention
CUST-3080,Citra Wijaya,Jakarta,Instagram Ads,2024-11-27,400,3,525500,1,3,2,132,At-Risk
CUST-3081,Kartika Anggraini,Surabaya,Organic Social,2025-11-04,58,4,875000,3,3,3,333,Needs Attention
CUST-3082,Rangga Hartono,Semarang,Referral,2025-02-26,309,4,975500,1,3,3,133,At-Risk
CUST-3083,Jihan Maulana,Medan,TikTok Ads,2025-11-27,35,3,1025000,4,3,3,433,Potential Loyalist
CUST-3084,Guntur Pratama,Jakarta,Instagram Ads,2025-08-01,153,4,934050,2,3,3,233,At-Risk
CUST-3085,Nadia Wijaya,Semarang,Instagram Ads,2025-11-25,37,9,1930800,4,5,4,454,Champions
CUST-3086,Putri Hartono,Bekasi,Instagram Ads,2025-11-29,33,12,2351800,4,5,4,454,Champions
CUST-3087,Irfan Kusuma,Bandung,TikTok Ads,2025-08-23,131,1,534000,2,1,2,212,Lost
CUST-3088,Eka Wijaya,Jakarta,Instagram Ads,2024-05-21,590,1,296400,1,1,1,111,Lost
CUST-3089,Hilda Sukmawati,Surabaya,Instagram Ads,,,0,0,,,,,Never Purchased
CUST-3090,Oki Handoko,Unknown,TikTok Ads,2025-12-24,8,20,4924650,5,5,5,555,Champions
CUST-3091,Nanda Hartono,Yogyakarta,Instagram Ads,2025-12-06,26,5,903750,4,4,3,443,Champions
CUST-3092,Ayu Kurniawan,Bekasi,Instagram Ads,2025-12-28,4,10,3905900,5,5,5,555,Champions
CUST-3093,Yoga Sukmawati,Surabaya,TikTok Ads,2025-08-02,152,1,1900000,2,1,4,214,Lost
CUST-3094,Sari Santoso,Denpasar,Instagram Ads,2025-03-21,286,1,349000,1,1,1,111,Lost
CUST-3095,Vina Kurniawan,Medan,Organic Social,2025-12-14,18,6,1300200,5,4,3,543,Champions
CUST-3096,Galih Wibowo,Medan,Instagram Ads,2025-09-29,94,2,440500,3,2,2,322,Needs Attention
CUST-3097,Jasmine Pratama,Yogyakarta,TikTok Ads,2025-06-29,186,2,517000,2,2,2,222,Lost
CUST-3098,Doni Lestari,Medan,Google Search,2024-03-31,641,1,675000,1,1,2,112,Lost
CUST-3099,Ulfa Utami,Depok,Instagram Ads,2025-12-20,12,2,1462500,5,2,3,523,Potential Loyalist
CUST-3100,Sari Suryadi,Surabaya,TikTok Ads,2025-12-13,19,5,942150,5,4,3,543,Champions
CUST-3101,Gita Marliana,Denpasar,Marketplace,2025-04-21,255,1,364500,1,1,1,111,Lost
CUST-3102,Bagus Pratama,tangerang,Google Search,2025-12-04,28,6,1441550,4,4,3,443,Champions
CUST-3103,Sari Wijaya,Jakarta,Instagram Ads,2025-12-13,19,18,6238600,5,5,5,555,Champions
CUST-3104,Yuni Pratama,Tangerang,TikTok Ads,2025-11-18,44,6,1661050,4,4,4,444,Champions
CUST-3105,Putri Ramadhan,Bandung,Organic Social,2024-08-18,501,1,270750,1,1,1,111,Lost
CUST-3106,Indra Hidayat,Semarang,TikTok Ads,2025-12-09,23,2,226000,4,2,1,421,Potential Loyalist
CUST-3107,Joko Santoso,Solo,TikTok Ads,2025-11-09,53,6,965400,3,4,3,343,Loyal
CUST-3108,Kevin Setiawan,Jakarta,Organic Social,2025-05-11,235,5,1494500,1,4,4,144,Loyal
CUST-3109,Cindy Maulana,Medan,TikTok Ads,2025-12-29,3,3,638250,5,3,2,532,Potential Loyalist
CUST-3110,Zahra Kusuma,Surabaya,Google Search,2025-12-30,2,14,2994950,5,5,5,555,Champions
CUST-3111,Dewi Kusuma,Solo,TikTok Ads,2025-12-17,15,9,2560650,5,5,5,555,Champions
CUST-3112,Ivan Lestari,Tangerang,Google Search,2025-08-04,150,1,75000,2,1,1,211,Lost
CUST-3113,Yoga Setiawan,Depok,Instagram Ads,2025-10-19,74,1,165000,3,1,1,311,Needs Attention
CUST-3114,Beni Kusuma,Bekasi,Instagram Ads,2025-12-24,8,1,104500,5,1,1,511,Potential Loyalist
CUST-3115,Kartika Gunawan,Semarang,TikTok Ads,2025-03-06,301,3,1847200,1,3,4,134,At-Risk
CUST-3116,Ayu Kusuma,Jakarta,Google Search,2025-08-11,143,11,3365100,2,5,5,255,Loyal
CUST-3117,Yuni Sukmawati,Jakarta,Organic Social,2025-08-13,141,2,739100,2,2,2,222,Lost
CUST-3118,Krisna Maulana,Bandar Lampung,Instagram Ads,2025-11-05,57,4,2243500,3,3,4,334,Needs Attention
CUST-3119,Kartika Yulianti,Bekasi,Instagram Ads,2025-06-08,207,3,687000,2,3,2,232,At-Risk
CUST-3120,Adit Yulianti,bandar lampung,Instagram Ads,2024-05-14,597,2,464000,1,2,2,122,Lost
CUST-3121,Cindy Halim,Tangerang,TikTok Ads,2025-11-17,45,9,2108550,4,5,4,454,Champions
CUST-3122,Zaki Maulana,Jakarta,Instagram Ads,2025-11-03,59,13,3608500,3,5,5,355,Loyal
CUST-3123,Omar Santoso,Jakarta,Instagram Ads,2025-11-01,61,6,1339800,3,4,3,343,Loyal
CUST-3124,Jihan Hartono,Bekasi,Instagram Ads,2025-11-06,56,5,1706500,3,4,4,344,Loyal
CUST-3125,Farah Pratama,Jakarta,Referral,2025-11-09,53,2,637500,3,2,2,322,Needs Attention
CUST-3126,Sinta Wijaya,Surabaya,TikTok Ads,2024-03-20,652,2,348000,1,2,1,121,Lost
CUST-3127,Erik Wijaya,Bandung,TikTok Ads,2025-11-27,35,5,1087250,4,4,3,443,Champions
CUST-3128,Vero Gunawan,Surabaya,Instagram Ads,2025-10-13,80,9,2983500,3,5,5,355,Loyal
CUST-3129,Fajar Anggraini,Medan,Organic Social,2025-11-29,33,5,778550,4,4,2,442,Champions
CUST-3130,Hilda Saputra,Denpasar,Organic Social,2025-12-05,27,10,2642150,4,5,5,455,Champions
CUST-3131,Umar Halim,Jakarta,Marketplace,2025-10-25,68,17,4490300,3,5,5,355,Loyal
CUST-3132,Jasmine Sukmawati,Tangerang,Instagram Ads,2025-03-15,292,5,845000,1,4,3,143,Loyal
CUST-3133,Faisal Maulana,Jakarta,Organic Social,2025-09-04,119,5,1277000,2,4,3,243,Loyal
CUST-3134,Nadia Permana,Bekasi,Instagram Ads,2025-11-07,55,9,3082400,3,5,5,355,Loyal
CUST-3135,Vina Handoko,Solo,TikTok Ads,2024-10-29,429,1,60000,1,1,1,111,Lost
CUST-3136,Galih Hartono,Semarang,Google Search,2025-12-05,27,8,4314250,4,4,5,445,Champions
CUST-3137,Tono Setiawan,Jakarta,Instagram Ads,2025-11-26,36,16,5927350,4,5,5,455,Champions
CUST-3138,Sari Gunawan,Bandung,TikTok Ads,2024-09-16,472,2,855000,1,2,3,123,Lost
CUST-3139,Doni Purnama,Bandung,Referral,2025-11-13,49,4,984100,4,3,3,433,Potential Loyalist
CUST-3140,Yoga Utami,Jakarta,TikTok Ads,2025-08-30,124,3,1043400,2,3,3,233,At-Risk
CUST-3141,Endah Kusuma,Bekasi,Instagram Ads,2025-09-27,96,3,626500,3,3,2,332,Needs Attention
CUST-3142,Adit Hartono,Unknown,TikTok Ads,2025-08-19,135,9,3147850,2,5,5,255,Loyal
CUST-3143,Sari Kusuma,Yogyakarta,Instagram Ads,2025-06-01,214,2,758000,2,2,2,222,Lost
CUST-3144,Erik Yulianti,Tangerang,Instagram Ads,2025-09-01,122,7,1600000,2,4,4,244,Loyal
CUST-3145,Dewi Permana,Bekasi,TikTok Ads,2025-10-16,77,7,3056150,3,4,5,345,Loyal
CUST-3146,Hesti Kurniawan,Denpasar,TikTok Ads,2025-06-16,199,2,642000,2,2,2,222,Lost
CUST-3147,Jihan Darmawan,Bandung,TikTok Ads,2025-04-06,270,3,662000,1,3,2,132,At-Risk
CUST-3148,Farah Anggraini,Denpasar,Instagram Ads,2025-12-22,10,19,4764750,5,5,5,555,Champions
CUST-3149,Beni Santoso,Malang,TikTok Ads,2025-12-06,26,9,3181600,4,5,5,455,Champions
CUST-3150,Nadia Purnama,Bandung,Instagram Ads,2025-03-25,282,3,408250,1,3,2,132,At-Risk
CUST-3151,Erik Nugroho,Jakarta,Instagram Ads,,,0,0,,,,,Never Purchased
CUST-3152,Erik Setiawan,Semarang,TikTok Ads,2025-11-19,43,8,2653200,4,4,5,445,Champions
CUST-3153,Cindy Lestari,Bandung,Organic Social,2025-12-30,2,15,3673200,5,5,5,555,Champions
CUST-3154,Putri Saputra,Jakarta,Instagram Ads,2025-10-15,78,8,3064850,3,4,5,345,Loyal
CUST-3155,Faisal Cahyani,Yogyakarta,Organic Social,2025-12-23,9,7,629800,5,4,2,542,Champions
CUST-3156,Bayu Maulana,Palembang,Organic Social,2025-12-22,10,5,834950,5,4,3,543,Champions
CUST-3157,Bagus Darmawan,Yogyakarta,TikTok Ads,2025-12-30,2,1,25600,5,1,1,511,Potential Loyalist
CUST-3158,Wawan Ramadhan,Semarang,Google Search,2025-09-06,117,2,1014500,2,2,3,223,Lost
CUST-3159,Nanda Permana,Bogor,Referral,2025-07-19,166,3,436900,2,3,2,232,At-Risk
CUST-3160,Ayu Pratama,Jakarta,Referral,2025-09-29,94,5,1399400,3,4,3,343,Loyal
CUST-3161,Laras Halim,Bandung,Instagram Ads,2025-12-02,30,5,1484150,4,4,4,444,Champions
CUST-3162,Citra Darmawan,Jakarta,Referral,2025-12-26,6,6,1085500,5,4,3,543,Champions
CUST-3163,Ayu Saputra,Jakarta,Instagram Ads,2025-04-19,257,1,130500,1,1,1,111,Lost
CUST-3164,Taufik Marliana,Jakarta,Organic Social,2025-01-31,335,4,1014250,1,3,3,133,At-Risk
CUST-3165,Erik Hartono,Yogyakarta,Instagram Ads,2025-12-30,2,10,3769250,5,5,5,555,Champions
CUST-3166,Joko Maulana,Solo,Referral,2025-12-28,4,2,319800,5,2,1,521,Potential Loyalist
CUST-3167,Endah Sukmawati,Balikpapan,Marketplace,2024-09-06,482,3,664050,1,3,2,132,At-Risk
CUST-3168,Kartika Wibowo,Jakarta,Google Search,2025-08-15,139,7,1183000,2,4,3,243,Loyal
CUST-3169,Sinta Utami,Jakarta,Marketplace,2025-01-01,365,4,1089000,1,3,3,133,At-Risk
CUST-3170,Prita Hartono,Jakarta,Referral,2025-01-24,342,5,1263500,1,4,3,143,Loyal
CUST-3171,Doni Pratama,Jakarta,Marketplace,2025-09-05,118,15,3389900,2,5,5,255,Loyal
CUST-3172,Maya Pratama,Medan,TikTok Ads,2025-02-14,321,3,564000,1,3,2,132,At-Risk
CUST-3173,Jasmine Rahayu,Solo,Referral,2025-07-20,165,1,134100,2,1,1,211,Lost
CUST-3174,Guntur Cahyani,Bandung,Referral,,,0,0,,,,,Never Purchased
CUST-3175,Hesti Handoko,Bekasi,Marketplace,2025-08-23,131,2,718100,2,2,2,222,Lost
CUST-3176,Taufik Nugroho,Surabaya,TikTok Ads,2025-12-14,18,10,2487150,5,5,4,554,Champions
CUST-3177,Dewi Nugroho,Denpasar,TikTok Ads,2025-12-19,13,17,5617950,5,5,5,555,Champions
CUST-3178,Farah Firmansyah,Bogor,TikTok Ads,2025-11-16,46,1,108000,4,1,1,411,Potential Loyalist
CUST-3179,Faisal Wijaya,Bandung,Marketplace,2025-06-17,198,2,169000,2,2,1,221,Lost
CUST-3180,Dewi Saputra,Solo,Instagram Ads,2025-11-17,45,4,1118250,4,3,3,433,Potential Loyalist
CUST-3181,Ayu Halim,Makassar,TikTok Ads,2025-09-30,93,3,448500,3,3,2,332,Needs Attention
CUST-3182,Tono Prakoso,Medan,Instagram Ads,2025-12-03,29,18,5512400,4,5,5,455,Champions
CUST-3183,Ivan Rahayu,Semarang,Google Search,2025-07-22,163,4,2196500,2,3,4,234,At-Risk
CUST-3184,Sari Santoso,balikpapan,Instagram Ads,2025-12-29,3,3,784000,5,3,2,532,Potential Loyalist
CUST-3185,Nadia Marliana,Semarang,Organic Social,2025-03-20,287,1,118000,1,1,1,111,Lost
CUST-3186,Adit Setiawan,Bogor,Instagram Ads,2025-09-20,103,4,1134500,3,3,3,333,Needs Attention
CUST-3187,Prita Darmawan,Jakarta,Organic Social,2024-09-28,460,1,122000,1,1,1,111,Lost
CUST-3188,Nanda Lestari,Solo,Organic Social,2025-04-23,253,4,1238700,1,3,3,133,At-Risk
CUST-3189,Taufik Prakoso,Surabaya,Organic Social,2025-12-14,18,18,4724700,5,5,5,555,Champions
CUST-3190,Cahya Ramadhan,Palembang,Marketplace,2025-05-08,238,5,899650,1,4,3,143,Loyal
CUST-3191,Nadia Pratama,Jakarta,Google Search,2025-08-20,134,2,327000,2,2,1,221,Lost
CUST-3192,Adit Kusuma,Pekanbaru,Google Search,2024-05-15,596,1,128000,1,1,1,111,Lost
CUST-3193,Dewi Utami,Bandung,Google Search,2025-12-17,15,12,3017400,5,5,5,555,Champions
CUST-3194,Rizky Lestari,Denpasar,Instagram Ads,2025-12-22,10,5,1696250,5,4,4,544,Champions
CUST-3195,Zahra Maulana,Bekasi,Instagram Ads,2025-02-27,308,1,435000,1,1,2,112,Lost
CUST-3196,Sari Ramadhan,Bekasi,Instagram Ads,2025-08-29,125,3,1315000,2,3,3,233,At-Risk
CUST-3197,Irfan Rahayu,Bandung,TikTok Ads,2025-12-13,19,8,1732350,5,4,4,544,Champions
CUST-3198,Zaki Hidayat,Jakarta,Marketplace,2025-12-20,12,2,825000,5,2,3,523,Potential Loyalist
CUST-3199,Cindy Wibowo,Surabaya,TikTok Ads,2024-11-24,403,1,459000,1,1,2,112,Lost
CUST-3200,Zaki Purnama,Yogyakarta,TikTok Ads,2025-10-07,86,2,452700,3,2,2,322,Needs Attention
CUST-3201,Lukman Hartono,depok,TikTok Ads,2025-12-30,2,21,5922850,5,5,5,555,Champions
CUST-3202,Bayu Wibowo,Jakarta,Instagram Ads,2025-02-13,322,2,610000,1,2,2,122,Lost
CUST-3203,Yuni Wibowo,Yogyakarta,Google Search,2025-12-18,14,2,338550,5,2,1,521,Potential Loyalist
CUST-3204,Wulan Setiawan,Medan,Instagram Ads,2025-12-13,19,5,1870900,5,4,4,544,Champions
CUST-3205,Endah Cahyani,Bandung,TikTok Ads,2025-12-22,10,5,1509250,5,4,4,544,Champions
CUST-3206,Hana Utami,Makassar,Instagram Ads,2025-10-23,70,2,254000,3,2,1,321,Needs Attention
CUST-3207,Nadia Prakoso,Jakarta,Instagram Ads,2025-08-18,136,1,250000,2,1,1,211,Lost
CUST-3208,Joko Halim,Bandung,TikTok Ads,2025-12-26,6,10,2073450,5,5,4,554,Champions
CUST-3209,Sinta Cahyani,Unknown,TikTok Ads,2025-12-19,13,6,1083750,5,4,3,543,Champions
CUST-3210,Sinta Utami,Surabaya,Organic Social,2025-08-27,127,5,812300,2,4,3,243,Loyal
CUST-3211,Nanda Rahayu,Malang,Organic Social,2025-10-26,67,2,505500,3,2,2,322,Needs Attention
CUST-3212,Indra Wijaya,yogyakarta,Google Search,2025-10-08,85,3,498000,3,3,2,332,Needs Attention
CUST-3213,Yoga Yulianti,Semarang,Google Search,2025-04-26,250,2,232000,1,2,1,121,Lost
CUST-3214,Vero Firmansyah,Tangerang,Instagram Ads,2025-12-15,17,9,2930250,5,5,5,555,Champions
CUST-3215,Kevin Suryadi,semarang,Marketplace,2024-12-19,378,1,151300,1,1,1,111,Lost
CUST-3216,Omar Wibowo,Surabaya,Instagram Ads,2025-03-22,285,3,800500,1,3,2,132,At-Risk
CUST-3217,Farah Gunawan,Pekanbaru,TikTok Ads,2025-09-11,112,1,247500,2,1,1,211,Lost
CUST-3218,Prita Kurniawan,Jakarta,Instagram Ads,2025-10-27,66,3,990600,3,3,3,333,Needs Attention
CUST-3219,Wawan Suryadi,Makassar,Instagram Ads,2025-11-02,60,2,576000,3,2,2,322,Needs Attention
CUST-3220,Beni Permana,Bekasi,TikTok Ads,2025-06-05,210,4,1343250,2,3,3,233,At-Risk
CUST-3221,Faisal Ramadhan,Jakarta,Google Search,2025-12-16,16,11,3367800,5,5,5,555,Champions
CUST-3222,Maya Firmansyah,Bogor,Instagram Ads,2025-05-26,220,4,834000,2,3,3,233,At-Risk
CUST-3223,Laras Darmawan,Yogyakarta,Google Search,2024-10-01,457,1,150000,1,1,1,111,Lost
CUST-3224,Erik Purnama,Balikpapan,Google Search,2025-09-08,115,5,1309000,2,4,3,243,Loyal
CUST-3225,Cindy Saputra,Jakarta,Instagram Ads,2025-11-05,57,2,354000,3,2,1,321,Needs Attention
CUST-3226,Doni Permana,Jakarta,TikTok Ads,2025-02-21,314,2,429000,1,2,2,122,Lost
CUST-3227,Jihan Maulana,Jakarta,Organic Social,2025-12-30,2,5,992750,5,4,3,543,Champions
CUST-3228,Faisal Maulana,Bekasi,TikTok Ads,2025-09-02,121,9,1414850,2,5,3,253,Loyal
CUST-3229,Jasmine Cahyani,Bekasi,Google Search,2025-12-01,31,1,86400,4,1,1,411,Potential Loyalist
CUST-3230,Sinta Kusuma,Bekasi,Organic Social,2024-06-16,564,1,78000,1,1,1,111,Lost
CUST-3231,Rangga Wijaya,Medan,Google Search,2025-04-14,262,1,89000,1,1,1,111,Lost
CUST-3232,Yoga Santoso,Jakarta,Referral,2025-09-27,96,2,375000,3,2,1,321,Needs Attention
CUST-3233,Vero Yulianti,Depok,Google Search,2025-09-28,95,2,205000,3,2,1,321,Needs Attention
CUST-3234,Dewi Firmansyah,Denpasar,TikTok Ads,2025-12-01,31,19,5408850,4,5,5,455,Champions
CUST-3235,Erik Yulianti,Yogyakarta,Instagram Ads,2024-08-18,501,1,106250,1,1,1,111,Lost
CUST-3236,Zahra Utami,Bandung,Google Search,2025-12-25,7,15,3876100,5,5,5,555,Champions
CUST-3237,Bagus Ramadhan,Depok,Instagram Ads,2025-12-16,16,8,2805600,5,4,5,545,Champions
CUST-3238,Putri Rahayu,Surabaya,TikTok Ads,2025-01-10,356,7,1391500,1,4,3,143,Loyal
CUST-3239,Ulfa Sukmawati,Depok,Instagram Ads,2025-12-27,5,7,2224050,5,4,4,544,Champions
CUST-3240,Nadia Cahyani,Surabaya,TikTok Ads,2025-12-25,7,2,634200,5,2,2,522,Potential Loyalist
CUST-3241,Nanda Handoko,Balikpapan,Instagram Ads,2025-10-16,77,8,2272500,3,4,4,344,Loyal
CUST-3242,Nadia Anggraini,Jakarta,Instagram Ads,2025-12-23,9,13,3868300,5,5,5,555,Champions
CUST-3243,Erik Maulana,Bogor,TikTok Ads,2025-10-23,70,6,1310500,3,4,3,343,Loyal
CUST-3244,Cindy Ramadhan,Semarang,Referral,2025-12-25,7,9,1559150,5,5,4,554,Champions
CUST-3245,Prita Marliana,Medan,Marketplace,2025-06-09,206,10,5092750,2,5,5,255,Loyal
CUST-3246,Joko Yulianti,Malang,TikTok Ads,2025-11-28,34,11,3206750,4,5,5,455,Champions
CUST-3247,Dewi Lestari,Jakarta,Instagram Ads,2025-10-24,69,3,312000,3,3,1,331,Needs Attention
CUST-3248,Ayu Wijaya,Surabaya,Instagram Ads,2025-08-09,145,6,1957100,2,4,4,244,Loyal
CUST-3249,Irfan Suryadi,Yogyakarta,Referral,2025-12-19,13,2,1462300,5,2,3,523,Potential Loyalist
CUST-3250,Wulan Cahyani,Yogyakarta,Marketplace,2025-12-30,2,3,838000,5,3,3,533,Potential Loyalist
CUST-3251,Jasmine Firmansyah,Jakarta,Organic Social,2025-11-25,37,5,1115650,4,4,3,443,Champions
CUST-3252,Omar Purnama,Unknown,TikTok Ads,2024-04-23,618,1,425000,1,1,2,112,Lost
CUST-3253,Rizky Maulana,Bandung,Instagram Ads,2025-10-06,87,2,792950,3,2,2,322,Needs Attention
CUST-3254,Kevin Pratama,Surabaya,TikTok Ads,2025-02-23,312,2,1103000,1,2,3,123,Lost
CUST-3255,Umar Pratama,Solo,Instagram Ads,2025-09-25,98,6,1634900,3,4,4,344,Loyal
CUST-3256,Rizky Rahayu,Yogyakarta,TikTok Ads,2025-09-15,108,1,313500,3,1,1,311,Needs Attention
CUST-3257,Putri Maulana,Bandung,Organic Social,2025-08-13,141,2,395000,2,2,2,222,Lost
CUST-3258,Prita Maulana,Surabaya,Instagram Ads,2025-07-23,162,2,191000,2,2,1,221,Lost
CUST-3259,Mega Wijaya,Jakarta,Google Search,2025-12-27,5,6,2410000,5,4,4,544,Champions
CUST-3260,Joko Gunawan,Solo,Instagram Ads,2025-06-15,200,7,1978000,2,4,4,244,Loyal
CUST-3261,Endah Darmawan,Makassar,TikTok Ads,2025-12-15,17,7,1849000,5,4,4,544,Champions
CUST-3262,Dinda Kusuma,Yogyakarta,Marketplace,2025-08-11,143,3,551850,2,3,2,232,At-Risk
CUST-3263,Endah Gunawan,Jakarta,Marketplace,2025-11-25,37,5,1173200,4,4,3,443,Champions
CUST-3264,Prita Purnama,Unknown,Marketplace,2024-12-01,396,6,1115500,1,4,3,143,Loyal
CUST-3265,Tono Kurniawan,Jakarta,TikTok Ads,2024-12-02,395,2,221000,1,2,1,121,Lost
CUST-3266,Vero Setiawan,Semarang,Google Search,2025-07-12,173,3,552000,2,3,2,232,At-Risk
CUST-3267,Farah Permana,Bandung,Referral,2025-12-28,4,13,2329500,5,5,4,554,Champions
CUST-3268,Taufik Gunawan,Unknown,Instagram Ads,2025-12-02,30,9,4158250,4,5,5,455,Champions
CUST-3269,Adit Utami,Yogyakarta,Marketplace,2025-12-20,12,5,1087400,5,4,3,543,Champions
CUST-3270,Bagus Anggraini,Surabaya,Instagram Ads,2025-11-26,36,5,918150,4,4,3,443,Champions
CUST-3271,Maya Gunawan,Yogyakarta,Organic Social,2025-05-16,230,1,230000,2,1,1,211,Lost
CUST-3272,Maya Ramadhan,Jakarta,Instagram Ads,2025-11-22,40,4,1068450,4,3,3,433,Potential Loyalist
CUST-3273,Citra Wijaya,Surabaya,TikTok Ads,2025-11-18,44,2,481000,4,2,2,422,Potential Loyalist
CUST-3274,Eka Saputra,surabaya,Instagram Ads,,,0,0,,,,,Never Purchased
CUST-3275,Rangga Sukmawati,Bandung,Referral,2025-12-04,28,7,1262200,4,4,3,443,Champions
CUST-3276,Vina Sukmawati,Jakarta,TikTok Ads,2025-12-26,6,2,194000,5,2,1,521,Potential Loyalist
CUST-3277,Jihan Wibowo,Medan,TikTok Ads,2025-12-17,15,8,1726750,5,4,4,544,Champions
CUST-3278,Citra Lestari,Unknown,TikTok Ads,2025-10-04,89,4,1848250,3,3,4,334,Needs Attention
CUST-3279,Galih Hidayat,Jakarta,Google Search,2025-12-04,28,5,957100,4,4,3,443,Champions
CUST-3280,Endah Wijaya,Semarang,Organic Social,2025-09-03,120,2,318000,2,2,1,221,Lost
CUST-3281,Jihan Hidayat,Balikpapan,Instagram Ads,2025-12-24,8,7,2376800,5,4,4,544,Champions
CUST-3282,Zaki Maulana,Jakarta,TikTok Ads,2025-02-24,311,2,706000,1,2,2,122,Lost
CUST-3283,Nanda Yulianti,Jakarta,Referral,2025-07-17,168,9,2772250,2,5,5,255,Loyal
CUST-3284,Krisna Kurniawan,Jakarta,Instagram Ads,2025-08-08,146,1,270000,2,1,1,211,Lost
CUST-3285,Endah Wibowo,Jakarta,Google Search,2025-12-16,16,13,4192400,5,5,5,555,Champions
CUST-3286,Putri Hartono,Medan,Marketplace,2025-02-28,307,2,402000,1,2,2,122,Lost
CUST-3287,Indra Utami,Jakarta,Referral,2025-11-06,56,1,122000,3,1,1,311,Needs Attention
CUST-3288,Omar Saputra,Jakarta,Instagram Ads,2024-11-02,425,1,93500,1,1,1,111,Lost
CUST-3289,Umar Suryadi,Depok,Google Search,,,0,0,,,,,Never Purchased
CUST-3290,Taufik Suryadi,Medan,TikTok Ads,2025-11-30,32,2,237000,4,2,1,421,Potential Loyalist
CUST-3291,Indra Marliana,Bandung,TikTok Ads,2025-04-07,269,5,2134200,1,4,4,144,Loyal
CUST-3292,Omar Santoso,Palembang,Instagram Ads,2025-12-08,24,7,1600800,4,4,4,444,Champions
CUST-3293,Beni Permana,balikpapan,Marketplace,2025-10-06,87,7,1680200,3,4,4,344,Loyal
CUST-3294,Prita Sukmawati,Jakarta,Organic Social,2024-06-27,553,2,474300,1,2,2,122,Lost
CUST-3295,Eka Maulana,Palembang,Organic Social,2025-10-29,64,2,396400,3,2,2,322,Needs Attention
CUST-3296,Wulan Suryadi,Semarang,Instagram Ads,2025-10-27,66,8,2629000,3,4,5,345,Loyal
CUST-3297,Rizky Yulianti,Depok,Instagram Ads,2025-05-13,233,2,1447100,1,2,3,123,Lost
CUST-3298,Prita Permana,Makassar,Instagram Ads,2025-09-17,106,2,320500,3,2,1,321,Needs Attention
CUST-3299,Indra Marliana,Bogor,TikTok Ads,2025-11-17,45,11,4751550,4,5,5,455,Champions
CUST-3300,Kartika Maulana,Jakarta,TikTok Ads,2024-12-10,387,1,178200,1,1,1,111,Lost
CUST-3301,Erik Kusuma,Jakarta,Instagram Ads,2025-12-26,6,10,2584300,5,5,5,555,Champions
CUST-3302,Yuni Firmansyah,jakarta,Organic Social,2025-11-07,55,6,2122800,3,4,4,344,Loyal
CUST-3303,Bayu Sukmawati,Unknown,Instagram Ads,2025-07-19,166,1,224200,2,1,1,211,Lost
CUST-3304,Nanda Nugroho,Medan,TikTok Ads,2025-05-16,230,5,1422300,2,4,3,243,Loyal
CUST-3305,Jihan Cahyani,Unknown,Instagram Ads,2025-12-30,2,3,1075600,5,3,3,533,Potential Loyalist
CUST-3306,Cindy Purnama,Solo,Referral,2025-09-19,104,3,683000,3,3,2,332,Needs Attention
CUST-3307,Cahya Ramadhan,Palembang,Instagram Ads,2025-12-24,8,11,3034950,5,5,5,555,Champions
CUST-3308,Oki Purnama,Bogor,Instagram Ads,2025-04-23,253,1,349000,1,1,1,111,Lost
CUST-3309,Vero Kurniawan,Surabaya,Organic Social,2024-12-27,370,3,604500,1,3,2,132,At-Risk
CUST-3310,Tono Setiawan,depok,Marketplace,2025-12-13,19,2,738400,5,2,2,522,Potential Loyalist
CUST-3311,Doni Maulana,jakarta,Referral,2025-05-05,241,1,75650,1,1,1,111,Lost
CUST-3312,Ivan Cahyani,Solo,Marketplace,2025-12-30,2,8,2054250,5,4,4,544,Champions
CUST-3313,Ayu Cahyani,Pekanbaru,TikTok Ads,2025-05-12,234,2,834750,1,2,3,123,Lost
CUST-3314,Ivan Halim,Yogyakarta,Marketplace,2025-12-08,24,5,507350,4,4,2,442,Champions
CUST-3315,Dewi Lestari,Unknown,Google Search,2025-09-26,97,9,3011150,3,5,5,355,Loyal
CUST-3316,Ulfa Santoso,Solo,Marketplace,2025-10-02,91,2,622000,3,2,2,322,Needs Attention
CUST-3317,Endah Sukmawati,Jakarta,Marketplace,2025-11-10,52,3,1299750,3,3,3,333,Needs Attention
CUST-3318,Hesti Maulana,Medan,Referral,2025-06-19,196,8,2568750,2,4,5,245,Loyal
CUST-3319,Taufik Setiawan,Makassar,Instagram Ads,2025-09-04,119,1,145000,2,1,1,211,Lost
CUST-3320,Dewi Prakoso,Jakarta,TikTok Ads,2025-12-01,31,8,2610600,4,4,5,445,Champions
CUST-3321,Adit Nugroho,Medan,TikTok Ads,2024-10-16,442,3,1003000,1,3,3,133,At-Risk
CUST-3322,Sari Lestari,Surabaya,TikTok Ads,2025-12-13,19,4,1545250,5,3,4,534,Potential Loyalist
CUST-3323,Hilda Suryadi,Bandar Lampung,TikTok Ads,2025-11-03,59,4,1185750,3,3,3,333,Needs Attention
CUST-3324,Adit Wijaya,Solo,TikTok Ads,2025-06-06,209,3,749500,2,3,2,232,At-Risk
CUST-3325,Farah Halim,Surabaya,Instagram Ads,2025-12-27,5,9,2828050,5,5,5,555,Champions
CUST-3326,Gita Halim,Jakarta,Instagram Ads,2025-06-01,214,2,472750,2,2,2,222,Lost
CUST-3327,Omar Suryadi,Bandung,Marketplace,2025-08-05,149,3,387700,2,3,2,232,At-Risk
CUST-3328,Citra Pratama,Jakarta,TikTok Ads,2025-09-08,115,17,5474650,2,5,5,255,Loyal
CUST-3329,Doni Pratama,Jakarta,Marketplace,2025-09-27,96,8,3737850,3,4,5,345,Loyal
CUST-3330,Sari Halim,Surabaya,Marketplace,2025-12-12,20,6,3513400,4,4,5,445,Champions
CUST-3331,Wawan Sukmawati,Semarang,Instagram Ads,2025-12-01,31,10,3084050,4,5,5,455,Champions
CUST-3332,Sari Sukmawati,Makassar,Instagram Ads,2025-12-31,1,7,2097000,5,4,4,544,Champions
CUST-3333,Eka Prakoso,Bandung,Google Search,2025-11-25,37,2,844000,4,2,3,423,Potential Loyalist
CUST-3334,Wawan Halim,Medan,Google Search,2025-12-27,5,9,2860250,5,5,5,555,Champions
CUST-3335,Umar Lestari,Jakarta,Marketplace,2025-12-29,3,4,478900,5,3,2,532,Potential Loyalist
CUST-3336,Galih Permana,Yogyakarta,Marketplace,2025-12-29,3,8,2981600,5,4,5,545,Champions
CUST-3337,Oki Purnama,Solo,Instagram Ads,2025-11-22,40,7,2167000,4,4,4,444,Champions
CUST-3338,Cindy Halim,Jakarta,Google Search,2025-12-31,1,7,3772800,5,4,5,545,Champions
CUST-3339,Reza Handoko,Surabaya,Organic Social,2025-10-12,81,3,694200,3,3,2,332,Needs Attention
CUST-3340,Nadia Darmawan,Jakarta,Instagram Ads,2025-10-18,75,12,3242550,3,5,5,355,Loyal
CUST-3341,Oki Nugroho,Semarang,Google Search,2024-11-23,404,2,749300,1,2,2,122,Lost
CUST-3342,Zaki Hartono,Surabaya,TikTok Ads,2025-12-16,16,4,859850,5,3,3,533,Potential Loyalist
CUST-3343,Jasmine Ramadhan,Pekanbaru,TikTok Ads,2025-12-07,25,6,1586450,4,4,4,444,Champions
CUST-3344,Erik Hartono,Jakarta,TikTok Ads,2025-08-14,140,4,2036500,2,3,4,234,At-Risk
CUST-3345,Gita Purnama,Makassar,TikTok Ads,2025-12-21,11,17,3862150,5,5,5,555,Champions
CUST-3346,Reza Gunawan,Bandung,Referral,2025-10-29,64,2,1147000,3,2,3,323,Needs Attention
CUST-3347,Tono Kurniawan,Surabaya,TikTok Ads,2025-12-26,6,6,1461050,5,4,3,543,Champions
CUST-3348,Lukman Prakoso,jakarta,Google Search,2025-11-20,42,4,2085800,4,3,4,434,Potential Loyalist
CUST-3349,Irfan Yulianti,Denpasar,Referral,2025-02-02,333,4,1533800,1,3,4,134,At-Risk
CUST-3350,Rizky Prakoso,Yogyakarta,TikTok Ads,2025-11-18,44,2,476250,4,2,2,422,Potential Loyalist
CUST-3351,Bagus Kurniawan,Bandung,TikTok Ads,2025-12-30,2,6,1340000,5,4,3,543,Champions
CUST-3352,Faisal Nugroho,Jakarta,TikTok Ads,2024-12-18,379,1,280500,1,1,1,111,Lost
CUST-3353,Oki Suryadi,Yogyakarta,Referral,2025-12-31,1,18,7275900,5,5,5,555,Champions
CUST-3354,Citra Lestari,Medan,Organic Social,2025-07-08,177,7,1915750,2,4,4,244,Loyal
CUST-3355,Hilda Setiawan,Malang,Instagram Ads,2025-06-24,191,1,114000,2,1,1,211,Lost
CUST-3356,Prita Yulianti,Yogyakarta,TikTok Ads,2025-12-19,13,2,2151000,5,2,4,524,Potential Loyalist
CUST-3357,Dinda Marliana,Yogyakarta,Organic Social,2025-07-23,162,1,56000,2,1,1,211,Lost
CUST-3358,Hesti Santoso,semarang,TikTok Ads,2024-05-07,604,1,990000,1,1,3,113,Lost
CUST-3359,Zaki Rahayu,Jakarta,Marketplace,2025-12-17,15,5,2733800,5,4,5,545,Champions
CUST-3360,Hesti Hidayat,Bekasi,Google Search,2025-10-28,65,3,767650,3,3,2,332,Needs Attention
CUST-3361,Taufik Suryadi,Surabaya,TikTok Ads,2025-12-06,26,11,2424450,4,5,4,454,Champions
CUST-3362,Prita Yulianti,Jakarta,Google Search,2025-06-27,188,2,333000,2,2,1,221,Lost
CUST-3363,Jihan Nugroho,Jakarta,Instagram Ads,2025-10-20,73,9,3110200,3,5,5,355,Loyal
CUST-3364,Beni Darmawan,Medan,Instagram Ads,2025-12-05,27,6,1467300,4,4,3,443,Champions
CUST-3365,Ayu Wibowo,Bekasi,Referral,2025-02-14,321,2,373500,1,2,1,121,Lost
CUST-3366,Indra Utami,Bogor,TikTok Ads,2025-09-25,98,4,1959550,3,3,4,334,Needs Attention
CUST-3367,Oki Utami,Jakarta,Instagram Ads,2025-11-30,32,4,1087500,4,3,3,433,Potential Loyalist
CUST-3368,Jasmine Wijaya,Tangerang,Instagram Ads,2025-10-07,86,15,2660500,3,5,5,355,Loyal
CUST-3369,Bayu Handoko,Bandung,TikTok Ads,2025-06-20,195,3,1892300,2,3,4,234,At-Risk
CUST-3370,Ulfa Anggraini,Tangerang,Instagram Ads,2025-10-05,88,4,1099000,3,3,3,333,Needs Attention
CUST-3371,Cahya Ramadhan,Yogyakarta,Organic Social,2025-12-08,24,2,1117000,4,2,3,423,Potential Loyalist
CUST-3372,Farah Darmawan,Jakarta,TikTok Ads,2024-07-14,536,2,355200,1,2,1,121,Lost
CUST-3373,Faisal Hartono,Denpasar,Google Search,2025-05-05,241,2,596000,1,2,2,122,Lost
CUST-3374,Rangga Wijaya,Malang,TikTok Ads,2025-12-28,4,8,2282500,5,4,4,544,Champions
CUST-3375,Umar Marliana,Solo,TikTok Ads,2025-11-21,41,2,365000,4,2,1,421,Potential Loyalist
CUST-3376,Beni Lestari,Jakarta,Organic Social,2025-12-06,26,11,2698600,4,5,5,455,Champions
CUST-3377,Zahra Wibowo,Jakarta,Organic Social,2025-12-21,11,4,833500,5,3,3,533,Potential Loyalist
CUST-3378,Hilda Handoko,Bekasi,TikTok Ads,2025-12-24,8,8,1738350,5,4,4,544,Champions
CUST-3379,Umar Yulianti,Surabaya,Organic Social,2025-11-07,55,1,236250,3,1,1,311,Needs Attention
CUST-3380,Faisal Purnama,Bandung,Organic Social,2025-12-16,16,5,1391500,5,4,3,543,Champions
CUST-3381,Citra Permana,Jakarta,Organic Social,2025-12-20,12,5,3511400,5,4,5,545,Champions
CUST-3382,Nanda Darmawan,Jakarta,TikTok Ads,2025-10-06,87,4,590000,3,3,2,332,Needs Attention
CUST-3383,Vero Kurniawan,Denpasar,Instagram Ads,2025-08-29,125,4,813950,2,3,3,233,At-Risk
CUST-3384,Ayu Setiawan,Palembang,Organic Social,2025-06-15,200,1,128250,2,1,1,211,Lost
CUST-3385,Krisna Gunawan,Jakarta,Marketplace,2024-12-10,387,1,1116800,1,1,3,113,Lost
CUST-3386,Umar Santoso,Denpasar,TikTok Ads,2025-09-23,100,2,545000,3,2,2,322,Needs Attention
CUST-3387,Rangga Setiawan,Solo,Instagram Ads,2025-11-25,37,9,2291550,4,5,4,454,Champions
CUST-3388,Umar Permana,surabaya,Organic Social,2025-12-01,31,11,3580600,4,5,5,455,Champions
CUST-3389,Yoga Firmansyah,Bogor,Google Search,2024-12-26,371,2,604500,1,2,2,122,Lost
CUST-3390,Kevin Kurniawan,Semarang,Marketplace,2024-06-14,566,1,337500,1,1,1,111,Lost
CUST-3391,Kartika Marliana,Jakarta,Instagram Ads,2025-01-07,359,2,1602000,1,2,4,124,Lost
CUST-3392,Erik Permana,Semarang,Organic Social,2024-12-07,390,1,97600,1,1,1,111,Lost
CUST-3393,Ulfa Marliana,Jakarta,Instagram Ads,2025-11-21,41,5,736900,4,4,2,442,Champions
CUST-3394,Tono Pratama,Medan,Referral,2025-12-27,5,8,1576900,5,4,4,544,Champions
CUST-3395,Putri Saputra,Jakarta,Organic Social,2025-11-16,46,7,971400,4,4,3,443,Champions
CUST-3396,Kevin Sukmawati,Jakarta,Instagram Ads,2025-11-10,52,5,2477700,3,4,4,344,Loyal
CUST-3397,Krisna Marliana,Tangerang,Instagram Ads,2025-12-10,22,2,620000,4,2,2,422,Potential Loyalist
CUST-3398,Bayu Maulana,Surabaya,TikTok Ads,2025-12-06,26,5,1816200,4,4,4,444,Champions
CUST-3399,Putri Hidayat,Jakarta,Instagram Ads,2025-10-19,74,5,1028400,3,4,3,343,Loyal
CUST-3400,Taufik Cahyani,Pekanbaru,Marketplace,2025-06-24,191,1,70000,2,1,1,211,Lost
CUST-3401,Citra Setiawan,Bandung,Instagram Ads,2025-12-04,28,10,2659800,4,5,5,455,Champions
CUST-3402,Guntur Anggraini,Surabaya,Google Search,2025-09-19,104,2,487000,3,2,2,322,Needs Attention
CUST-3403,Tono Pratama,Bandung,Google Search,2024-05-18,593,2,377800,1,2,1,121,Lost
CUST-3404,Jasmine Gunawan,Jakarta,TikTok Ads,2025-11-26,36,9,3260450,4,5,5,455,Champions
CUST-3405,Putri Suryadi,Bandung,Referral,2025-07-15,170,2,545000,2,2,2,222,Lost
CUST-3406,Yoga Marliana,Surabaya,Google Search,2025-11-24,38,11,2989600,4,5,5,455,Champions
CUST-3407,Lukman Suryadi,Palembang,Referral,2024-07-06,544,1,364800,1,1,1,111,Lost
CUST-3408,Bagus Saputra,Surabaya,Marketplace,2025-06-07,208,10,5326100,2,5,5,255,Loyal
CUST-3409,Wawan Lestari,Balikpapan,Instagram Ads,2025-12-13,19,7,1704150,5,4,4,544,Champions
CUST-3410,Anwar Permana,Tangerang,Marketplace,2025-12-11,21,20,4702500,4,5,5,455,Champions
CUST-3411,Jasmine Setiawan,Bandung,Instagram Ads,2025-08-22,132,2,462000,2,2,2,222,Lost
CUST-3412,Kevin Gunawan,Jakarta,Instagram Ads,2025-06-01,214,1,698000,2,1,2,212,Lost
CUST-3413,Erik Saputra,Tangerang,Instagram Ads,2025-12-10,22,2,699000,4,2,2,422,Potential Loyalist
CUST-3414,Ivan Anggraini,Jakarta,Google Search,2025-09-19,104,2,381000,3,2,1,321,Needs Attention
CUST-3415,Adit Purnama,Bandung,TikTok Ads,2025-05-20,226,2,1196000,2,2,3,223,Lost
CUST-3416,Maya Wijaya,Bandung,Referral,2025-03-23,284,1,280500,1,1,1,111,Lost
CUST-3417,Jihan Suryadi,Depok,Marketplace,2025-12-29,3,6,1970300,5,4,4,544,Champions
CUST-3418,Eka Hidayat,Jakarta,Instagram Ads,2024-08-10,509,2,1568000,1,2,4,124,Lost
CUST-3419,Adit Suryadi,Yogyakarta,Organic Social,2025-08-21,133,9,2586700,2,5,5,255,Loyal
CUST-3420,Prita Rahayu,Jakarta,TikTok Ads,2025-12-18,14,7,2548650,5,4,4,544,Champions
CUST-3421,Reza Setiawan,Bandung,Google Search,2024-08-05,514,1,149000,1,1,1,111,Lost
CUST-3422,Kevin Yulianti,Jakarta,Referral,2025-09-07,116,2,1540000,2,2,4,224,Lost
CUST-3423,Ayu Wijaya,Surabaya,Instagram Ads,2025-04-14,262,1,90000,1,1,1,111,Lost
CUST-3424,Reza Cahyani,Jakarta,Marketplace,2025-09-08,115,14,4348150,2,5,5,255,Loyal
CUST-3425,Tono Sukmawati,Palembang,Instagram Ads,2025-07-04,181,2,499100,2,2,2,222,Lost
CUST-3426,Gita Lestari,Bandung,Instagram Ads,2025-07-06,179,5,1149200,2,4,3,243,Loyal
CUST-3427,Ayu Maulana,Bandung,Organic Social,2025-12-29,3,13,5034200,5,5,5,555,Champions
CUST-3428,Sari Wijaya,Jakarta,Instagram Ads,2025-12-06,26,7,3088200,4,4,5,445,Champions
CUST-3429,Rizky Halim,Unknown,Google Search,2024-03-08,664,1,121500,1,1,1,111,Lost
CUST-3430,Rangga Setiawan,Jakarta,TikTok Ads,2025-06-18,197,8,4501800,2,4,5,245,Loyal
CUST-3431,Lukman Rahayu,Jakarta,TikTok Ads,2025-03-20,287,2,657850,1,2,2,122,Lost
CUST-3432,Wawan Prakoso,Solo,Organic Social,2025-11-23,39,8,1599800,4,4,4,444,Champions
CUST-3433,Ayu Permana,Denpasar,Organic Social,2025-04-21,255,1,807500,1,1,2,112,Lost
CUST-3434,Mega Rahayu,Bandung,TikTok Ads,2025-05-09,237,1,125000,1,1,1,111,Lost
CUST-3435,Yuni Utami,Unknown,TikTok Ads,2025-07-02,183,9,2123900,2,5,4,254,Loyal
CUST-3436,Sinta Purnama,Yogyakarta,Google Search,2025-12-19,13,2,734000,5,2,2,522,Potential Loyalist
CUST-3437,Ayu Prakoso,Makassar,Organic Social,2025-02-17,318,2,340000,1,2,1,121,Lost
CUST-3438,Wawan Purnama,Bandung,Organic Social,2025-08-13,141,3,855000,2,3,3,233,At-Risk
CUST-3439,Guntur Firmansyah,bandung,TikTok Ads,2025-09-04,119,7,3036400,2,4,5,245,Loyal
CUST-3440,Beni Gunawan,makassar,Instagram Ads,2025-07-16,169,1,114000,2,1,1,211,Lost
CUST-3441,Doni Darmawan,Unknown,Marketplace,2025-12-31,1,4,2414700,5,3,4,534,Potential Loyalist
CUST-3442,Wawan Saputra,Bandung,Google Search,2025-12-13,19,11,3824550,5,5,5,555,Champions
CUST-3443,Laras Setiawan,Tangerang,Organic Social,2025-12-17,15,17,4220850,5,5,5,555,Champions
CUST-3444,Rizky Suryadi,Bekasi,Marketplace,2025-10-23,70,6,1648250,3,4,4,344,Loyal
CUST-3445,Endah Handoko,Jakarta,Google Search,2024-12-04,393,1,400000,1,1,2,112,Lost
CUST-3446,Vina Hidayat,Bandar Lampung,Instagram Ads,2025-12-15,17,19,4671350,5,5,5,555,Champions
CUST-3447,Putri Ramadhan,Denpasar,Google Search,2025-12-06,26,6,1218750,4,4,3,443,Champions
CUST-3448,Laras Suryadi,Surabaya,Google Search,2025-05-24,222,1,110000,2,1,1,211,Lost
CUST-3449,Yuni Handoko,Jakarta,Instagram Ads,2025-12-19,13,3,1855500,5,3,4,534,Potential Loyalist
CUST-3450,Maya Cahyani,Pekanbaru,TikTok Ads,2025-12-04,28,5,768000,4,4,2,442,Champions
CUST-3451,Rizky Wijaya,Jakarta,TikTok Ads,2025-06-22,193,5,1067500,2,4,3,243,Loyal
CUST-3452,Citra Prakoso,Jakarta,TikTok Ads,2025-11-11,51,5,1564150,3,4,4,344,Loyal
CUST-3453,Sari Purnama,Semarang,Instagram Ads,2024-02-05,696,2,756000,1,2,2,122,Lost
CUST-3454,Mega Darmawan,Jakarta,Instagram Ads,2025-11-20,42,9,3204750,4,5,5,455,Champions
CUST-3455,Joko Sukmawati,Bekasi,Google Search,2025-09-13,110,2,646000,2,2,2,222,Lost
CUST-3456,Zahra Wibowo,Bogor,Instagram Ads,2025-05-27,219,5,852200,2,4,3,243,Loyal
CUST-3457,Guntur Yulianti,Depok,Google Search,2025-09-24,99,8,2594400,3,4,5,345,Loyal
CUST-3458,Hesti Handoko,Palembang,Google Search,2024-10-24,434,3,364000,1,3,1,131,At-Risk
CUST-3459,Rizky Cahyani,Solo,Instagram Ads,2025-10-31,62,10,4235600,3,5,5,355,Loyal
CUST-3460,Taufik Marliana,Yogyakarta,Google Search,,,0,0,,,,,Never Purchased
CUST-3461,Rizky Nugroho,Jakarta,Instagram Ads,2024-11-28,399,2,329500,1,2,1,121,Lost
CUST-3462,Putri Purnama,Depok,Google Search,2025-12-22,10,7,1799700,5,4,4,544,Champions
CUST-3463,Oki Hidayat,Tangerang,Marketplace,2025-12-07,25,1,296650,4,1,1,411,Potential Loyalist
CUST-3464,Taufik Hidayat,Jakarta,TikTok Ads,2025-10-31,62,7,2414550,3,4,4,344,Loyal
CUST-3465,Rangga Santoso,Jakarta,Referral,2025-04-06,270,10,3562750,1,5,5,155,Loyal
CUST-3466,Rangga Kurniawan,Balikpapan,TikTok Ads,2025-10-06,87,2,509100,3,2,2,322,Needs Attention
CUST-3467,Mega Ramadhan,Jakarta,Google Search,2025-09-24,99,6,1281950,3,4,3,343,Loyal
CUST-3468,Kartika Marliana,Bekasi,Marketplace,2025-07-14,171,13,3329000,2,5,5,255,Loyal
CUST-3469,Kevin Nugroho,Jakarta,TikTok Ads,2025-11-19,43,5,1380800,4,4,3,443,Champions
CUST-3470,Nadia Wijaya,Semarang,Instagram Ads,2025-12-30,2,16,4114300,5,5,5,555,Champions
CUST-3471,Umar Setiawan,Jakarta,Instagram Ads,2025-11-19,43,21,5965900,4,5,5,455,Champions
CUST-3472,Dewi Cahyani,Jakarta,TikTok Ads,2025-06-17,198,2,527000,2,2,2,222,Lost
CUST-3473,Jasmine Setiawan,Solo,TikTok Ads,2025-12-20,12,2,1344000,5,2,3,523,Potential Loyalist
CUST-3474,Beni Suryadi,Jakarta,Instagram Ads,2025-12-29,3,16,3868000,5,5,5,555,Champions
CUST-3475,Dinda Pratama,Malang,Marketplace,2025-12-04,28,11,3284900,4,5,5,455,Champions
CUST-3476,Kevin Rahayu,Bandung,Google Search,2025-08-11,143,1,219000,2,1,1,211,Lost
CUST-3477,Endah Handoko,Denpasar,Google Search,2025-11-08,54,6,923500,3,4,3,343,Loyal
CUST-3478,Nadia Saputra,Bandung,Marketplace,2025-11-08,54,4,341200,3,3,1,331,Needs Attention
CUST-3479,Citra Saputra,Yogyakarta,Google Search,2025-12-30,2,5,961050,5,4,3,543,Champions
CUST-3480,Omar Nugroho,Jakarta,Google Search,2025-10-16,77,4,962900,3,3,3,333,Needs Attention
CUST-3481,Joko Nugroho,Surabaya,TikTok Ads,2025-11-15,47,1,30000,4,1,1,411,Potential Loyalist
CUST-3482,Nanda Lestari,Malang,Instagram Ads,2025-11-11,51,21,7351800,3,5,5,355,Loyal
CUST-3483,Bayu Setiawan,Medan,Instagram Ads,2025-10-18,75,4,775850,3,3,2,332,Needs Attention
CUST-3484,Galih Sukmawati,Bandung,TikTok Ads,2025-12-18,14,10,4014000,5,5,5,555,Champions
CUST-3485,Cahya Santoso,Jakarta,Marketplace,2025-04-05,271,4,1658250,1,3,4,134,At-Risk
CUST-3486,Ivan Kurniawan,Yogyakarta,Marketplace,2025-10-13,80,2,259000,3,2,1,321,Needs Attention
CUST-3487,Dewi Pratama,Surabaya,TikTok Ads,2024-09-09,479,2,391500,1,2,2,122,Lost
CUST-3488,Jasmine Wibowo,Medan,Instagram Ads,2025-12-26,6,12,4664250,5,5,5,555,Champions
CUST-3489,Lukman Anggraini,Surabaya,Google Search,2025-12-16,16,9,2257000,5,5,4,554,Champions
CUST-3490,Zaki Wibowo,Jakarta,TikTok Ads,2025-11-19,43,8,2997550,4,4,5,445,Champions
CUST-3491,Tono Handoko,Bandung,Marketplace,2025-03-13,294,2,744000,1,2,2,122,Lost
CUST-3492,Rizky Rahayu,Bandar Lampung,Google Search,2025-12-22,10,10,2682300,5,5,5,555,Champions
CUST-3493,Doni Darmawan,Balikpapan,Organic Social,2025-06-01,214,8,3249050,2,4,5,245,Loyal
CUST-3494,Jihan Hartono,Malang,Instagram Ads,2025-01-26,340,4,1077350,1,3,3,133,At-Risk
CUST-3495,Faisal Maulana,Bandung,Instagram Ads,2025-09-23,100,1,440000,3,1,2,312,Needs Attention
CUST-3496,Indra Utami,Yogyakarta,Instagram Ads,2025-07-17,168,6,1356250,2,4,3,243,Loyal
CUST-3497,Sari Suryadi,Jakarta,TikTok Ads,2025-05-22,224,1,135000,2,1,1,211,Lost
CUST-3498,Umar Wijaya,Jakarta,Instagram Ads,2025-10-28,65,7,1982150,3,4,4,344,Loyal
CUST-3499,Oki Gunawan,jakarta,Organic Social,2025-12-26,6,8,2213900,5,4,4,544,Champions
CUST-3500,Dinda Handoko,Jakarta,Marketplace,2025-11-30,32,7,1352250,4,4,3,443,Champions
CUST-3501,Kartika Darmawan,Bandung,Google Search,2025-11-30,32,17,5205400,4,5,5,455,Champions
CUST-3502,Prita Cahyani,Medan,Marketplace,2025-10-27,66,4,746400,3,3,2,332,Needs Attention
CUST-3503,Endah Rahayu,Surabaya,Instagram Ads,2025-12-24,8,6,1456000,5,4,3,543,Champions
CUST-3504,Umar Nugroho,Jakarta,Google Search,2025-07-11,174,1,889950,2,1,3,213,Lost
CUST-3505,Guntur Darmawan,Palembang,Instagram Ads,2025-12-16,16,9,2278600,5,5,4,554,Champions
CUST-3506,Krisna Maulana,Bekasi,Organic Social,2025-07-05,180,3,698300,2,3,2,232,At-Risk
CUST-3507,Hesti Ramadhan,Bandung,Google Search,2025-09-07,116,2,305000,2,2,1,221,Lost
CUST-3508,Jasmine Setiawan,Makassar,Google Search,2025-12-02,30,4,1182500,4,3,3,433,Potential Loyalist
CUST-3509,Sinta Halim,Balikpapan,Instagram Ads,2025-07-05,180,6,1535150,2,4,4,244,Loyal
CUST-3510,Ayu Hartono,Bogor,Google Search,2025-11-20,42,8,1655250,4,4,4,444,Champions
CUST-3511,Beni Gunawan,Bandung,Google Search,2025-09-29,94,17,5248050,3,5,5,355,Loyal
CUST-3512,Irfan Sukmawati,Bandung,Instagram Ads,2025-01-22,344,1,780000,1,1,2,112,Lost
CUST-3513,Yuni Marliana,Surabaya,Instagram Ads,2025-12-30,2,8,1247600,5,4,3,543,Champions
CUST-3514,Dewi Wibowo,Makassar,TikTok Ads,2025-11-08,54,2,263000,3,2,1,321,Needs Attention
CUST-3515,Irfan Wijaya,Yogyakarta,Instagram Ads,2025-11-11,51,4,873300,3,3,3,333,Needs Attention
CUST-3516,Krisna Santoso,Bandung,Instagram Ads,2025-12-27,5,4,1732150,5,3,4,534,Potential Loyalist
CUST-3517,Hesti Hidayat,Palembang,Instagram Ads,2025-09-08,115,8,1514000,2,4,4,244,Loyal
CUST-3518,Umar Anggraini,Tangerang,Organic Social,2025-02-09,326,3,453450,1,3,2,132,At-Risk
CUST-3519,Tono Ramadhan,Yogyakarta,Instagram Ads,2024-10-31,427,1,135000,1,1,1,111,Lost
CUST-3520,Anwar Wijaya,Bekasi,Instagram Ads,2025-07-21,164,5,1050000,2,4,3,243,Loyal
CUST-3521,Putri Handoko,Yogyakarta,TikTok Ads,2024-11-26,401,3,645000,1,3,2,132,At-Risk
CUST-3522,Mega Kurniawan,Jakarta,Instagram Ads,2025-12-25,7,4,1124800,5,3,3,533,Potential Loyalist
CUST-3523,Sari Kusuma,Jakarta,TikTok Ads,2025-06-28,187,1,195000,2,1,1,211,Lost
CUST-3524,Wawan Ramadhan,Jakarta,Google Search,2025-07-27,158,6,1345050,2,4,3,243,Loyal
CUST-3525,Jasmine Yulianti,Surabaya,Instagram Ads,2025-11-26,36,6,1817200,4,4,4,444,Champions
CUST-3526,Citra Wibowo,Surabaya,Instagram Ads,2024-09-09,479,1,252000,1,1,1,111,Lost
CUST-3527,Kartika Hartono,malang,Instagram Ads,2025-10-31,62,2,267300,3,2,1,321,Needs Attention
CUST-3528,Anwar Kusuma,jakarta,Marketplace,2025-10-25,68,4,1380650,3,3,3,333,Needs Attention
CUST-3529,Nanda Suryadi,Surabaya,Organic Social,2025-12-07,25,5,1237200,4,4,3,443,Champions
CUST-3530,Zahra Wijaya,Bogor,Marketplace,2025-12-19,13,7,1361000,5,4,3,543,Champions
CUST-3531,Jihan Darmawan,Jakarta,Marketplace,2024-02-01,700,2,365600,1,2,1,121,Lost
CUST-3532,Mega Wijaya,Surabaya,Instagram Ads,2024-02-28,673,1,366000,1,1,1,111,Lost
CUST-3533,Nadia Suryadi,Jakarta,Instagram Ads,2025-01-20,346,1,84000,1,1,1,111,Lost
CUST-3534,Reza Lestari,Jakarta,TikTok Ads,2025-07-26,159,5,1487400,2,4,4,244,Loyal
CUST-3535,Taufik Hidayat,Surabaya,Referral,2025-12-29,3,10,3227650,5,5,5,555,Champions
CUST-3536,Wulan Anggraini,Jakarta,Google Search,2025-10-13,80,4,852900,3,3,3,333,Needs Attention
CUST-3537,Yuni Sukmawati,Makassar,Organic Social,2025-12-31,1,5,3384700,5,4,5,545,Champions
CUST-3538,Endah Anggraini,Jakarta,Marketplace,2025-11-03,59,3,548250,3,3,2,332,Needs Attention
CUST-3539,Wulan Permana,Semarang,Organic Social,2025-04-07,269,3,780500,1,3,2,132,At-Risk
CUST-3540,Taufik Hartono,Surabaya,Referral,2025-10-28,65,5,802750,3,4,2,342,Loyal
CUST-3541,Bayu Cahyani,Jakarta,TikTok Ads,2025-06-29,186,2,755000,2,2,2,222,Lost
CUST-3542,Bayu Santoso,Jakarta,Instagram Ads,2025-11-15,47,9,1713100,4,5,4,454,Champions
CUST-3543,Vina Suryadi,Bekasi,TikTok Ads,2025-09-28,95,10,5382000,3,5,5,355,Loyal
CUST-3544,Indra Utami,surabaya,Instagram Ads,2025-07-15,170,1,220000,2,1,1,211,Lost
CUST-3545,Bagus Wibowo,Jakarta,Google Search,2025-11-10,52,10,3058500,3,5,5,355,Loyal
CUST-3546,Maya Ramadhan,Yogyakarta,TikTok Ads,2025-08-18,136,1,495000,2,1,2,212,Lost
CUST-3547,Prita Rahayu,Semarang,Referral,2025-11-30,32,4,778750,4,3,2,432,Potential Loyalist
CUST-3548,Tono Handoko,Denpasar,Instagram Ads,2025-04-04,272,2,457000,1,2,2,122,Lost
CUST-3549,Erik Lestari,Bandung,Organic Social,2024-05-20,591,1,132600,1,1,1,111,Lost
CUST-3550,Putri Cahyani,Unknown,Referral,2025-08-08,146,1,270000,2,1,1,211,Lost
CUST-3551,Hesti Handoko,Jakarta,TikTok Ads,2025-07-01,184,8,1481200,2,4,4,244,Loyal
CUST-3552,Vero Hidayat,Makassar,Instagram Ads,2025-11-27,35,12,4883000,4,5,5,455,Champions
CUST-3553,Laras Santoso,Denpasar,Organic Social,2025-11-22,40,3,426850,4,3,2,432,Potential Loyalist
CUST-3554,Gita Darmawan,Bandung,Instagram Ads,2025-08-22,132,2,819000,2,2,3,223,Lost
CUST-3555,Ayu Permana,Malang,Instagram Ads,2025-11-12,50,5,823500,4,4,3,443,Champions
CUST-3556,Joko Suryadi,Surabaya,Instagram Ads,2024-10-21,437,1,440300,1,1,2,112,Lost
CUST-3557,Galih Prakoso,Bandung,TikTok Ads,2025-09-03,120,9,1561350,2,5,4,254,Loyal
CUST-3558,Doni Rahayu,Surabaya,Instagram Ads,2025-11-30,32,2,537500,4,2,2,422,Potential Loyalist
CUST-3559,Vero Gunawan,Surabaya,Organic Social,2024-08-20,499,3,738500,1,3,2,132,At-Risk
CUST-3560,Bayu Purnama,Jakarta,Instagram Ads,2025-07-30,155,2,400000,2,2,2,222,Lost
CUST-3561,Joko Prakoso,Medan,Referral,2025-09-23,100,5,2365400,3,4,4,344,Loyal
CUST-3562,Lukman Hartono,Malang,Marketplace,2025-08-24,130,9,2277450,2,5,4,254,Loyal
CUST-3563,Rangga Ramadhan,Bekasi,Organic Social,2025-12-24,8,7,2902400,5,4,5,545,Champions
CUST-3564,Guntur Yulianti,Malang,Google Search,2025-01-15,351,4,3012400,1,3,5,135,At-Risk
CUST-3565,Galih Anggraini,Palembang,Google Search,2025-08-01,153,4,941000,2,3,3,233,At-Risk
CUST-3566,Wulan Purnama,Bogor,TikTok Ads,2025-11-24,38,10,3189950,4,5,5,455,Champions
CUST-3567,Reza Wijaya,Malang,TikTok Ads,2025-11-05,57,3,1048800,3,3,3,333,Needs Attention
CUST-3568,Taufik Prakoso,Jakarta,Marketplace,2025-12-20,12,5,628000,5,4,2,542,Champions
CUST-3569,Wulan Marliana,Solo,Instagram Ads,2025-10-26,67,4,731350,3,3,2,332,Needs Attention
CUST-3570,Vero Kurniawan,Jakarta,TikTok Ads,2025-09-08,115,2,392100,2,2,2,222,Lost
CUST-3571,Oki Ramadhan,Surabaya,Instagram Ads,2025-12-27,5,2,1354500,5,2,3,523,Potential Loyalist
CUST-3572,Indra Marliana,Malang,Organic Social,2025-11-07,55,1,303750,3,1,1,311,Needs Attention
CUST-3573,Tono Rahayu,Jakarta,Marketplace,2025-07-16,169,6,1718000,2,4,4,244,Loyal
CUST-3574,Zahra Saputra,Jakarta,TikTok Ads,2025-12-20,12,2,563200,5,2,2,522,Potential Loyalist
CUST-3575,Ulfa Setiawan,yogyakarta,Google Search,2025-12-22,10,3,1249650,5,3,3,533,Potential Loyalist
CUST-3576,Wawan Firmansyah,yogyakarta,Referral,2025-11-25,37,2,1203750,4,2,3,423,Potential Loyalist
CUST-3577,Krisna Gunawan,Medan,Marketplace,2025-08-25,129,2,934000,2,2,3,223,Lost
CUST-3578,Omar Gunawan,Bandung,Referral,2024-12-02,395,2,377000,1,2,1,121,Lost
CUST-3579,Reza Marliana,Jakarta,Organic Social,2025-09-25,98,1,354000,3,1,1,311,Needs Attention
CUST-3580,Beni Marliana,Jakarta,TikTok Ads,2025-05-22,224,4,1309250,2,3,3,233,At-Risk
CUST-3581,Ivan Sukmawati,Denpasar,TikTok Ads,2025-09-02,121,2,1025600,2,2,3,223,Lost
CUST-3582,Tono Wijaya,Makassar,Instagram Ads,2024-10-15,443,1,870000,1,1,3,113,Lost
CUST-3583,Taufik Saputra,Jakarta,Organic Social,2025-07-23,162,4,1123700,2,3,3,233,At-Risk
CUST-3584,Umar Anggraini,Jakarta,TikTok Ads,2024-07-13,537,1,675000,1,1,2,112,Lost
CUST-3585,Kevin Wibowo,Semarang,TikTok Ads,2025-07-06,179,2,586000,2,2,2,222,Lost
CUST-3586,Doni Setiawan,Bandung,Instagram Ads,2025-12-29,3,8,1158750,5,4,3,543,Champions
CUST-3587,Sinta Nugroho,jakarta,TikTok Ads,2025-12-05,27,6,1640750,4,4,4,444,Champions
CUST-3588,Gita Maulana,Medan,Instagram Ads,2025-10-16,77,3,306200,3,3,1,331,Needs Attention
CUST-3589,Citra Nugroho,Surabaya,Instagram Ads,2025-11-21,41,4,613750,4,3,2,432,Potential Loyalist
CUST-3590,Ivan Saputra,Medan,Google Search,2025-10-22,71,5,1639550,3,4,4,344,Loyal
CUST-3591,Guntur Pratama,Unknown,TikTok Ads,2025-05-13,233,10,3630950,1,5,5,155,Loyal
CUST-3592,Jihan Santoso,Solo,Google Search,2025-01-13,353,3,772000,1,3,2,132,At-Risk
CUST-3593,Zaki Utami,Surabaya,Marketplace,2025-11-18,44,5,1042000,4,4,3,443,Champions
CUST-3594,Sinta Halim,Medan,Instagram Ads,2025-09-21,102,3,659000,3,3,2,332,Needs Attention
CUST-3595,Wawan Setiawan,Palembang,Organic Social,2025-10-21,72,2,824000,3,2,3,323,Needs Attention
CUST-3596,Adit Prakoso,Bandar Lampung,Organic Social,2025-12-09,23,11,2084000,4,5,4,454,Champions
CUST-3597,Irfan Prakoso,Jakarta,TikTok Ads,2024-05-08,603,1,30000,1,1,1,111,Lost
CUST-3598,Oki Hidayat,Yogyakarta,TikTok Ads,2025-10-17,76,8,4471550,3,4,5,345,Loyal
CUST-3599,Zaki Permana,Makassar,TikTok Ads,2025-07-20,165,12,2338900,2,5,4,254,Loyal
CUST-3600,Jasmine Pratama,Balikpapan,TikTok Ads,2025-12-31,1,10,1844500,5,5,4,554,Champions
CUST-3601,Prita Anggraini,Medan,Referral,2025-11-14,48,9,3434500,4,5,5,455,Champions
CUST-3602,Endah Kurniawan,Unknown,Referral,2025-03-03,304,4,816450,1,3,3,133,At-Risk
CUST-3603,Vina Halim,Bekasi,Referral,2025-01-01,365,5,1394000,1,4,3,143,Loyal
CUST-3604,Nadia Wijaya,Yogyakarta,Instagram Ads,2025-12-05,27,2,208000,4,2,1,421,Potential Loyalist
CUST-3605,Farah Hidayat,Palembang,Instagram Ads,2025-04-06,270,1,298000,1,1,1,111,Lost
CUST-3606,Yuni Sukmawati,Bandung,Google Search,2025-10-31,62,13,3819300,3,5,5,355,Loyal
CUST-3607,Erik Kurniawan,Bogor,Organic Social,2025-11-15,47,6,1305350,4,4,3,443,Champions
CUST-3608,Gita Wibowo,Unknown,TikTok Ads,2025-12-18,14,7,874250,5,4,3,543,Champions
CUST-3609,Bayu Permana,Makassar,Instagram Ads,2025-12-24,8,10,3507000,5,5,5,555,Champions
CUST-3610,Anwar Hidayat,makassar,Instagram Ads,2025-12-21,11,2,443400,5,2,2,522,Potential Loyalist
CUST-3611,Indra Ramadhan,Makassar,TikTok Ads,2025-10-02,91,8,1668050,3,4,4,344,Loyal
CUST-3612,Ulfa Kusuma,Tangerang,Instagram Ads,2024-09-11,477,1,145000,1,1,1,111,Lost
CUST-3613,Vero Pratama,Jakarta,TikTok Ads,2025-11-28,34,19,5191800,4,5,5,455,Champions
CUST-3614,Zahra Nugroho,Surabaya,TikTok Ads,2025-11-09,53,5,1487750,3,4,4,344,Loyal
CUST-3615,Ulfa Nugroho,Depok,Instagram Ads,2025-01-13,353,1,234000,1,1,1,111,Lost
CUST-3616,Indra Wibowo,Surabaya,TikTok Ads,2025-02-23,312,3,507000,1,3,2,132,At-Risk
CUST-3617,Nadia Anggraini,Medan,Organic Social,2025-12-03,29,10,3525800,4,5,5,455,Champions
CUST-3618,Vero Saputra,Bandar Lampung,TikTok Ads,2024-09-08,480,4,1215100,1,3,3,133,At-Risk
CUST-3619,Laras Santoso,Palembang,Organic Social,2025-10-06,87,3,292700,3,3,1,331,Needs Attention
CUST-3620,Tono Ramadhan,Surabaya,Organic Social,2025-05-19,227,2,326400,2,2,1,221,Lost
CUST-3621,Galih Cahyani,Depok,Instagram Ads,2025-09-07,116,8,2252600,2,4,4,244,Loyal
CUST-3622,Umar Wibowo,Denpasar,TikTok Ads,2025-05-10,236,3,842000,1,3,3,133,At-Risk
CUST-3623,Tono Pratama,Bandung,Instagram Ads,2025-12-01,31,8,2820500,4,4,5,445,Champions
CUST-3624,Fajar Permana,Jakarta,Google Search,2025-11-30,32,7,1737850,4,4,4,444,Champions
CUST-3625,Anwar Lestari,Surabaya,Instagram Ads,2025-08-07,147,1,36100,2,1,1,211,Lost
CUST-3626,Maya Sukmawati,Bogor,Instagram Ads,2025-12-22,10,8,2354400,5,4,4,544,Champions
CUST-3627,Farah Firmansyah,Denpasar,Marketplace,2025-12-18,14,18,5334550,5,5,5,555,Champions
CUST-3628,Dewi Sukmawati,Surabaya,Instagram Ads,2025-06-19,196,12,3195850,2,5,5,255,Loyal
CUST-3629,Wulan Pratama,jakarta,Organic Social,2025-12-30,2,4,571700,5,3,2,532,Potential Loyalist
CUST-3630,Oki Lestari,bandung,Referral,2025-11-19,43,5,1154300,4,4,3,443,Champions
CUST-3631,Omar Ramadhan,Bandung,Instagram Ads,2025-10-23,70,8,1756900,3,4,4,344,Loyal
CUST-3632,Doni Maulana,Bekasi,TikTok Ads,2024-05-03,608,1,384000,1,1,2,112,Lost
CUST-3633,Bagus Rahayu,Jakarta,Organic Social,2025-12-21,11,14,4664650,5,5,5,555,Champions
CUST-3634,Yuni Handoko,Jakarta,Marketplace,2025-09-09,114,3,667750,2,3,2,232,At-Risk
CUST-3635,Anwar Anggraini,Bekasi,Organic Social,2025-10-19,74,13,3979450,3,5,5,355,Loyal
CUST-3636,Fajar Wijaya,Malang,Marketplace,2025-11-20,42,8,2846750,4,4,5,445,Champions
CUST-3637,Guntur Hartono,Denpasar,TikTok Ads,2025-10-05,88,1,698000,3,1,2,312,Needs Attention
CUST-3638,Gita Setiawan,Bandar Lampung,Google Search,2025-11-19,43,11,3458800,4,5,5,455,Champions
CUST-3639,Faisal Maulana,Jakarta,Referral,2025-12-12,20,6,1199400,4,4,3,443,Champions
CUST-3640,Galih Maulana,Surabaya,TikTok Ads,2025-12-26,6,4,1347000,5,3,3,533,Potential Loyalist
CUST-3641,Indra Ramadhan,Malang,TikTok Ads,2025-12-28,4,6,1113600,5,4,3,543,Champions
CUST-3642,Ivan Marliana,Depok,Google Search,2025-11-11,51,4,1186550,3,3,3,333,Needs Attention
CUST-3643,Beni Firmansyah,Surabaya,Instagram Ads,2025-12-28,4,11,3325950,5,5,5,555,Champions
CUST-3644,Citra Anggraini,Bandar Lampung,TikTok Ads,2025-07-17,168,3,946550,2,3,3,233,At-Risk
CUST-3645,Reza Wibowo,Denpasar,Instagram Ads,2024-08-13,506,1,270000,1,1,1,111,Lost
CUST-3646,Nadia Ramadhan,Surabaya,Organic Social,2025-12-10,22,13,3009750,4,5,5,455,Champions
CUST-3647,Cahya Lestari,Semarang,Google Search,2024-06-18,562,2,350250,1,2,1,121,Lost
CUST-3648,Joko Maulana,Jakarta,TikTok Ads,2025-06-23,192,3,252600,2,3,1,231,At-Risk
CUST-3649,Maya Kurniawan,Medan,Google Search,2025-11-07,55,3,701300,3,3,2,332,Needs Attention
CUST-3650,Jasmine Cahyani,Balikpapan,Marketplace,2025-12-05,27,11,4876400,4,5,5,455,Champions
CUST-3651,Faisal Setiawan,Bandung,Google Search,2025-09-08,115,2,433000,2,2,2,222,Lost
CUST-3652,Yuni Yulianti,Medan,Instagram Ads,2025-09-12,111,8,2500100,2,4,4,244,Loyal
CUST-3653,Ivan Maulana,Semarang,Instagram Ads,2025-12-19,13,17,6633700,5,5,5,555,Champions
CUST-3654,Lukman Hidayat,Malang,Instagram Ads,2025-11-12,50,8,1965800,4,4,4,444,Champions
CUST-3655,Hilda Suryadi,Tangerang,TikTok Ads,2025-12-30,2,3,1444550,5,3,3,533,Potential Loyalist
CUST-3656,Joko Purnama,Yogyakarta,Instagram Ads,2024-10-06,452,2,343250,1,2,1,121,Lost
CUST-3657,Hesti Wibowo,Unknown,Organic Social,2025-04-15,261,2,754000,1,2,2,122,Lost
CUST-3658,Ayu Ramadhan,Jakarta,Google Search,2025-11-11,51,10,3429650,3,5,5,355,Loyal
CUST-3659,Nanda Prakoso,Bandung,Instagram Ads,2025-11-07,55,2,700000,3,2,2,322,Needs Attention
CUST-3660,Galih Firmansyah,Medan,Instagram Ads,2025-12-15,17,1,81000,5,1,1,511,Potential Loyalist
CUST-3661,Citra Halim,Pekanbaru,Instagram Ads,2025-12-12,20,8,2038700,4,4,4,444,Champions
CUST-3662,Yoga Firmansyah,depok,Instagram Ads,2025-11-27,35,21,7254750,4,5,5,455,Champions
CUST-3663,Cahya Firmansyah,Jakarta,Referral,2025-05-02,244,10,3368350,1,5,5,155,Loyal
CUST-3664,Galih Hidayat,Bandung,Instagram Ads,2025-12-15,17,5,1967500,5,4,4,544,Champions
CUST-3665,Rangga Gunawan,Surabaya,Instagram Ads,2025-12-20,12,9,2824800,5,5,5,555,Champions
CUST-3666,Krisna Setiawan,Bandung,Google Search,2025-11-17,45,5,2344250,4,4,4,444,Champions
CUST-3667,Hesti Saputra,Surabaya,Organic Social,2025-12-18,14,8,3037300,5,4,5,545,Champions
CUST-3668,Citra Firmansyah,Medan,Instagram Ads,2025-12-07,25,7,2506000,4,4,4,444,Champions
CUST-3669,Ivan Lestari,Surabaya,Instagram Ads,2025-08-10,144,5,1352400,2,4,3,243,Loyal
CUST-3670,Kevin Rahayu,Jakarta,Marketplace,2025-03-29,278,2,749100,1,2,2,122,Lost
CUST-3671,Cahya Hartono,Unknown,Google Search,2025-08-19,135,2,408000,2,2,2,222,Lost
CUST-3672,Nadia Cahyani,Denpasar,TikTok Ads,2025-04-19,257,2,639400,1,2,2,122,Lost
CUST-3673,Vina Yulianti,Semarang,Instagram Ads,2025-09-25,98,5,2234000,3,4,4,344,Loyal
CUST-3674,Endah Kusuma,Solo,Referral,2025-11-30,32,1,330000,4,1,1,411,Potential Loyalist
CUST-3675,Zahra Hartono,Jakarta,Referral,2025-11-28,34,14,2838000,4,5,5,455,Champions
CUST-3676,Joko Handoko,Medan,Marketplace,2025-11-01,61,2,252000,3,2,1,321,Needs Attention
CUST-3677,Krisna Kurniawan,Bandung,Instagram Ads,2024-06-05,575,1,1980000,1,1,4,114,Lost
CUST-3678,Cindy Ramadhan,Surabaya,Instagram Ads,2024-11-17,410,2,185200,1,2,1,121,Lost
CUST-3679,Lukman Setiawan,Tangerang,Instagram Ads,2025-11-18,44,2,833500,4,2,3,423,Potential Loyalist
CUST-3680,Nadia Hidayat,Jakarta,Organic Social,2025-08-28,126,15,2645750,2,5,5,255,Loyal
CUST-3681,Farah Prakoso,Denpasar,Referral,2025-12-15,17,2,374100,5,2,1,521,Potential Loyalist
CUST-3682,Laras Pratama,Jakarta,Instagram Ads,2025-12-28,4,9,2432500,5,5,4,554,Champions
CUST-3683,Joko Setiawan,Malang,TikTok Ads,2025-11-05,57,5,1451000,3,4,3,343,Loyal
CUST-3684,Dewi Rahayu,Denpasar,TikTok Ads,2025-03-01,306,2,612500,1,2,2,122,Lost
CUST-3685,Tono Lestari,Jakarta,Marketplace,2025-06-27,188,3,351800,2,3,1,231,At-Risk
CUST-3686,Jasmine Firmansyah,Bandung,Instagram Ads,2025-12-31,1,5,1674100,5,4,4,544,Champions
CUST-3687,Umar Gunawan,Jakarta,Organic Social,2025-09-20,103,15,3796350,3,5,5,355,Loyal
CUST-3688,Zahra Maulana,Bandung,Instagram Ads,2024-06-23,557,2,775800,1,2,2,122,Lost
CUST-3689,Rangga Wibowo,Jakarta,Instagram Ads,2024-03-28,644,1,163200,1,1,1,111,Lost
CUST-3690,Citra Sukmawati,Bogor,Referral,2025-11-10,52,5,1130000,3,4,3,343,Loyal
CUST-3691,Lukman Darmawan,Malang,TikTok Ads,2025-11-14,48,16,4448050,4,5,5,455,Champions
CUST-3692,Ayu Kusuma,Semarang,Instagram Ads,2025-12-30,2,9,1805650,5,5,4,554,Champions
CUST-3693,Erik Maulana,Makassar,Instagram Ads,2025-10-23,70,1,210600,3,1,1,311,Needs Attention
CUST-3694,Eka Maulana,Depok,Referral,2025-12-24,8,4,1578050,5,3,4,534,Potential Loyalist
CUST-3695,Omar Prakoso,Pekanbaru,Google Search,2025-08-20,134,3,917000,2,3,3,233,At-Risk
CUST-3696,Doni Utami,Jakarta,Referral,2025-08-24,130,5,2314400,2,4,4,244,Loyal
CUST-3697,Oki Prakoso,Jakarta,Organic Social,2025-11-09,53,5,1031000,3,4,3,343,Loyal
CUST-3698,Farah Kurniawan,Bandar Lampung,Instagram Ads,2025-11-20,42,2,336500,4,2,1,421,Potential Loyalist
CUST-3699,Putri Wibowo,Bandung,Instagram Ads,2025-08-23,131,11,4468500,2,5,5,255,Loyal
CUST-3700,Gita Utami,Jakarta,Instagram Ads,2025-11-13,49,8,1430600,4,4,3,443,Champions
CUST-3701,Omar Santoso,Yogyakarta,Instagram Ads,2025-02-20,315,2,372800,1,2,1,121,Lost
CUST-3702,Irfan Santoso,Bandung,TikTok Ads,2025-04-15,261,1,250000,1,1,1,111,Lost
CUST-3703,Jasmine Yulianti,Tangerang,Instagram Ads,2025-04-21,255,2,560000,1,2,2,122,Lost
CUST-3704,Hana Ramadhan,Jakarta,Google Search,2025-11-13,49,5,2116600,4,4,4,444,Champions
CUST-3705,Taufik Kurniawan,Bandung,TikTok Ads,2025-10-30,63,2,1668000,3,2,4,324,Needs Attention
CUST-3706,Kartika Rahayu,Jakarta,Instagram Ads,2025-05-08,238,1,137750,1,1,1,111,Lost
CUST-3707,Oki Prakoso,Surabaya,Google Search,2025-04-28,248,3,303550,1,3,1,131,At-Risk
CUST-3708,Beni Lestari,Jakarta,TikTok Ads,2025-12-26,6,20,6114700,5,5,5,555,Champions
CUST-3709,Yuni Halim,Denpasar,Google Search,2025-07-31,154,7,1680350,2,4,4,244,Loyal
CUST-3710,Farah Hartono,Denpasar,Referral,2025-11-01,61,3,1857700,3,3,4,334,Needs Attention
CUST-3711,Sari Lestari,Bogor,Instagram Ads,2024-03-30,642,1,220000,1,1,1,111,Lost
CUST-3712,Yoga Yulianti,Depok,TikTok Ads,2025-12-14,18,6,2415900,5,4,4,544,Champions
CUST-3713,Umar Firmansyah,Semarang,TikTok Ads,2025-12-14,18,6,1951000,5,4,4,544,Champions
CUST-3714,Dewi Utami,Jakarta,Google Search,2025-07-06,179,10,3192000,2,5,5,255,Loyal
CUST-3715,Sari Maulana,Jakarta,Referral,2025-09-26,97,6,748300,3,4,2,342,Loyal
CUST-3716,Wulan Halim,Yogyakarta,Instagram Ads,2025-12-31,1,3,498750,5,3,2,532,Potential Loyalist
CUST-3717,Erik Setiawan,Surabaya,Google Search,2025-11-11,51,18,5104650,3,5,5,355,Loyal
CUST-3718,Putri Utami,Surabaya,Instagram Ads,2025-11-03,59,4,1473500,3,3,3,333,Needs Attention
CUST-3719,Putri Setiawan,Jakarta,Google Search,2025-10-13,80,2,203000,3,2,1,321,Needs Attention
CUST-3720,Maya Ramadhan,Jakarta,Referral,2025-05-10,236,2,723000,1,2,2,122,Lost
CUST-3721,Bayu Utami,Malang,TikTok Ads,2025-10-19,74,7,2078250,3,4,4,344,Loyal
CUST-3722,Reza Cahyani,Jakarta,TikTok Ads,2025-10-20,73,7,2029400,3,4,4,344,Loyal
CUST-3723,Mega Cahyani,Bandung,TikTok Ads,2025-10-10,83,7,2331750,3,4,4,344,Loyal
CUST-3724,Indra Santoso,Yogyakarta,Instagram Ads,2025-03-28,279,1,192000,1,1,1,111,Lost
CUST-3725,Citra Utami,Tangerang,Instagram Ads,2024-09-28,460,2,370900,1,2,1,121,Lost
CUST-3726,Nadia Lestari,Surabaya,Instagram Ads,2025-05-20,226,2,639000,2,2,2,222,Lost
CUST-3727,Hilda Darmawan,Jakarta,Google Search,2025-01-14,352,5,1503000,1,4,4,144,Loyal
CUST-3728,Kevin Gunawan,Jakarta,TikTok Ads,2025-01-20,346,3,602700,1,3,2,132,At-Risk
CUST-3729,Nadia Kusuma,Yogyakarta,TikTok Ads,2025-10-14,79,8,2368500,3,4,4,344,Loyal
CUST-3730,Hana Cahyani,Yogyakarta,Referral,2025-12-22,10,7,2156200,5,4,4,544,Champions
CUST-3731,Yuni Wibowo,Yogyakarta,Instagram Ads,2025-12-19,13,1,237600,5,1,1,511,Potential Loyalist
CUST-3732,Bagus Gunawan,bekasi,TikTok Ads,2024-11-25,402,1,314100,1,1,1,111,Lost
CUST-3733,Tono Prakoso,jakarta,Marketplace,2025-11-23,39,4,1070500,4,3,3,433,Potential Loyalist
CUST-3734,Zahra Permana,Jakarta,Google Search,2025-11-29,33,19,6304050,4,5,5,455,Champions
CUST-3735,Lukman Suryadi,Balikpapan,TikTok Ads,2025-12-17,15,19,5222600,5,5,5,555,Champions
CUST-3736,Cahya Anggraini,Tangerang,TikTok Ads,2024-08-29,490,2,237750,1,2,1,121,Lost
CUST-3737,Lukman Permana,Jakarta,TikTok Ads,2024-06-11,569,2,598650,1,2,2,122,Lost
CUST-3738,Hilda Kurniawan,Jakarta,TikTok Ads,2025-12-23,9,3,726700,5,3,2,532,Potential Loyalist
CUST-3739,Laras Wibowo,Yogyakarta,Google Search,2025-11-06,56,5,1099000,3,4,3,343,Loyal
CUST-3740,Oki Pratama,Palembang,Instagram Ads,2025-04-13,263,2,1212000,1,2,3,123,Lost
CUST-3741,Wulan Utami,Semarang,Referral,2025-12-14,18,1,25000,5,1,1,511,Potential Loyalist
CUST-3742,Joko Darmawan,Jakarta,Marketplace,2025-11-23,39,7,2342000,4,4,4,444,Champions
CUST-3743,Dewi Wibowo,Solo,TikTok Ads,2025-10-24,69,5,1594000,3,4,4,344,Loyal
CUST-3744,Yoga Kurniawan,Jakarta,Referral,2024-11-29,398,1,118000,1,1,1,111,Lost
CUST-3745,Kartika Hidayat,Medan,TikTok Ads,,,0,0,,,,,Never Purchased
CUST-3746,Mega Darmawan,Semarang,Marketplace,2024-11-07,420,2,355750,1,2,1,121,Lost
CUST-3747,Doni Rahayu,Surabaya,Google Search,2025-02-19,316,3,581050,1,3,2,132,At-Risk
CUST-3748,Irfan Permana,depok,Google Search,2025-10-26,67,3,556500,3,3,2,332,Needs Attention
CUST-3749,Hana Nugroho,Yogyakarta,Instagram Ads,,,0,0,,,,,Never Purchased
CUST-3750,Gita Setiawan,Bogor,Google Search,2025-10-16,77,4,1007000,3,3,3,333,Needs Attention
CUST-3751,Cahya Ramadhan,Denpasar,Organic Social,2025-04-22,254,1,550000,1,1,2,112,Lost
CUST-3752,Bayu Saputra,Malang,Organic Social,2024-11-20,407,1,220000,1,1,1,111,Lost
CUST-3753,Doni Prakoso,jakarta,Instagram Ads,2025-05-03,243,6,3398000,1,4,5,145,Loyal
CUST-3754,Bayu Saputra,Malang,TikTok Ads,2025-11-08,54,3,594200,3,3,2,332,Needs Attention
CUST-3755,Ivan Handoko,Semarang,Referral,2025-12-26,6,16,4126000,5,5,5,555,Champions
CUST-3756,Kartika Cahyani,Medan,Instagram Ads,2025-12-06,26,4,576450,4,3,2,432,Potential Loyalist
CUST-3757,Yuni Saputra,Bekasi,Organic Social,2025-08-24,130,11,2954600,2,5,5,255,Loyal
CUST-3758,Maya Maulana,Tangerang,Marketplace,2025-06-27,188,16,3755700,2,5,5,255,Loyal
CUST-3759,Wawan Hidayat,depok,Google Search,2025-12-21,11,7,2317400,5,4,4,544,Champions
CUST-3760,Putri Suryadi,Bekasi,Referral,2025-12-26,6,9,2862750,5,5,5,555,Champions
CUST-3761,Oki Lestari,Medan,Referral,2025-12-10,22,3,505250,4,3,2,432,Potential Loyalist
CUST-3762,Erik Nugroho,Palembang,Instagram Ads,2025-07-11,174,3,752500,2,3,2,232,At-Risk
CUST-3763,Vina Darmawan,Bogor,Marketplace,2025-03-17,290,2,1889000,1,2,4,124,Lost
CUST-3764,Ulfa Sukmawati,Bandung,Instagram Ads,2025-12-01,31,6,2053600,4,4,4,444,Champions
CUST-3765,Erik Hidayat,Semarang,Organic Social,2025-11-28,34,22,6350550,4,5,5,455,Champions
CUST-3766,Lukman Cahyani,Malang,Instagram Ads,2025-11-13,49,9,2106100,4,5,4,454,Champions
CUST-3767,Nadia Hidayat,Depok,TikTok Ads,,,0,0,,,,,Never Purchased
CUST-3768,Oki Nugroho,Jakarta,TikTok Ads,2025-02-06,329,1,195000,1,1,1,111,Lost
CUST-3769,Cahya Suryadi,Jakarta,Google Search,2025-11-25,37,19,5982050,4,5,5,455,Champions
CUST-3770,Mega Maulana,Semarang,Referral,2024-10-07,451,1,125000,1,1,1,111,Lost
CUST-3771,Jasmine Sukmawati,Bandung,Instagram Ads,2025-12-16,16,9,1127600,5,5,3,553,Champions
CUST-3772,Anwar Marliana,Solo,Instagram Ads,2025-03-23,284,2,235300,1,2,1,121,Lost
CUST-3773,Hilda Saputra,Denpasar,Instagram Ads,2025-01-11,355,2,369750,1,2,1,121,Lost
CUST-3774,Ulfa Halim,Makassar,Instagram Ads,2025-04-10,266,1,295000,1,1,1,111,Lost
CUST-3775,Umar Halim,Denpasar,Google Search,2025-12-18,14,17,4987450,5,5,5,555,Champions
CUST-3776,Beni Prakoso,Denpasar,Referral,2025-02-25,310,2,134000,1,2,1,121,Lost
CUST-3777,Putri Maulana,Depok,TikTok Ads,2024-12-03,394,2,698100,1,2,2,122,Lost
CUST-3778,Umar Permana,Palembang,Instagram Ads,2025-07-13,172,8,1637500,2,4,4,244,Loyal
CUST-3779,Sinta Pratama,Bandung,Instagram Ads,2025-08-20,134,1,267000,2,1,1,211,Lost
CUST-3780,Bayu Gunawan,Bandung,Referral,2025-12-31,1,5,1255100,5,4,3,543,Champions
CUST-3781,Eka Lestari,Pekanbaru,TikTok Ads,2025-10-18,75,4,589100,3,3,2,332,Needs Attention
CUST-3782,Maya Hartono,Bandung,TikTok Ads,2025-12-31,1,5,1085250,5,4,3,543,Champions
CUST-3783,Prita Halim,Tangerang,TikTok Ads,2024-10-17,441,3,1405000,1,3,3,133,At-Risk
CUST-3784,Jasmine Prakoso,Bandung,Instagram Ads,2025-10-02,91,2,217250,3,2,1,321,Needs Attention
CUST-3785,Vina Hartono,Malang,Instagram Ads,2025-11-02,60,2,1012500,3,2,3,323,Needs Attention
CUST-3786,Rizky Cahyani,bekasi,TikTok Ads,2025-05-14,232,2,405000,1,2,2,122,Lost
CUST-3787,Yuni Utami,Medan,Instagram Ads,2025-06-08,207,1,357000,2,1,1,211,Lost
CUST-3788,Dinda Setiawan,Surabaya,Organic Social,2025-12-13,19,2,353500,5,2,1,521,Potential Loyalist
CUST-3789,Beni Permana,Jakarta,Instagram Ads,2024-05-19,592,1,250000,1,1,1,111,Lost
CUST-3790,Lukman Rahayu,denpasar,Referral,2025-08-13,141,2,333000,2,2,1,221,Lost
CUST-3791,Jihan Hartono,Bandung,Instagram Ads,2025-08-28,126,10,2727300,2,5,5,255,Loyal
CUST-3792,Yoga Rahayu,Jakarta,TikTok Ads,2025-11-07,55,10,2040000,3,5,4,354,Loyal
CUST-3793,Cahya Gunawan,Palembang,Organic Social,2025-06-15,200,4,1978750,2,3,4,234,At-Risk
CUST-3794,Omar Halim,Jakarta,Google Search,2025-11-25,37,2,251000,4,2,1,421,Potential Loyalist
CUST-3795,Bagus Purnama,Bandung,Organic Social,2025-12-31,1,9,2651900,5,5,5,555,Champions
CUST-3796,Zaki Hartono,Jakarta,Instagram Ads,2025-12-03,29,7,2883550,4,4,5,445,Champions
CUST-3797,Citra Yulianti,Solo,Marketplace,2025-10-01,92,2,684000,3,2,2,322,Needs Attention
CUST-3798,Gita Prakoso,Malang,Organic Social,2025-08-15,139,4,943000,2,3,3,233,At-Risk
CUST-3799,Ivan Saputra,Surabaya,Instagram Ads,2025-12-09,23,5,1967300,4,4,4,444,Champions
CUST-3800,Endah Saputra,Bekasi,Marketplace,2025-12-11,21,3,663900,4,3,2,432,Potential Loyalist
CUST-3801,Citra Anggraini,Solo,Google Search,2025-11-30,32,15,4779450,4,5,5,455,Champions
CUST-3802,Endah Cahyani,Makassar,Organic Social,2025-10-22,71,9,4562800,3,5,5,355,Loyal
CUST-3803,Omar Anggraini,Makassar,Marketplace,2025-11-12,50,9,1843500,4,5,4,454,Champions
CUST-3804,Vero Kurniawan,Jakarta,Marketplace,2025-12-31,1,7,1525250,5,4,4,544,Champions
CUST-3805,Wulan Lestari,Jakarta,Instagram Ads,2025-10-16,77,3,571000,3,3,2,332,Needs Attention
CUST-3806,Taufik Nugroho,Bandung,TikTok Ads,2025-12-14,18,12,3602500,5,5,5,555,Champions
CUST-3807,Nanda Permana,Denpasar,Referral,2025-12-04,28,10,2949200,4,5,5,455,Champions
CUST-3808,Laras Rahayu,Balikpapan,TikTok Ads,2025-12-09,23,11,2206000,4,5,4,454,Champions
CUST-3809,Beni Maulana,Malang,TikTok Ads,2025-10-26,67,8,1603300,3,4,4,344,Loyal
CUST-3810,Dinda Cahyani,Tangerang,Referral,2025-01-21,345,2,150000,1,2,1,121,Lost
CUST-3811,Erik Cahyani,Bandung,TikTok Ads,2025-02-24,311,1,315000,1,1,1,111,Lost
CUST-3812,Cindy Handoko,Jakarta,Instagram Ads,2025-04-05,271,2,277000,1,2,1,121,Lost
CUST-3813,Citra Sukmawati,Jakarta,Instagram Ads,2025-07-26,159,8,1680150,2,4,4,244,Loyal
CUST-3814,Bayu Darmawan,Surabaya,Referral,2025-03-06,301,1,89000,1,1,1,111,Lost
CUST-3815,Guntur Setiawan,Semarang,Organic Social,2025-11-17,45,10,3248000,4,5,5,455,Champions
CUST-3816,Wulan Prakoso,Denpasar,Instagram Ads,2025-10-27,66,2,474000,3,2,2,322,Needs Attention
CUST-3817,Wawan Santoso,Bekasi,Marketplace,2025-12-26,6,4,456700,5,3,2,532,Potential Loyalist
CUST-3818,Hesti Handoko,Makassar,TikTok Ads,2025-03-13,294,3,949000,1,3,3,133,At-Risk
CUST-3819,Faisal Wijaya,palembang,Organic Social,2025-09-02,121,3,847400,2,3,3,233,At-Risk
CUST-3820,Nanda Hidayat,Surabaya,TikTok Ads,2025-12-27,5,10,4672500,5,5,5,555,Champions
CUST-3821,Yoga Sukmawati,Bandung,Referral,2025-09-07,116,6,2132500,2,4,4,244,Loyal
CUST-3822,Zaki Anggraini,jakarta,Referral,2025-08-08,146,1,345000,2,1,1,211,Lost
CUST-3823,Hilda Anggraini,Jakarta,TikTok Ads,2025-11-23,39,9,3723200,4,5,5,455,Champions
CUST-3824,Bayu Marliana,Malang,Instagram Ads,2025-11-02,60,1,145000,3,1,1,311,Needs Attention
CUST-3825,Hesti Hartono,Bandung,Marketplace,2025-11-04,58,6,1476000,3,4,3,343,Loyal
CUST-3826,Anwar Handoko,Semarang,TikTok Ads,2025-11-01,61,11,2305200,3,5,4,354,Loyal
CUST-3827,Vero Lestari,Bandung,Instagram Ads,2025-05-09,237,5,1794050,1,4,4,144,Loyal
CUST-3828,Hilda Prakoso,Bandung,Organic Social,2025-12-03,29,6,1059500,4,4,3,443,Champions
CUST-3829,Faisal Permana,Balikpapan,Instagram Ads,2025-03-03,304,2,196400,1,2,1,121,Lost
CUST-3830,Yuni Santoso,Malang,TikTok Ads,2025-12-06,26,5,1364800,4,4,3,443,Champions
CUST-3831,Faisal Darmawan,Surabaya,Instagram Ads,2024-04-07,634,1,259000,1,1,1,111,Lost
CUST-3832,Reza Cahyani,Bekasi,Instagram Ads,2025-12-31,1,8,2754650,5,4,5,545,Champions
CUST-3833,Wulan Rahayu,Bogor,Instagram Ads,2025-09-20,103,2,143500,3,2,1,321,Needs Attention
CUST-3834,Cahya Lestari,Bekasi,Google Search,2025-10-17,76,11,3068950,3,5,5,355,Loyal
CUST-3835,Guntur Ramadhan,Surabaya,Instagram Ads,2025-12-24,8,9,3791500,5,5,5,555,Champions
CUST-3836,Guntur Wijaya,Surabaya,Instagram Ads,2025-06-08,207,6,805500,2,4,2,242,Loyal
CUST-3837,Putri Prakoso,Jakarta,TikTok Ads,2025-12-11,21,2,273500,4,2,1,421,Potential Loyalist
CUST-3838,Ulfa Darmawan,Solo,Google Search,2025-04-06,270,2,769000,1,2,2,122,Lost
CUST-3839,Gita Ramadhan,Medan,Organic Social,2025-11-17,45,1,243000,4,1,1,411,Potential Loyalist
CUST-3840,Eka Permana,Yogyakarta,Referral,2025-09-27,96,4,1127000,3,3,3,333,Needs Attention
CUST-3841,Reza Maulana,Yogyakarta,TikTok Ads,2025-10-28,65,9,2299000,3,5,4,354,Loyal
CUST-3842,Ayu Ramadhan,Denpasar,Google Search,2025-02-12,323,5,993000,1,4,3,143,Loyal
CUST-3843,Bagus Sukmawati,bekasi,TikTok Ads,2025-10-06,87,8,1402250,3,4,3,343,Loyal
CUST-3844,Bagus Rahayu,Jakarta,Google Search,2025-04-05,271,2,260000,1,2,1,121,Lost
CUST-3845,Wulan Kusuma,Jakarta,Google Search,2024-11-16,411,2,483500,1,2,2,122,Lost
CUST-3846,Erik Suryadi,Jakarta,Referral,2025-10-11,82,4,1119900,3,3,3,333,Needs Attention
CUST-3847,Dewi Gunawan,Makassar,Instagram Ads,2025-09-10,113,1,99000,2,1,1,211,Lost
CUST-3848,Umar Anggraini,Malang,Organic Social,2025-12-31,1,4,1747500,5,3,4,534,Potential Loyalist
CUST-3849,Wawan Kusuma,Jakarta,Instagram Ads,2025-12-29,3,6,1214100,5,4,3,543,Champions
CUST-3850,Nadia Hidayat,Bandung,Instagram Ads,2024-06-13,567,2,962600,1,2,3,123,Lost
CUST-3851,Faisal Firmansyah,Jakarta,Instagram Ads,2025-11-27,35,7,1340750,4,4,3,443,Champions
CUST-3852,Zahra Handoko,Surabaya,TikTok Ads,2025-12-10,22,7,1365500,4,4,3,443,Champions
CUST-3853,Nanda Kurniawan,Bandung,TikTok Ads,,,0,0,,,,,Never Purchased
CUST-3854,Maya Hidayat,Semarang,Marketplace,2025-11-13,49,4,1602800,4,3,4,434,Potential Loyalist
CUST-3855,Omar Kurniawan,Balikpapan,TikTok Ads,2025-07-21,164,4,1106900,2,3,3,233,At-Risk
CUST-3856,Vina Lestari,Semarang,Organic Social,2025-11-05,57,5,1006200,3,4,3,343,Loyal
CUST-3857,Hilda Ramadhan,Depok,Organic Social,2025-11-12,50,5,1089300,4,4,3,443,Champions
CUST-3858,Wawan Gunawan,Jakarta,Organic Social,2025-10-06,87,11,5515400,3,5,5,355,Loyal
CUST-3859,Lukman Saputra,Bogor,TikTok Ads,2025-12-18,14,9,3531700,5,5,5,555,Champions
CUST-3860,Laras Santoso,pekanbaru,TikTok Ads,2025-10-29,64,3,1058550,3,3,3,333,Needs Attention
CUST-3861,Eka Prakoso,Tangerang,Instagram Ads,2025-11-24,38,9,1476500,4,5,4,454,Champions
CUST-3862,Lukman Permana,Surabaya,Marketplace,2025-12-30,2,8,1641350,5,4,4,544,Champions
CUST-3863,Zahra Handoko,jakarta,Instagram Ads,2025-12-07,25,11,1925800,4,5,4,454,Champions
CUST-3864,Faisal Marliana,Medan,Instagram Ads,2025-05-08,238,1,234000,1,1,1,111,Lost
CUST-3865,Putri Santoso,jakarta,TikTok Ads,2024-08-17,502,1,165000,1,1,1,111,Lost
CUST-3866,Vina Utami,Makassar,Instagram Ads,2025-06-12,203,12,4752850,2,5,5,255,Loyal
CUST-3867,Fajar Ramadhan,Jakarta,Referral,2025-12-07,25,4,1107250,4,3,3,433,Potential Loyalist
CUST-3868,Anwar Lestari,Palembang,TikTok Ads,2025-09-09,114,4,1307500,2,3,3,233,At-Risk
CUST-3869,Hilda Permana,Surabaya,Instagram Ads,2025-11-27,35,4,1024200,4,3,3,433,Potential Loyalist
CUST-3870,Omar Handoko,Semarang,Marketplace,2025-04-16,260,1,50000,1,1,1,111,Lost
CUST-3871,Kevin Hartono,Bandung,Marketplace,2025-10-25,68,7,2373700,3,4,4,344,Loyal
CUST-3872,Yoga Wibowo,Depok,Marketplace,2025-12-01,31,16,3729600,4,5,5,455,Champions
CUST-3873,Farah Cahyani,Surabaya,Referral,2025-12-23,9,12,3089150,5,5,5,555,Champions
CUST-3874,Hana Wibowo,Makassar,TikTok Ads,2025-11-10,52,8,2066000,3,4,4,344,Loyal
CUST-3875,Prita Yulianti,Surabaya,TikTok Ads,2025-12-08,24,9,2227750,4,5,4,454,Champions
CUST-3876,Omar Purnama,Bandar Lampung,Organic Social,2025-07-18,167,4,1385000,2,3,3,233,At-Risk
CUST-3877,Laras Yulianti,Balikpapan,Marketplace,2025-05-12,234,2,753000,1,2,2,122,Lost
CUST-3878,Sinta Yulianti,Jakarta,Google Search,2025-12-08,24,1,855000,4,1,3,413,Potential Loyalist
CUST-3879,Prita Anggraini,Bandar Lampung,Instagram Ads,2024-07-08,542,1,322050,1,1,1,111,Lost
CUST-3880,Jasmine Handoko,Jakarta,Instagram Ads,2025-10-14,79,8,2144800,3,4,4,344,Loyal
CUST-3881,Krisna Anggraini,Bandung,Marketplace,2025-12-10,22,7,906000,4,4,3,443,Champions
CUST-3882,Vero Yulianti,Jakarta,Instagram Ads,2025-08-25,129,1,110000,2,1,1,211,Lost
CUST-3883,Vero Kurniawan,Unknown,Instagram Ads,2025-12-31,1,7,1277050,5,4,3,543,Champions
CUST-3884,Tono Setiawan,Makassar,Instagram Ads,2025-12-31,1,4,1019250,5,3,3,533,Potential Loyalist
CUST-3885,Farah Permana,Depok,Organic Social,2025-10-06,87,5,1506500,3,4,4,344,Loyal
CUST-3886,Cindy Cahyani,bandung,Google Search,2025-11-28,34,8,1536200,4,4,4,444,Champions
CUST-3887,Wawan Maulana,Bandung,TikTok Ads,2025-08-09,145,4,1617500,2,3,4,234,At-Risk
CUST-3888,Erik Gunawan,Denpasar,TikTok Ads,2025-12-22,10,3,1230800,5,3,3,533,Potential Loyalist
CUST-3889,Hesti Anggraini,Jakarta,Referral,2025-08-14,140,4,1107450,2,3,3,233,At-Risk
CUST-3890,Putri Santoso,Surabaya,Instagram Ads,2025-12-12,20,9,3765250,4,5,5,455,Champions
CUST-3891,Indra Prakoso,Denpasar,Google Search,2025-09-07,116,17,3562250,2,5,5,255,Loyal
CUST-3892,Adit Kurniawan,Malang,Instagram Ads,2025-04-25,251,5,1637000,1,4,4,144,Loyal
CUST-3893,Fajar Darmawan,Bogor,Google Search,2025-11-21,41,16,3828300,4,5,5,455,Champions
CUST-3894,Wulan Sukmawati,Jakarta,Instagram Ads,2025-08-12,142,2,391200,2,2,2,222,Lost
CUST-3895,Vero Purnama,Solo,Instagram Ads,2025-09-30,93,2,375000,3,2,1,321,Needs Attention
CUST-3896,Dewi Gunawan,Jakarta,Instagram Ads,2025-11-01,61,2,482800,3,2,2,322,Needs Attention
CUST-3897,Yoga Maulana,Surabaya,TikTok Ads,2025-12-28,4,14,2538250,5,5,4,554,Champions
CUST-3898,Wulan Wibowo,Makassar,TikTok Ads,2025-12-01,31,2,918000,4,2,3,423,Potential Loyalist
CUST-3899,Dinda Firmansyah,Depok,TikTok Ads,2025-08-28,126,5,1404000,2,4,3,243,Loyal
CUST-3900,Irfan Kusuma,Bekasi,TikTok Ads,2024-11-01,426,2,318100,1,2,1,121,Lost
CUST-3901,Kartika Cahyani,Denpasar,TikTok Ads,2025-09-26,97,2,754000,3,2,2,322,Needs Attention
CUST-3902,Nanda Wijaya,Jakarta,TikTok Ads,2025-04-28,248,2,859000,1,2,3,123,Lost
CUST-3903,Erik Maulana,Semarang,TikTok Ads,2024-12-30,367,1,20000,1,1,1,111,Lost
CUST-3904,Sari Lestari,Surabaya,Organic Social,2025-12-27,5,11,3416300,5,5,5,555,Champions
CUST-3905,Laras Suryadi,Jakarta,TikTok Ads,2025-08-18,136,5,1102000,2,4,3,243,Loyal
CUST-3906,Vina Marliana,Jakarta,TikTok Ads,2025-11-27,35,13,3582950,4,5,5,455,Champions
CUST-3907,Ulfa Hartono,Depok,TikTok Ads,2025-10-03,90,14,6600000,3,5,5,355,Loyal
CUST-3908,Eka Cahyani,Semarang,Google Search,2025-12-29,3,15,3699000,5,5,5,555,Champions
CUST-3909,Vina Darmawan,Balikpapan,Instagram Ads,2025-08-27,127,2,249000,2,2,1,221,Lost
CUST-3910,Rangga Lestari,Bekasi,Instagram Ads,2024-02-29,672,2,792000,1,2,2,122,Lost
CUST-3911,Anwar Firmansyah,Makassar,TikTok Ads,2025-12-06,26,7,3116000,4,4,5,445,Champions
CUST-3912,Kevin Sukmawati,Malang,Instagram Ads,2025-12-09,23,4,2330150,4,3,4,434,Potential Loyalist
CUST-3913,Dinda Kusuma,Depok,Instagram Ads,2025-12-27,5,5,970700,5,4,3,543,Champions
CUST-3914,Vina Purnama,Jakarta,TikTok Ads,2025-11-26,36,7,1888200,4,4,4,444,Champions
CUST-3915,Sari Darmawan,Makassar,TikTok Ads,2025-10-04,89,2,1240000,3,2,3,323,Needs Attention
CUST-3916,Rizky Maulana,Bekasi,Google Search,2025-05-12,234,1,110000,1,1,1,111,Lost
CUST-3917,Dewi Santoso,Medan,Organic Social,2025-12-05,27,8,1005300,4,4,3,443,Champions
CUST-3918,Jasmine Permana,Malang,Google Search,2025-04-02,274,1,30000,1,1,1,111,Lost
CUST-3919,Zaki Yulianti,jakarta,Organic Social,2025-10-16,77,8,2531650,3,4,4,344,Loyal
CUST-3920,Sari Maulana,Surabaya,Organic Social,2025-08-24,130,4,811000,2,3,3,233,At-Risk
CUST-3921,Hilda Maulana,Bandung,TikTok Ads,2025-11-27,35,2,591200,4,2,2,422,Potential Loyalist
CUST-3922,Dewi Firmansyah,Bandung,TikTok Ads,2025-11-09,53,2,585000,3,2,2,322,Needs Attention
CUST-3923,Ulfa Halim,Jakarta,Referral,2025-05-28,218,1,330000,2,1,1,211,Lost
CUST-3924,Taufik Halim,Depok,Organic Social,2025-02-04,331,4,917000,1,3,3,133,At-Risk
CUST-3925,Yuni Lestari,Unknown,Referral,2025-11-21,41,20,4123600,4,5,5,455,Champions
CUST-3926,Endah Lestari,Bogor,Organic Social,2025-05-26,220,8,2793900,2,4,5,245,Loyal
CUST-3927,Rangga Saputra,Semarang,Marketplace,2025-04-09,267,2,548000,1,2,2,122,Lost
CUST-3928,Ayu Pratama,Unknown,TikTok Ads,2025-10-26,67,4,1096200,3,3,3,333,Needs Attention
CUST-3929,Sinta Yulianti,Makassar,Organic Social,2025-04-05,271,3,1688800,1,3,4,134,At-Risk
CUST-3930,Zaki Gunawan,Tangerang,Instagram Ads,2025-07-05,180,4,1884000,2,3,4,234,At-Risk
CUST-3931,Anwar Kusuma,Medan,TikTok Ads,2025-03-19,288,2,538000,1,2,2,122,Lost
CUST-3932,Ivan Darmawan,Denpasar,Referral,2025-09-12,111,3,710000,2,3,2,232,At-Risk
CUST-3933,Doni Maulana,Bandung,TikTok Ads,2025-11-30,32,2,792500,4,2,2,422,Potential Loyalist
CUST-3934,Vina Permana,Bekasi,Referral,2025-11-11,51,1,265500,3,1,1,311,Needs Attention
CUST-3935,Anwar Maulana,Bandung,TikTok Ads,2025-06-10,205,1,106200,2,1,1,211,Lost
CUST-3936,Lukman Halim,Denpasar,Referral,2025-07-22,163,7,1454400,2,4,3,243,Loyal
CUST-3937,Ulfa Utami,Bogor,Instagram Ads,2025-12-21,11,5,1063000,5,4,3,543,Champions
CUST-3938,Dewi Ramadhan,Jakarta,Instagram Ads,2025-04-02,274,2,771650,1,2,2,122,Lost
CUST-3939,Oki Darmawan,Jakarta,Instagram Ads,2025-08-29,125,4,2745500,2,3,5,235,At-Risk
CUST-3940,Rangga Cahyani,Balikpapan,TikTok Ads,2025-12-07,25,8,3684000,4,4,5,445,Champions
CUST-3941,Wawan Wibowo,Jakarta,Instagram Ads,2025-11-01,61,12,3133050,3,5,5,355,Loyal
CUST-3942,Umar Nugroho,Jakarta,TikTok Ads,2025-12-06,26,9,4226500,4,5,5,455,Champions
CUST-3943,Joko Utami,Unknown,Organic Social,2025-07-01,184,3,1041000,2,3,3,233,At-Risk
CUST-3944,Taufik Sukmawati,Unknown,Google Search,2025-12-23,9,7,1661250,5,4,4,544,Champions
CUST-3945,Galih Gunawan,Balikpapan,Marketplace,2025-08-02,152,3,1589700,2,3,4,234,At-Risk
CUST-3946,Jasmine Rahayu,Jakarta,Organic Social,2025-12-29,3,11,2400800,5,5,4,554,Champions
CUST-3947,Nanda Sukmawati,Bandung,Referral,2025-08-31,123,2,316250,2,2,1,221,Lost
CUST-3948,Gita Hidayat,Depok,TikTok Ads,2024-03-23,649,1,188100,1,1,1,111,Lost
CUST-3949,Galih Ramadhan,Medan,Google Search,2025-06-09,206,1,525000,2,1,2,212,Lost
CUST-3950,Vero Lestari,Tangerang,Google Search,2025-07-10,175,2,1030800,2,2,3,223,Lost
CUST-3951,Zaki Cahyani,Solo,Referral,2025-12-31,1,13,5119500,5,5,5,555,Champions
CUST-3952,Gita Pratama,Unknown,Instagram Ads,2025-12-10,22,7,1933300,4,4,4,444,Champions
CUST-3953,Doni Sukmawati,Bandung,Instagram Ads,2025-06-04,211,5,1558350,2,4,4,244,Loyal
CUST-3954,Galih Setiawan,Surabaya,TikTok Ads,2025-12-05,27,4,1018900,4,3,3,433,Potential Loyalist
CUST-3955,Irfan Cahyani,Medan,Instagram Ads,2025-12-29,3,1,145000,5,1,1,511,Potential Loyalist
CUST-3956,Krisna Darmawan,Bekasi,Organic Social,2025-08-08,146,1,130500,2,1,1,211,Lost
CUST-3957,Maya Yulianti,Medan,TikTok Ads,2025-09-06,117,2,1034000,2,2,3,223,Lost
CUST-3958,Ivan Hartono,Solo,TikTok Ads,2025-09-19,104,3,1304000,3,3,3,333,Needs Attention
CUST-3959,Sari Darmawan,Yogyakarta,Instagram Ads,2025-12-23,9,2,1878200,5,2,4,524,Potential Loyalist
CUST-3960,Adit Santoso,Jakarta,Instagram Ads,2024-11-21,406,1,108750,1,1,1,111,Lost
CUST-3961,Prita Permana,Jakarta,Marketplace,2025-07-17,168,1,226950,2,1,1,211,Lost
CUST-3962,Vero Darmawan,Jakarta,Referral,2025-03-21,286,2,226750,1,2,1,121,Lost
CUST-3963,Bagus Saputra,Surabaya,Referral,2025-09-27,96,5,1211500,3,4,3,343,Loyal
CUST-3964,Oki Yulianti,Bogor,TikTok Ads,2025-12-12,20,10,4648350,4,5,5,455,Champions
CUST-3965,Bagus Rahayu,Makassar,Instagram Ads,2025-09-30,93,2,1443000,3,2,3,323,Needs Attention
CUST-3966,Irfan Sukmawati,Unknown,TikTok Ads,2025-01-16,350,4,2886200,1,3,5,135,At-Risk
CUST-3967,Hilda Rahayu,Unknown,Organic Social,2025-05-07,239,1,490000,1,1,2,112,Lost
CUST-3968,Indra Ramadhan,Semarang,Instagram Ads,2025-10-01,92,1,313500,3,1,1,311,Needs Attention
CUST-3969,Vina Handoko,Jakarta,Instagram Ads,2025-11-28,34,7,2061800,4,4,4,444,Champions
CUST-3970,Laras Yulianti,Surabaya,Marketplace,2025-10-11,82,6,1797000,3,4,4,344,Loyal
CUST-3971,Doni Hidayat,Bogor,Google Search,2025-06-19,196,4,1402000,2,3,3,233,At-Risk
CUST-3972,Dinda Lestari,Bandung,Instagram Ads,2024-11-17,410,2,1191000,1,2,3,123,Lost
CUST-3973,Jihan Ramadhan,Bandar Lampung,Organic Social,2025-09-23,100,7,2192000,3,4,4,344,Loyal
CUST-3974,Maya Rahayu,palembang,Marketplace,2025-12-25,7,15,4434400,5,5,5,555,Champions
CUST-3975,Reza Setiawan,Denpasar,Instagram Ads,2025-09-01,122,6,1484150,2,4,4,244,Loyal
CUST-3976,Umar Darmawan,Medan,Instagram Ads,2025-12-28,4,5,1186350,5,4,3,543,Champions
CUST-3977,Sinta Halim,Bekasi,Instagram Ads,2024-12-26,371,1,100300,1,1,1,111,Lost
CUST-3978,Vina Hidayat,Pekanbaru,Marketplace,2025-12-30,2,1,207400,5,1,1,511,Potential Loyalist
CUST-3979,Jasmine Wibowo,Palembang,Instagram Ads,2024-04-04,637,3,1100000,1,3,3,133,At-Risk
CUST-3980,Endah Kurniawan,Jakarta,TikTok Ads,2025-12-19,13,20,4760050,5,5,5,555,Champions
CUST-3981,Citra Nugroho,Tangerang,Marketplace,2025-07-08,177,5,1838650,2,4,4,244,Loyal
CUST-3982,Adit Suryadi,Jakarta,TikTok Ads,2025-11-18,44,9,2055250,4,5,4,454,Champions
CUST-3983,Galih Halim,Yogyakarta,Instagram Ads,2025-09-03,120,14,2956000,2,5,5,255,Loyal
CUST-3984,Gita Rahayu,Semarang,TikTok Ads,2025-12-26,6,9,1933000,5,5,4,554,Champions
CUST-3985,Rizky Handoko,Medan,Instagram Ads,2025-12-15,17,7,1958400,5,4,4,544,Champions
CUST-3986,Gita Purnama,Bandung,Google Search,2025-10-26,67,3,782000,3,3,2,332,Needs Attention
CUST-3987,Nadia Ramadhan,surabaya,Instagram Ads,2025-12-01,31,5,1905700,4,4,4,444,Champions
CUST-3988,Laras Sukmawati,Bekasi,Referral,2024-01-23,709,1,118000,1,1,1,111,Lost
CUST-3989,Sinta Nugroho,Yogyakarta,Referral,2025-12-27,5,3,310200,5,3,1,531,Potential Loyalist
CUST-3990,Zaki Setiawan,Medan,Google Search,2025-10-14,79,3,733600,3,3,2,332,Needs Attention
CUST-3991,Adit Anggraini,Unknown,Instagram Ads,2025-12-05,27,3,550250,4,3,2,432,Potential Loyalist
CUST-3992,Prita Marliana,Jakarta,TikTok Ads,2025-11-08,54,8,1854300,3,4,4,344,Loyal
CUST-3993,Indra Kusuma,Jakarta,Instagram Ads,2025-12-02,30,7,1611500,4,4,4,444,Champions
CUST-3994,Beni Hidayat,Medan,TikTok Ads,2025-11-09,53,3,2697000,3,3,5,335,Needs Attention
CUST-3995,Zahra Rahayu,Jakarta,Organic Social,2025-03-06,301,3,742100,1,3,2,132,At-Risk
CUST-3996,Hilda Yulianti,Jakarta,TikTok Ads,2024-09-09,479,2,271000,1,2,1,121,Lost
CUST-3997,Nanda Darmawan,Jakarta,Referral,2025-10-29,64,5,1064800,3,4,3,343,Loyal
CUST-3998,Dewi Kurniawan,Bandung,Organic Social,,,0,0,,,,,Never Purchased
CUST-3999,Zaki Rahayu,Jakarta,Marketplace,2025-11-10,52,4,1798450,3,3,4,334,Needs Attention
CUST-4000,Wawan Yulianti,Medan,Referral,2025-12-06,26,19,6958800,4,5,5,455,Champions
CUST-4001,Galih Cahyani,Medan,Instagram Ads,2024-09-07,481,1,156000,1,1,1,111,Lost
CUST-4002,Umar Santoso,Jakarta,Instagram Ads,2025-12-18,14,16,5699400,5,5,5,555,Champions
CUST-4003,Rangga Setiawan,Palembang,Organic Social,2025-12-26,6,19,3816250,5,5,5,555,Champions
CUST-4004,Rizky Setiawan,Bekasi,Instagram Ads,2025-11-10,52,2,420000,3,2,2,322,Needs Attention
CUST-4005,Guntur Ramadhan,Bekasi,TikTok Ads,2025-12-01,31,4,693000,4,3,2,432,Potential Loyalist
CUST-4006,Reza Prakoso,Jakarta,Referral,2025-12-29,3,5,1378300,5,4,3,543,Champions
CUST-4007,Erik Santoso,Medan,Google Search,2025-11-27,35,6,2113400,4,4,4,444,Champions
CUST-4008,Mega Yulianti,Yogyakarta,TikTok Ads,2024-07-19,531,1,500000,1,1,2,112,Lost
CUST-4009,Irfan Hidayat,Bogor,Marketplace,2025-12-14,18,17,4587500,5,5,5,555,Champions
CUST-4010,Farah Wijaya,Bandung,Google Search,2025-12-19,13,9,3309000,5,5,5,555,Champions
CUST-4011,Jihan Santoso,Tangerang,Marketplace,2025-12-21,11,8,1484000,5,4,4,544,Champions
CUST-4012,Endah Hartono,Surabaya,Organic Social,2025-08-11,143,4,897500,2,3,3,233,At-Risk
CUST-4013,Cahya Suryadi,Medan,TikTok Ads,2025-12-28,4,9,2791950,5,5,5,555,Champions
CUST-4014,Umar Marliana,Jakarta,TikTok Ads,2025-11-24,38,3,1832300,4,3,4,434,Potential Loyalist
CUST-4015,Laras Yulianti,Bandung,TikTok Ads,2024-12-11,386,2,521400,1,2,2,122,Lost
CUST-4016,Taufik Pratama,Jakarta,Referral,2025-09-29,94,2,358000,3,2,1,321,Needs Attention
CUST-4017,Farah Gunawan,Unknown,Referral,2025-12-31,1,5,1105500,5,4,3,543,Champions
CUST-4018,Lukman Kurniawan,Jakarta,Organic Social,2025-11-08,54,6,2044200,3,4,4,344,Loyal
CUST-4019,Bayu Yulianti,Denpasar,TikTok Ads,2025-06-09,206,2,618000,2,2,2,222,Lost
CUST-4020,Zaki Anggraini,Jakarta,Instagram Ads,2025-12-14,18,3,642750,5,3,2,532,Potential Loyalist
CUST-4021,Rizky Utami,Denpasar,TikTok Ads,2025-12-17,15,5,757600,5,4,2,542,Champions
CUST-4022,Doni Darmawan,Medan,Instagram Ads,2025-12-06,26,1,252000,4,1,1,411,Potential Loyalist
CUST-4023,Sinta Yulianti,Surabaya,Instagram Ads,2025-07-18,167,2,958200,2,2,3,223,Lost
CUST-4024,Taufik Darmawan,Semarang,Instagram Ads,,,0,0,,,,,Never Purchased
CUST-4025,Rizky Pratama,Depok,Organic Social,2025-11-24,38,1,236000,4,1,1,411,Potential Loyalist
CUST-4026,Rangga Cahyani,Depok,Instagram Ads,2025-02-14,321,5,1742750,1,4,4,144,Loyal
CUST-4027,Wawan Anggraini,Bandar Lampung,TikTok Ads,2025-03-12,295,1,256500,1,1,1,111,Lost
CUST-4028,Wawan Utami,Surabaya,TikTok Ads,2024-08-27,492,2,499500,1,2,2,122,Lost
CUST-4029,Hilda Prakoso,Bogor,Google Search,2025-03-17,290,2,440000,1,2,2,122,Lost
CUST-4030,Hana Purnama,Bandung,Google Search,2025-08-12,142,2,310800,2,2,1,221,Lost
CUST-4031,Yuni Permana,Bekasi,Marketplace,2025-05-02,244,1,356000,1,1,1,111,Lost
CUST-4032,Umar Halim,Semarang,TikTok Ads,2025-11-16,46,5,2085000,4,4,4,444,Champions
CUST-4033,Prita Anggraini,Depok,TikTok Ads,2025-08-25,129,5,1175600,2,4,3,243,Loyal
CUST-4034,Indra Kusuma,Jakarta,Instagram Ads,2025-09-26,97,6,1260000,3,4,3,343,Loyal
CUST-4035,Vero Marliana,Malang,TikTok Ads,2025-12-11,21,5,1947500,4,4,4,444,Champions
CUST-4036,Sinta Halim,Surabaya,TikTok Ads,2025-12-28,4,7,3316250,5,4,5,545,Champions
CUST-4037,Ivan Suryadi,Yogyakarta,Instagram Ads,2025-12-12,20,9,2383000,4,5,4,454,Champions
CUST-4038,Laras Gunawan,Depok,Organic Social,2025-05-14,232,5,2295700,1,4,4,144,Loyal
CUST-4039,Umar Permana,Jakarta,Instagram Ads,2025-11-02,60,5,1198000,3,4,3,343,Loyal
CUST-4040,Adit Suryadi,Jakarta,Instagram Ads,2025-04-22,254,3,919250,1,3,3,133,At-Risk
CUST-4041,Taufik Santoso,Bandung,Instagram Ads,2025-03-20,287,3,1652000,1,3,4,134,At-Risk
CUST-4042,Fajar Sukmawati,Jakarta,Organic Social,2025-12-14,18,10,3063750,5,5,5,555,Champions
CUST-4043,Ivan Suryadi,Surabaya,Google Search,2025-11-06,56,4,1319000,3,3,3,333,Needs Attention
CUST-4044,Indra Handoko,Denpasar,TikTok Ads,2025-11-17,45,5,870000,4,4,3,443,Champions
CUST-4045,Taufik Ramadhan,Denpasar,Google Search,2024-08-06,513,2,424500,1,2,2,122,Lost
CUST-4046,Ayu Wijaya,Bandung,TikTok Ads,2025-12-22,10,8,1421600,5,4,3,543,Champions
CUST-4047,Cahya Saputra,Palembang,Instagram Ads,2025-12-19,13,17,4759700,5,5,5,555,Champions
CUST-4048,Putri Cahyani,Medan,Google Search,2025-03-02,305,1,349000,1,1,1,111,Lost
CUST-4049,Rangga Lestari,Surabaya,TikTok Ads,2025-11-04,58,2,519450,3,2,2,322,Needs Attention
CUST-4050,Yoga Ramadhan,Medan,TikTok Ads,2024-04-06,635,1,318750,1,1,1,111,Lost
CUST-4051,Zaki Wijaya,yogyakarta,Referral,2024-05-29,582,1,290000,1,1,1,111,Lost
CUST-4052,Bagus Hartono,Medan,Instagram Ads,2025-10-30,63,11,3882750,3,5,5,355,Loyal
CUST-4053,Wulan Sukmawati,jakarta,TikTok Ads,2024-10-24,434,2,414250,1,2,2,122,Lost
CUST-4054,Erik Hidayat,Jakarta,Google Search,2025-12-28,4,10,2952100,5,5,5,555,Champions
CUST-4055,Jasmine Nugroho,Bogor,TikTok Ads,2025-12-03,29,1,351000,4,1,1,411,Potential Loyalist
CUST-4056,Citra Prakoso,Balikpapan,Instagram Ads,2025-10-08,85,2,430000,3,2,2,322,Needs Attention
CUST-4057,Bagus Marliana,Medan,Organic Social,2025-08-30,124,2,646000,2,2,2,222,Lost
CUST-4058,Umar Kurniawan,Bandung,Instagram Ads,2025-12-31,1,15,3847200,5,5,5,555,Champions
CUST-4059,Rizky Halim,Medan,TikTok Ads,2025-09-12,111,3,947000,2,3,3,233,At-Risk
CUST-4060,Reza Purnama,Jakarta,Marketplace,2025-10-02,91,1,313500,3,1,1,311,Needs Attention
CUST-4061,Reza Maulana,Unknown,Referral,2025-12-13,19,8,1939750,5,4,4,544,Champions
CUST-4062,Prita Permana,Yogyakarta,Instagram Ads,2025-03-17,290,3,547000,1,3,2,132,At-Risk
CUST-4063,Kartika Hartono,Malang,Marketplace,2024-07-22,528,2,381000,1,2,1,121,Lost
CUST-4064,Farah Permana,Surabaya,Instagram Ads,2025-12-15,17,9,3387400,5,5,5,555,Champions
CUST-4065,Dewi Darmawan,Semarang,Organic Social,2025-12-15,17,10,1470000,5,5,3,553,Champions
CUST-4066,Tono Suryadi,Bandung,Google Search,2025-11-05,57,3,674400,3,3,2,332,Needs Attention
CUST-4067,Tono Pratama,Surabaya,Google Search,2025-07-17,168,1,156000,2,1,1,211,Lost
CUST-4068,Tono Marliana,Surabaya,Instagram Ads,2025-09-18,105,1,207000,3,1,1,311,Needs Attention
CUST-4069,Kevin Wijaya,Surabaya,Instagram Ads,2025-12-27,5,10,2933650,5,5,5,555,Champions
CUST-4070,Sari Kurniawan,Bekasi,Organic Social,2025-02-18,317,1,267000,1,1,1,111,Lost
CUST-4071,Gita Cahyani,Solo,Instagram Ads,2025-03-07,300,3,671400,1,3,2,132,At-Risk
CUST-4072,Guntur Lestari,Yogyakarta,TikTok Ads,2025-09-16,107,2,261300,3,2,1,321,Needs Attention
CUST-4073,Sari Halim,Balikpapan,Marketplace,2024-08-04,515,2,1153000,1,2,3,123,Lost
CUST-4074,Yoga Hidayat,Depok,TikTok Ads,2025-10-25,68,4,722400,3,3,2,332,Needs Attention
CUST-4075,Beni Darmawan,Bandung,Google Search,2025-06-11,204,1,168000,2,1,1,211,Lost
CUST-4076,Faisal Yulianti,Bandung,Marketplace,2025-11-19,43,5,953250,4,4,3,443,Champions
CUST-4077,Kartika Maulana,Solo,Referral,2025-09-12,111,9,4335300,2,5,5,255,Loyal
CUST-4078,Vina Pratama,jakarta,Instagram Ads,2025-11-07,55,1,208250,3,1,1,311,Needs Attention
CUST-4079,Prita Wijaya,jakarta,TikTok Ads,2025-11-29,33,7,2126700,4,4,4,444,Champions
CUST-4080,Umar Halim,Bogor,TikTok Ads,2025-12-27,5,6,885600,5,4,3,543,Champions
CUST-4081,Vero Kurniawan,Yogyakarta,Instagram Ads,2025-11-27,35,15,3710600,4,5,5,455,Champions
CUST-4082,Wulan Cahyani,Makassar,Referral,2024-12-11,386,3,1185000,1,3,3,133,At-Risk
CUST-4083,Laras Utami,Tangerang,Google Search,2025-11-29,33,8,4013250,4,4,5,445,Champions
CUST-4084,Sari Lestari,Bandung,Organic Social,2024-05-18,593,2,324000,1,2,1,121,Lost
CUST-4085,Hesti Suryadi,Bekasi,Google Search,2025-08-22,132,3,819000,2,3,3,233,At-Risk
CUST-4086,Hesti Nugroho,Jakarta,Organic Social,2025-11-30,32,5,719000,4,4,2,442,Champions
CUST-4087,Irfan Prakoso,Bandung,Referral,2025-07-04,181,1,495000,2,1,2,212,Lost
CUST-4088,Joko Permana,Jakarta,Referral,2025-05-27,219,4,1207000,2,3,3,233,At-Risk
CUST-4089,Vero Prakoso,Bandar Lampung,TikTok Ads,2025-10-19,74,4,557300,3,3,2,332,Needs Attention
CUST-4090,Ayu Wijaya,Jakarta,Instagram Ads,2025-12-30,2,17,3779600,5,5,5,555,Champions
CUST-4091,Fajar Gunawan,Depok,Marketplace,2025-09-06,117,3,677200,2,3,2,232,At-Risk
CUST-4092,Sari Firmansyah,Bandung,Marketplace,2025-12-25,7,9,2476500,5,5,4,554,Champions
CUST-4093,Taufik Permana,Jakarta,Marketplace,2025-07-11,174,4,1402950,2,3,3,233,At-Risk
CUST-4094,Dinda Gunawan,Surabaya,Organic Social,2025-06-16,199,1,319200,2,1,1,211,Lost
CUST-4095,Galih Darmawan,Jakarta,TikTok Ads,2025-10-29,64,1,32000,3,1,1,311,Needs Attention
CUST-4096,Yuni Marliana,Medan,Instagram Ads,2025-11-05,57,17,6545850,3,5,5,355,Loyal
CUST-4097,Rangga Kurniawan,Tangerang,Referral,2025-09-15,108,5,1592950,3,4,4,344,Loyal
CUST-4098,Zahra Lestari,Jakarta,TikTok Ads,2025-12-25,7,5,2003500,5,4,4,544,Champions
CUST-4099,Hesti Firmansyah,Pekanbaru,Google Search,2025-04-25,251,1,361250,1,1,1,111,Lost
CUST-4100,Hana Sukmawati,Solo,TikTok Ads,2025-08-04,150,9,2661850,2,5,5,255,Loyal
CUST-4101,Irfan Cahyani,Bogor,TikTok Ads,2025-12-01,31,10,2868350,4,5,5,455,Champions
CUST-4102,Eka Lestari,Bandung,Instagram Ads,2024-05-17,594,2,349550,1,2,1,121,Lost
CUST-4103,Cahya Gunawan,jakarta,Google Search,2025-12-14,18,3,654750,5,3,2,532,Potential Loyalist
CUST-4104,Taufik Saputra,Surabaya,Referral,2025-12-24,8,4,858000,5,3,3,533,Potential Loyalist
CUST-4105,Gita Wijaya,Unknown,Instagram Ads,2025-12-29,3,9,2918650,5,5,5,555,Champions
CUST-4106,Nadia Halim,Bandung,TikTok Ads,2025-12-11,21,7,841650,4,4,3,443,Champions
CUST-4107,Cindy Hidayat,Semarang,Organic Social,2025-11-09,53,6,1627250,3,4,4,344,Loyal
CUST-4108,Hana Maulana,palembang,Marketplace,2025-08-13,141,2,494000,2,2,2,222,Lost
CUST-4109,Taufik Gunawan,Yogyakarta,Marketplace,2025-11-20,42,4,547000,4,3,2,432,Potential Loyalist
CUST-4110,Mega Wibowo,Bandar Lampung,TikTok Ads,,,0,0,,,,,Never Purchased
CUST-4111,Lukman Rahayu,Surabaya,Instagram Ads,2025-12-23,9,4,813500,5,3,3,533,Potential Loyalist
CUST-4112,Wulan Firmansyah,Yogyakarta,Marketplace,2025-07-17,168,10,2846450,2,5,5,255,Loyal
CUST-4113,Nanda Gunawan,Jakarta,TikTok Ads,2024-10-13,445,1,34200,1,1,1,111,Lost
CUST-4114,Bagus Setiawan,Jakarta,Instagram Ads,2025-12-30,2,6,1532700,5,4,4,544,Champions
CUST-4115,Mega Firmansyah,Bekasi,Marketplace,2025-11-26,36,8,2011300,4,4,4,444,Champions
CUST-4116,Nanda Maulana,Surabaya,TikTok Ads,2025-11-07,55,9,2240400,3,5,4,354,Loyal
CUST-4117,Citra Wibowo,jakarta,TikTok Ads,2025-08-25,129,2,246250,2,2,1,221,Lost
CUST-4118,Galih Marliana,Tangerang,Instagram Ads,2025-12-19,13,4,1015800,5,3,3,533,Potential Loyalist
CUST-4119,Beni Gunawan,Surabaya,Organic Social,2025-08-24,130,6,1930800,2,4,4,244,Loyal
CUST-4120,Dewi Kurniawan,Unknown,Google Search,2024-09-10,478,1,168300,1,1,1,111,Lost
CUST-4121,Ivan Prakoso,Surabaya,Marketplace,2024-06-08,572,1,942300,1,1,3,113,Lost
CUST-4122,Faisal Yulianti,Surabaya,Instagram Ads,2025-09-12,111,6,1597250,2,4,4,244,Loyal
CUST-4123,Gita Purnama,Denpasar,Organic Social,2025-10-24,69,4,1277250,3,3,3,333,Needs Attention
CUST-4124,Joko Pratama,Bogor,Organic Social,2025-01-21,345,1,1047000,1,1,3,113,Lost
CUST-4125,Tono Lestari,Jakarta,TikTok Ads,2025-12-26,6,19,5038450,5,5,5,555,Champions
CUST-4126,Yoga Sukmawati,Denpasar,Instagram Ads,2025-12-13,19,2,383400,5,2,2,522,Potential Loyalist
CUST-4127,Ayu Firmansyah,Medan,TikTok Ads,2025-12-15,17,7,3362100,5,4,5,545,Champions
CUST-4128,Nanda Pratama,Semarang,Instagram Ads,2025-06-11,204,1,365750,2,1,1,211,Lost
CUST-4129,Dewi Pratama,depok,Instagram Ads,2025-12-27,5,9,2770250,5,5,5,555,Champions
CUST-4130,Kevin Utami,Jakarta,Marketplace,2025-05-21,225,3,800000,2,3,2,232,At-Risk
CUST-4131,Reza Maulana,Yogyakarta,TikTok Ads,2024-12-27,370,1,739500,1,1,2,112,Lost
CUST-4132,Maya Gunawan,Bandung,Instagram Ads,2025-12-18,14,3,768000,5,3,2,532,Potential Loyalist
CUST-4133,Anwar Lestari,Medan,Google Search,2024-07-20,530,1,280500,1,1,1,111,Lost
CUST-4134,Irfan Permana,Jakarta,Instagram Ads,2025-10-31,62,1,338200,3,1,1,311,Needs Attention
CUST-4135,Fajar Ramadhan,Surabaya,TikTok Ads,2025-09-17,106,2,745000,3,2,2,322,Needs Attention
CUST-4136,Farah Firmansyah,Medan,Instagram Ads,2025-12-22,10,19,5940700,5,5,5,555,Champions
CUST-4137,Cindy Cahyani,Malang,TikTok Ads,2025-11-24,38,4,1352500,4,3,3,433,Potential Loyalist
CUST-4138,Krisna Permana,Jakarta,Organic Social,2025-10-31,62,4,895000,3,3,3,333,Needs Attention
CUST-4139,Bayu Santoso,Yogyakarta,TikTok Ads,2025-01-30,336,4,724000,1,3,2,132,At-Risk
CUST-4140,Farah Permana,Yogyakarta,TikTok Ads,2025-12-10,22,5,1164300,4,4,3,443,Champions
CUST-4141,Joko Hidayat,Jakarta,TikTok Ads,2025-09-26,97,6,1786850,3,4,4,344,Loyal
CUST-4142,Putri Anggraini,Bogor,Instagram Ads,2025-08-28,126,8,2528000,2,4,4,244,Loyal
CUST-4143,Hana Kurniawan,Surabaya,TikTok Ads,2025-10-15,78,9,2527150,3,5,4,354,Loyal
CUST-4144,Hana Kurniawan,Tangerang,Instagram Ads,2025-11-22,40,5,945050,4,4,3,443,Champions
CUST-4145,Fajar Pratama,Jakarta,Instagram Ads,2025-03-22,285,2,1188000,1,2,3,123,Lost
CUST-4146,Hana Prakoso,Bandar Lampung,Instagram Ads,2025-12-11,21,7,2933450,4,4,5,445,Champions
CUST-4147,Taufik Hartono,medan,Instagram Ads,2025-12-04,28,11,4560150,4,5,5,455,Champions
CUST-4148,Nanda Permana,Bandung,Instagram Ads,2025-09-09,114,6,1661000,2,4,4,244,Loyal
CUST-4149,Eka Rahayu,Jakarta,Instagram Ads,2025-09-02,121,2,279000,2,2,1,221,Lost
CUST-4150,Wawan Kurniawan,Pekanbaru,Instagram Ads,2025-08-09,145,1,345000,2,1,1,211,Lost
CUST-4151,Mega Ramadhan,Tangerang,Instagram Ads,2025-07-14,171,2,745000,2,2,2,222,Lost
CUST-4152,Yoga Hidayat,Bandung,Organic Social,2024-03-03,669,1,311100,1,1,1,111,Lost
CUST-4153,Hesti Anggraini,Depok,TikTok Ads,2025-06-27,188,9,3811200,2,5,5,255,Loyal
CUST-4154,Zahra Kurniawan,Jakarta,TikTok Ads,2025-10-11,82,9,2460500,3,5,4,354,Loyal
CUST-4155,Sinta Suryadi,Bandung,Google Search,2025-12-31,1,3,903000,5,3,3,533,Potential Loyalist
CUST-4156,Farah Kurniawan,Depok,TikTok Ads,2025-04-29,247,2,370000,1,2,1,121,Lost
CUST-4157,Nadia Utami,Bandung,Instagram Ads,2025-11-16,46,5,1621500,4,4,4,444,Champions
CUST-4158,Lukman Prakoso,Jakarta,Google Search,2025-11-18,44,5,3078800,4,4,5,445,Champions
CUST-4159,Kartika Maulana,Balikpapan,Referral,2024-12-11,386,2,143800,1,2,1,121,Lost
CUST-4160,Cindy Gunawan,Yogyakarta,TikTok Ads,2025-12-11,21,6,2407600,4,4,4,444,Champions
CUST-4161,Bagus Setiawan,Pekanbaru,Google Search,2025-11-14,48,2,665000,4,2,2,422,Potential Loyalist
CUST-4162,Oki Wibowo,Makassar,Instagram Ads,2025-04-24,252,1,330000,1,1,1,111,Lost
CUST-4163,Ivan Wibowo,Bandar Lampung,TikTok Ads,2024-05-06,605,1,490000,1,1,2,112,Lost
CUST-4164,Dinda Rahayu,Bandung,Google Search,2025-10-18,75,5,2234500,3,4,4,344,Loyal
CUST-4165,Putri Wibowo,Semarang,Organic Social,2025-12-04,28,13,6532000,4,5,5,455,Champions
CUST-4166,Adit Darmawan,Jakarta,Instagram Ads,2025-12-06,26,6,1702450,4,4,4,444,Champions
CUST-4167,Umar Hartono,yogyakarta,Instagram Ads,2025-05-17,229,5,1811500,2,4,4,244,Loyal
CUST-4168,Hilda Santoso,Jakarta,TikTok Ads,2025-06-23,192,2,447800,2,2,2,222,Lost
CUST-4169,Bagus Kusuma,Medan,Marketplace,2025-07-19,166,3,632100,2,3,2,232,At-Risk
CUST-4170,Farah Purnama,Bandung,TikTok Ads,2025-11-05,57,4,616000,3,3,2,332,Needs Attention
CUST-4171,Sinta Purnama,Bandung,Referral,2025-12-13,19,3,509200,5,3,2,532,Potential Loyalist
CUST-4172,Gita Suryadi,Solo,Organic Social,2025-01-28,338,1,178000,1,1,1,111,Lost
CUST-4173,Adit Marliana,Jakarta,Marketplace,2025-12-23,9,2,321300,5,2,1,521,Potential Loyalist
CUST-4174,Yuni Saputra,Jakarta,Referral,2025-11-29,33,10,2266550,4,5,4,454,Champions
CUST-4175,Endah Saputra,Tangerang,Marketplace,2025-12-13,19,1,103500,5,1,1,511,Potential Loyalist
CUST-4176,Galih Cahyani,Malang,Referral,2025-06-07,208,3,854250,2,3,3,233,At-Risk
CUST-4177,Yuni Handoko,Bandar Lampung,TikTok Ads,2025-08-16,138,3,641400,2,3,2,232,At-Risk
CUST-4178,Sinta Yulianti,Bogor,TikTok Ads,2025-11-17,45,10,2800100,4,5,5,455,Champions
CUST-4179,Putri Hidayat,Yogyakarta,Google Search,2025-12-20,12,11,2543400,5,5,4,554,Champions
CUST-4180,Cindy Maulana,depok,Instagram Ads,2025-12-17,15,3,381750,5,3,1,531,Potential Loyalist
CUST-4181,Endah Hartono,Surabaya,Instagram Ads,2025-04-27,249,6,1732350,1,4,4,144,Loyal
CUST-4182,Ulfa Yulianti,Malang,Google Search,2025-04-04,272,1,435000,1,1,2,112,Lost
CUST-4183,Nanda Prakoso,Unknown,Google Search,2025-08-17,137,3,637750,2,3,2,232,At-Risk
CUST-4184,Prita Firmansyah,Tangerang,TikTok Ads,2025-10-15,78,11,4309600,3,5,5,355,Loyal
CUST-4185,Indra Suryadi,yogyakarta,Referral,2025-03-01,306,1,389000,1,1,2,112,Lost
CUST-4186,Mega Halim,Solo,TikTok Ads,2025-12-24,8,20,4813600,5,5,5,555,Champions
CUST-4187,Rizky Wijaya,jakarta,Instagram Ads,2025-12-24,8,18,4677950,5,5,5,555,Champions
CUST-4188,Dinda Lestari,Denpasar,TikTok Ads,2025-08-31,123,2,1225000,2,2,3,223,Lost
CUST-4189,Rangga Darmawan,Surabaya,Referral,2025-12-31,1,1,244000,5,1,1,511,Potential Loyalist
CUST-4190,Adit Wijaya,Makassar,Referral,2025-09-03,120,10,2599550,2,5,5,255,Loyal
CUST-4191,Umar Ramadhan,Semarang,Marketplace,2025-11-01,61,3,923100,3,3,3,333,Needs Attention
CUST-4192,Jasmine Cahyani,Bogor,Organic Social,2025-09-27,96,18,6006250,3,5,5,355,Loyal
CUST-4193,Eka Wijaya,Bogor,Instagram Ads,2025-12-24,8,15,7452450,5,5,5,555,Champions
CUST-4194,Putri Firmansyah,Bandung,Marketplace,2025-12-27,5,10,2197350,5,5,4,554,Champions
CUST-4195,Nadia Halim,Bogor,Instagram Ads,2025-08-11,143,5,650450,2,4,2,242,Loyal
CUST-4196,Nanda Darmawan,Jakarta,Instagram Ads,2025-12-24,8,1,250000,5,1,1,511,Potential Loyalist
CUST-4197,Eka Firmansyah,Tangerang,Google Search,2025-07-12,173,4,1080500,2,3,3,233,At-Risk
CUST-4198,Rangga Darmawan,Solo,Instagram Ads,2024-11-25,402,2,623900,1,2,2,122,Lost
CUST-4199,Prita Hartono,Makassar,Google Search,2025-09-03,120,2,856250,2,2,3,223,Lost
CUST-4200,Joko Utami,Surabaya,Organic Social,2025-10-02,91,10,2423100,3,5,4,354,Loyal
